id,url
v001,https://v.douyin.com/NUs-k6Tw5TM/
v002,https://v.douyin.com/z63h3fneP7A/
v003,https://v.douyin.com/ROof0V5L-Xg/
v004,https://v.douyin.com/b891aUAfw7Q/
v005,https://v.douyin.com/pm5Driz8KAs/
v006,https://v.douyin.com/a86AUWorkjc/
v007,https://v.douyin.com/qv-RWI5tmn4/
v008,https://v.douyin.com/5WlI7nbc1QU/
v009,https://v.douyin.com/EIxo_GcHrUk/
v010,https://v.douyin.com/sQbCETADqvI/
v011,https://v.douyin.com/Iesgh3jegXw/
v012,https://v.douyin.com/Z5Lo_EmFAzU/
v013,https://v.douyin.com/SuINeaxMYGs/
v014,https://v.douyin.com/I2Jtlai1XrI/
v015,https://v.douyin.com/55_4tDaS_0U/
v016,https://v.douyin.com/cJnb3L7FlME/
v017,https://v.douyin.com/Iq4VGHWbdFQ/
v018,https://v.douyin.com/igwvvU_1GDM/
v019,https://v.douyin.com/hhRsLcP9ro4/
v020,https://v.douyin.com/ntg_zLn-KfM/
v021,https://v.douyin.com/SB_AAJA9_ns/
v022,https://v.douyin.com/_aHKanI_iII/
v023,https://www.douyin.com/video/7616657112566959370
v024,https://www.douyin.com/video/7639781257232108843
v025,https://www.douyin.com/video/7639681705515670117
v026,https://www.douyin.com/note/7637091932989176185
v027,https://www.douyin.com/note/7638465952426534106
v028,https://www.douyin.com/video/7635260937146226789
v029,https://www.douyin.com/video/7637529266387324027
v030,https://www.douyin.com/video/7549137197274893619
v031,https://www.douyin.com/video/7632253065944436019
v032,https://www.douyin.com/video/7639750360508836849
v033,https://www.douyin.com/video/7608818004625947066
v034,https://www.douyin.com/video/7638844066735120997
v035,https://www.douyin.com/video/7639989843518988913
v036,https://www.douyin.com/video/7638955811674923758
v037,https://www.douyin.com/note/7639991508204116928
v038,https://www.douyin.com/video/7635930138689031466
v039,https://www.douyin.com/note/7639982426302987749
v040,https://www.douyin.com/video/7639535310775593097
v041,https://www.douyin.com/video/7640024018912840966
v042,https://www.douyin.com/video/7639935065691031217
v043,https://www.douyin.com/video/7639045934197820735
v044,https://www.douyin.com/video/7639983984533121371
v045,https://www.douyin.com/video/7639252416428363060
v046,https://www.douyin.com/video/7639687139814280500
v047,https://www.douyin.com/note/7640047926760213353
v048,https://www.douyin.com/video/7621830541725191443
v049,https://www.douyin.com/video/7639780197977345280
v050,https://www.douyin.com/video/7640047922184260879
v051,https://www.douyin.com/video/7639919702671674687
v052,https://www.douyin.com/note/7639994914322795817
v053,https://www.douyin.com/video/7639989293750116709
v054,https://www.douyin.com/video/7639711798295745253
v055,https://www.douyin.com/video/7639002303018795968
v056,https://www.douyin.com/video/7639825261584026105
v057,https://www.douyin.com/video/7628813416332791066
v058,https://www.douyin.com/video/7639702122921421221
v059,https://www.douyin.com/note/7639827406094783099
v060,https://www.douyin.com/note/7639931341504773297
v061,https://www.douyin.com/video/7639358374122982665
v062,https://www.douyin.com/video/7639735295029628196
v063,https://www.douyin.com/video/7639311133418275274
v064,https://www.douyin.com/video/7635661294553736265
v065,https://www.douyin.com/video/7639434056736830574
v066,https://www.douyin.com/video/7640025298318138996
v067,https://www.douyin.com/video/7639995676852060658
v068,https://www.douyin.com/note/7639773619937599845
v069,https://www.douyin.com/video/7637761545212038410
v070,https://www.douyin.com/note/7640040584400570057
v071,https://www.douyin.com/video/7638942316157586377
v072,https://www.douyin.com/video/7628167745779292303
v073,https://www.douyin.com/note/7640025648795660197
v074,https://www.douyin.com/video/7640009263628176694
v075,https://www.douyin.com/video/7639983359367613730
v076,https://www.douyin.com/video/7639538456860294245
v077,https://www.douyin.com/note/7639524659830052486
v078,https://www.douyin.com/video/7640001707560160575
v079,https://www.douyin.com/video/7640006582926953766
v080,https://www.douyin.com/video/7639772781944589631
v081,https://www.douyin.com/video/7640007753938832649
v082,https://www.douyin.com/note/7639969153189590379
v083,https://www.douyin.com/video/7639723570520762346
v084,https://www.douyin.com/video/7617717330235231529
v085,https://www.douyin.com/video/7351427139947842854
v086,https://www.douyin.com/video/7352089071088454924
v087,https://www.douyin.com/video/7496518016541166899
v088,https://www.douyin.com/video/7158315869448195366
v089,https://www.douyin.com/video/7421837478765645093
v090,https://www.douyin.com/video/7573013003516284198
v091,https://www.douyin.com/video/7639954970716553443
v092,https://www.douyin.com/video/7639664363725926769
v093,https://www.douyin.com/video/7640007716320232015
v094,https://www.douyin.com/note/7639893717906430927
v095,https://www.douyin.com/note/7638148269146706811
v096,https://www.douyin.com/video/7535718305509018920
v097,https://www.douyin.com/note/7536778361126112512
v098,https://www.douyin.com/video/7105728195667840264
v099,https://www.douyin.com/video/7576214196887637283
v100,https://www.douyin.com/note/7639188918705181361
v101,https://www.douyin.com/note/7623378132929629494
v102,https://www.douyin.com/video/7638912549648665763
v103,https://www.douyin.com/video/7639285456789671211
v104,https://www.douyin.com/video/7639319798811348259
v105,https://www.douyin.com/note/7639439662051264377
v106,https://www.douyin.com/video/7639337778622590838
v107,https://www.douyin.com/note/7638957350837480154
v108,https://www.douyin.com/note/7639967814783568497
v109,https://www.douyin.com/note/7639180546611085819
v110,https://www.douyin.com/note/7639646261670635173
v111,https://www.douyin.com/note/7639706065139362673
v112,https://www.douyin.com/note/7638264515558443738
v113,https://www.douyin.com/video/7639670207463656719
v114,https://www.douyin.com/video/7640015063847308579
v115,https://www.douyin.com/video/7640030361065508105
v116,https://www.douyin.com/video/7640017668556246287
v117,https://www.douyin.com/video/7640055919988002086
v118,https://www.douyin.com/video/7640005183069942675
v119,https://www.douyin.com/video/7640007535323352354
v120,https://www.douyin.com/video/7640034741902740788
v121,https://www.douyin.com/video/7640002932829654324
v122,https://www.douyin.com/video/7640004423434931483
v123,https://www.douyin.com/video/7639287448865983759
v124,https://www.douyin.com/video/7639973826599685395
v125,https://www.douyin.com/video/7639880990144330601
v126,https://www.douyin.com/video/7640035253168155834
v127,https://www.douyin.com/note/7640051605370439601
v128,https://www.douyin.com/video/7639781315545468214
v129,https://www.douyin.com/note/7619673956420750630
v130,https://www.douyin.com/video/7637133536134985138
v131,https://www.douyin.com/video/7637957213780184326
v132,https://www.douyin.com/video/7639010588690462186
v133,https://www.douyin.com/video/7638633018433557883
v134,https://www.douyin.com/video/7637827623746578033
v135,https://www.douyin.com/video/7639390075683474697
v136,https://www.douyin.com/video/7628511976510983478
v137,https://www.douyin.com/video/7639962083173420326
v138,https://www.douyin.com/video/7639950883509325110
v139,https://www.douyin.com/video/7142363795438980391
v140,https://www.douyin.com/video/7144317811760860428
v141,https://www.douyin.com/video/7192772742318411011
v142,https://www.douyin.com/video/7220798579768675588
v143,https://www.douyin.com/video/7227117400024567072
v144,https://www.douyin.com/video/7226230214462917920
v145,https://www.douyin.com/video/7239716513748389158
v146,https://www.douyin.com/video/7263331391138483519
v147,https://www.douyin.com/note/7288641043619220775
v148,https://www.douyin.com/note/7329548175151320383
v149,https://www.douyin.com/video/7335867951662337319
v150,https://www.douyin.com/video/7399699057209330985
v151,https://www.douyin.com/video/7399703328147426572
v152,https://www.douyin.com/video/7400236962004749631
v153,https://www.douyin.com/video/7416294826473164084
v154,https://www.douyin.com/video/7417293126299045172
v155,https://www.douyin.com/video/7448470263236283685
v156,https://www.douyin.com/note/7449348944229846323
v157,https://www.douyin.com/video/7450108874079685925
v158,https://www.douyin.com/note/7461268818661297434
v159,https://www.douyin.com/note/7458092990251224346
v160,https://www.douyin.com/video/7464585375927864603
v161,https://www.douyin.com/video/7509808602916457754
v162,https://www.douyin.com/note/7537350227151785242
v163,https://www.douyin.com/note/7639155347986584241
v164,https://www.douyin.com/note/7637508709254332145
v165,https://www.douyin.com/video/7638724827109839348
v166,https://www.douyin.com/video/7628197833677524262
v167,https://www.douyin.com/video/7639912066686116518
v168,https://www.douyin.com/video/7638826694758071226
v169,https://www.douyin.com/video/7632293850488311066
v170,https://www.douyin.com/note/7639650303525558986
v171,https://www.douyin.com/video/7629200528345484596
v172,https://www.douyin.com/video/7638433518367870218
v173,https://www.douyin.com/video/7639268583226215699
v174,https://www.douyin.com/video/7625404379030368713
v175,https://www.douyin.com/video/7632201470360551857
v176,https://www.douyin.com/video/7639756245088159552
v177,https://www.douyin.com/video/7639025219160659578
v178,https://www.douyin.com/video/7639914992237645056
v179,https://www.douyin.com/video/7639768332359507699
v180,https://www.douyin.com/video/7639664919143197606
v181,https://www.douyin.com/note/7639532592208287338
v182,https://www.douyin.com/note/7639562813619449253
v183,https://www.douyin.com/note/7635503649695355323
v184,https://www.douyin.com/note/7639959973507043173
v185,https://www.douyin.com/video/7639647057099321777
v186,https://www.douyin.com/video/7639766851987180827
v187,https://www.douyin.com/video/7637057599237623059
v188,https://www.douyin.com/video/7629307213085035810
v189,https://www.douyin.com/video/7639933277168895598
v190,https://www.douyin.com/note/7639761065941169573
v191,https://www.douyin.com/video/7639723679488498842
v192,https://www.douyin.com/video/7632027782058429750
v193,https://www.douyin.com/video/7639720725583389361
v194,https://www.douyin.com/video/7618509028398967226
v195,https://www.douyin.com/video/7639314245263428883
v196,https://www.douyin.com/video/7633858347610934571
v197,https://www.douyin.com/note/7639788557321821876
v198,https://www.douyin.com/video/7635583833110351142
v199,https://www.douyin.com/note/7638975749198267313
v200,https://www.douyin.com/video/7637901423207874809
v201,https://www.douyin.com/video/7637768879913822577
v202,https://www.douyin.com/video/7639804905625064123
v203,https://www.douyin.com/video/7638896322975665462
v204,https://www.douyin.com/video/7637186882522394353
v205,https://www.douyin.com/video/7637063709479260017
v206,https://www.douyin.com/video/7638677355389848057
v207,https://www.douyin.com/video/7638563756470102437
v208,https://www.douyin.com/video/7166869120032476428
v209,https://www.douyin.com/video/7638650297446960425
v210,https://www.douyin.com/video/7414012888504896804
v211,https://www.douyin.com/video/7632596593262480649
v212,https://www.douyin.com/video/7598526642914430260
v213,https://www.douyin.com/video/7635489911923714213
v214,https://www.douyin.com/video/7631460872418234993
v215,https://www.douyin.com/video/7639701194584147899
v216,https://www.douyin.com/video/7637108876474862902
v217,https://www.douyin.com/video/7639682670770834698
v218,https://www.douyin.com/note/7639325826902805605
v219,https://www.douyin.com/note/7639242746813227618
v220,https://www.douyin.com/video/7639320932066004264
v221,https://www.douyin.com/video/7639261326484704547
v222,https://www.douyin.com/video/7632707169896467712
v223,https://www.douyin.com/video/7639664680260484852
v224,https://www.douyin.com/video/7624361841347329957
v225,https://www.douyin.com/note/7639676510082208113
v226,https://www.douyin.com/note/7639431391713153705
v227,https://www.douyin.com/video/7637509805054623587
v228,https://www.douyin.com/video/7639635514493126585
v229,https://www.douyin.com/video/7636834867791006995
v230,https://www.douyin.com/video/7638927192679795995
v231,https://www.douyin.com/note/7638947493770110449
v232,https://www.douyin.com/video/7628865682009494726
v233,https://www.douyin.com/video/7621145946453546210
v234,https://www.douyin.com/video/7639644593588281471
v235,https://www.douyin.com/video/7639668874136419939
v236,https://www.douyin.com/video/7639678233160578661
v237,https://www.douyin.com/video/7639798853474078002
v238,https://www.douyin.com/note/7639451380164279994
v239,https://www.douyin.com/note/7639746196693989618
v240,https://www.douyin.com/note/7638572615166437110
v241,https://www.douyin.com/video/7639710074688048424
v242,https://www.douyin.com/video/7638486823203749809
v243,https://www.douyin.com/video/7635139330326973732
v244,https://www.douyin.com/video/7636413382610699621
v245,https://www.douyin.com/video/7639920825979018098
v246,https://www.douyin.com/note/7637394142763195610
v247,https://www.douyin.com/video/7638953073550321394
v248,https://www.douyin.com/video/7637847510727347635
v249,https://www.douyin.com/video/7639689102975691251
v250,https://www.douyin.com/video/7637060167338642742
v251,https://www.douyin.com/video/7635178594402932965
v252,https://www.douyin.com/video/7628206828597366054
v253,https://www.douyin.com/video/7637798223750515978
v254,https://www.douyin.com/video/7636401762001374518
v255,https://www.douyin.com/video/7631415379521372846
v256,https://www.douyin.com/video/7634559791084254565
v257,https://www.douyin.com/video/7634553981104900763
v258,https://www.douyin.com/video/7638232813375999272
v259,https://www.douyin.com/video/7639577678311443775
v260,https://www.douyin.com/video/7637205125387406646
v261,https://www.douyin.com/video/7615991737823438065
v262,https://www.douyin.com/video/7637178823197294050
v263,https://www.douyin.com/video/7636025558706572598
v264,https://www.douyin.com/video/7639669589777549797
v265,https://www.douyin.com/video/7639292717243092274
v266,https://www.douyin.com/video/7637368350732995903
v267,https://www.douyin.com/video/7638611095032319268
v268,https://www.douyin.com/video/7638808356077551985
v269,https://www.douyin.com/note/7637010865300416485
v270,https://www.douyin.com/video/7638424433933845605
v271,https://www.douyin.com/note/7639487500856081827
v272,https://www.douyin.com/note/7639788917596775077
v273,https://www.douyin.com/video/7637127109399350574
v274,https://www.douyin.com/video/7639715371301416037
v275,https://www.douyin.com/video/7631193504950143395
v276,https://www.douyin.com/video/7637479126663777588
v277,https://www.douyin.com/video/7639026747400730478
v278,https://www.douyin.com/video/7639444253605379558
v279,https://www.douyin.com/video/7639283522611547430
v280,https://www.douyin.com/video/6847292096819252494
v281,https://www.douyin.com/note/7617754029049863814
v282,https://www.douyin.com/video/7635848683195841521
v283,https://www.douyin.com/video/7575172137556659475
v284,https://www.douyin.com/video/7639796974052560170
v285,https://www.douyin.com/video/7598238926126106278
v286,https://www.douyin.com/video/7638127429727302587
v287,https://www.douyin.com/video/7455876845184060735
v288,https://www.douyin.com/video/7636811330184741305
v289,https://www.douyin.com/video/7632951153874174961
v290,https://www.douyin.com/video/7637709853096795135
v291,https://www.douyin.com/note/7639895993212161930
v292,https://www.douyin.com/video/7639786588244256369
v293,https://www.douyin.com/video/7634167849615422449
v294,https://www.douyin.com/video/7639886146612251942
v295,https://www.douyin.com/video/7639730787386551716
v296,https://www.douyin.com/video/7637403226828066091
v297,https://www.douyin.com/video/7637969320269663529
v298,https://www.douyin.com/video/7639923992921323182
v299,https://www.douyin.com/video/7639904187395886379
v300,https://www.douyin.com/note/7639778937229116282
v301,https://www.douyin.com/video/7639733753807473966
v302,https://www.douyin.com/video/7626001276463166193
v303,https://www.douyin.com/video/7638857714064941221
v304,https://www.douyin.com/video/7626689627705566198
v305,https://www.douyin.com/video/7639739994394955050
v306,https://www.douyin.com/video/7630009080992535482
v307,https://www.douyin.com/video/7617319329776114538
v308,https://www.douyin.com/video/7639197457180217289
v309,https://www.douyin.com/video/7639210056390561060
v310,https://www.douyin.com/video/7637865141010217570
v311,https://www.douyin.com/video/7639372603094202075
v312,https://www.douyin.com/video/7638421607305230298
v313,https://www.douyin.com/video/7637813720252435755
v314,https://www.douyin.com/video/7638944953381856881
v315,https://www.douyin.com/video/7637727938398887141
v316,https://www.douyin.com/video/7639057209820885499
v317,https://www.douyin.com/video/7639041259314671353
v318,https://www.douyin.com/note/7638268682045328371
v319,https://www.douyin.com/video/7639193824740706299
v320,https://www.douyin.com/note/7638517987456235691
v321,https://www.douyin.com/video/7639219581306866963
v322,https://www.douyin.com/note/7639709521452122339
v323,https://www.douyin.com/video/7621838530750975465
v324,https://www.douyin.com/video/7638696682105310921
v325,https://www.douyin.com/video/7634007092919128422
v326,https://www.douyin.com/video/7637033299227398363
v327,https://www.douyin.com/video/7634133427482119466
v328,https://www.douyin.com/note/7639776353448949627
v329,https://www.douyin.com/video/7639298948154297615
v330,https://www.douyin.com/video/7639732486311244018
v331,https://www.douyin.com/video/7639032410446279153
v332,https://www.douyin.com/video/7624356264679640370
v333,https://www.douyin.com/video/7638903243988651209
v334,https://www.douyin.com/note/7638967625929945926
v335,https://www.douyin.com/video/7637806356489096490
v336,https://www.douyin.com/note/7639757491156323647
v337,https://www.douyin.com/video/7507982301616540987
v338,https://www.douyin.com/video/7555678286970375478
v339,https://www.douyin.com/video/7639626923278175514
v340,https://www.douyin.com/video/7522442310522146106
v341,https://www.douyin.com/video/7518421987283471674
v342,https://www.douyin.com/video/7517250389475183931
v343,https://www.douyin.com/video/7464646721616760122
v344,https://www.douyin.com/video/7545296877080988986
v345,https://www.douyin.com/note/7569208319623006458
v346,https://www.douyin.com/note/7589995722905374001
v347,https://www.douyin.com/video/7592615301218480549
v348,https://www.douyin.com/note/7628467585655109541
v349,https://www.douyin.com/note/7637905386771504229
v350,https://www.douyin.com/note/7638184962198572666
v351,https://www.douyin.com/video/7609529490703797542
v352,https://www.douyin.com/video/7639803251038172763
v353,https://www.douyin.com/video/7618172341654129983
v354,https://www.douyin.com/video/7638593718584757350
v355,https://www.douyin.com/note/7639714309911883775
v356,https://www.douyin.com/video/7630784776832152997
v357,https://www.douyin.com/video/7637237401219353919
v358,https://www.douyin.com/note/7617869314255628773
v359,https://www.douyin.com/note/7630423341456053178
v360,https://www.douyin.com/note/7619568094482695141
v361,https://www.douyin.com/note/7634911707865458673
v362,https://www.douyin.com/note/7635475009230913905
v363,https://www.douyin.com/note/7636379117663845489
v364,https://www.douyin.com/note/7639394604572087035
v365,https://www.douyin.com/video/7639273996986453275
v366,https://www.douyin.com/video/7639689092565888249
v367,https://www.douyin.com/video/7625977768585803387
v368,https://www.douyin.com/video/7639473504785648950
v369,https://www.douyin.com/video/7635286106916883750
v370,https://www.douyin.com/video/7637864942246366491
v371,https://www.douyin.com/video/7639664302446886889
v372,https://www.douyin.com/video/7639768068131435699
v373,https://www.douyin.com/video/7621230651550829862
v374,https://www.douyin.com/video/7637130325981809958
v375,https://www.douyin.com/video/7637130330083708210
v376,https://www.douyin.com/video/7637459393201602792
v377,https://www.douyin.com/video/7637276073092205843
v378,https://www.douyin.com/video/7639860278524223843
v379,https://www.douyin.com/video/7638520500020686050
v380,https://www.douyin.com/video/7631870423772302634
v381,https://www.douyin.com/video/7639859924659356499
v382,https://www.douyin.com/video/7624104450839301386
v383,https://www.douyin.com/video/7639718160190459171
v384,https://www.douyin.com/video/7629710625362562355
v385,https://www.douyin.com/video/7526823982897630490
v386,https://www.douyin.com/video/7112309325338561824
v387,https://www.douyin.com/video/7085689653906525479
v388,https://www.douyin.com/note/7639790856161472678
v389,https://www.douyin.com/video/7557554749596568868
v390,https://www.douyin.com/note/7639777682519534001
v391,https://www.douyin.com/video/7639735626716247738
v392,https://www.douyin.com/video/7639334677324549395
v393,https://www.douyin.com/video/7638927353128825434
v394,https://www.douyin.com/video/7639728116185486022
v395,https://www.douyin.com/video/7639283553200573747
v396,https://www.douyin.com/video/7586171280748023074
v397,https://www.douyin.com/note/7629251073337935867
v398,https://www.douyin.com/note/7639773923375185253
v399,https://www.douyin.com/note/7639709998025537957
v400,https://www.douyin.com/note/7639774872943542666
v401,https://www.douyin.com/video/7624730352539487530
v402,https://www.douyin.com/video/7638991909716905225
v403,https://www.douyin.com/video/7637344739175501083
v404,https://www.douyin.com/video/7639809115266551083
v405,https://www.douyin.com/video/7624568162427637038
v406,https://www.douyin.com/video/7639003889631551907
v407,https://www.douyin.com/video/7638559921353281446
v408,https://www.douyin.com/video/7625876179475631402
v409,https://www.douyin.com/video/7629638383291125002
v410,https://www.douyin.com/video/7632662372343090486
v411,https://www.douyin.com/video/7637827707367214355
v412,https://www.douyin.com/video/7638505342200040731
v413,https://www.douyin.com/note/7637893189856510376
v414,https://www.douyin.com/video/7639423122576135395
v415,https://www.douyin.com/video/7633842878065724708
v416,https://www.douyin.com/video/7637696183474245861
v417,https://www.douyin.com/note/7639815080376519075
v418,https://www.douyin.com/note/7638019412134617588
v419,https://www.douyin.com/video/7639757385280909978
v420,https://www.douyin.com/video/7631645572566469907
v421,https://www.douyin.com/video/7639743244074503478
v422,https://www.douyin.com/video/7639423499584523526
v423,https://www.douyin.com/video/7639596468566904099
v424,https://www.douyin.com/video/7639418418357194027
v425,https://www.douyin.com/note/7639382963096999162
v426,https://www.douyin.com/video/7637651783112411721
v427,https://www.douyin.com/note/7633271796306164145
v428,https://www.douyin.com/video/7639695542688647793
v429,https://www.douyin.com/note/7639722096817706985
v430,https://www.douyin.com/video/7634861116409138466
v431,https://www.douyin.com/video/7633793371316975077
v432,https://www.douyin.com/note/7633695032466201073
v433,https://www.douyin.com/note/7633808745629409722
v434,https://www.douyin.com/note/7633812857813475323
v435,https://www.douyin.com/note/7633813323154938737
v436,https://www.douyin.com/note/7633814433738935546
v437,https://www.douyin.com/video/7636323250561342650
v438,https://www.douyin.com/note/7636325919405686649
v439,https://www.douyin.com/note/7637912748831572849
v440,https://www.douyin.com/note/7637910995889792613
v441,https://www.douyin.com/note/7638293522442008421
v442,https://www.douyin.com/note/7638649396176250363
v443,https://www.douyin.com/note/7638636512842746978
v444,https://www.douyin.com/note/7638864005432623168
v445,https://www.douyin.com/note/7638291982918351778
v446,https://www.douyin.com/note/7639382262107422952
v447,https://www.douyin.com/note/7639779808742466467
v448,https://www.douyin.com/video/7639681802273082666
v449,https://www.douyin.com/video/7584790988695162175
v450,https://www.douyin.com/video/7633363914616774066
v451,https://www.douyin.com/video/7639645372364737835
v452,https://www.douyin.com/video/7634653050174524699
v453,https://www.douyin.com/video/7638917744016636009
v454,https://www.douyin.com/note/7630124472859519040
v455,https://www.douyin.com/video/7629339172415088630
v456,https://www.douyin.com/video/7639647826134651087
v457,https://www.douyin.com/video/7626756867155841698
v458,https://www.douyin.com/video/7631491650912570659
v459,https://www.douyin.com/video/7627800283439908532
v460,https://www.douyin.com/video/7623460587283975475
v461,https://www.douyin.com/note/7639731851733727222
v462,https://www.douyin.com/video/7638049875997056187
v463,https://www.douyin.com/note/7638151024766812837
v464,https://www.douyin.com/video/7578812416910265642
v465,https://www.douyin.com/video/7622898524904573155
v466,https://www.douyin.com/video/7638995304776186725
v467,https://www.douyin.com/video/7639714460122247675
v468,https://www.douyin.com/video/7618803888610708745
v469,https://www.douyin.com/video/7616563149189172530
v470,https://www.douyin.com/video/7638888678131092770
v471,https://www.douyin.com/note/7639624246764112040
v472,https://www.douyin.com/video/7260066729517370661
v473,https://www.douyin.com/video/7637779907279326507
v474,https://www.douyin.com/video/7638455172028497844
v475,https://www.douyin.com/note/7639675152376007025
v476,https://www.douyin.com/video/7639684758251567784
v477,https://www.douyin.com/video/7605112958213000457
v478,https://www.douyin.com/note/7638601958467738020
v479,https://www.douyin.com/video/7639703243030861459
v480,https://www.douyin.com/video/7497587997387279616
v481,https://www.douyin.com/video/7636381925724623443
v482,https://www.douyin.com/video/7637156124155710755
v483,https://www.douyin.com/video/7638969932734074121
v484,https://www.douyin.com/video/7637794911740058219
v485,https://www.douyin.com/video/7637687865191955630
v486,https://www.douyin.com/video/7636993365868010610
v487,https://www.douyin.com/video/7638615777758711094
v488,https://www.douyin.com/video/7621377495762639802
v489,https://www.douyin.com/note/7638427457738121330
v490,https://www.douyin.com/video/7637234979097687141
v491,https://www.douyin.com/video/7638181350436973691
v492,https://www.douyin.com/video/7638513460050161322
v493,https://www.douyin.com/video/7637738490168886257
v494,https://www.douyin.com/video/7639569405000981683
v495,https://www.douyin.com/video/7639725863298256166
v496,https://www.douyin.com/video/7639677818346999083
v497,https://www.douyin.com/video/7637845355672928659
v498,https://www.douyin.com/video/7639045944339617344
v499,https://www.douyin.com/video/7637018250975043002
v500,https://www.douyin.com/note/7638228834189679744
v501,https://www.douyin.com/video/7638539512380984614
v502,https://www.douyin.com/video/7638905996379498929
v503,https://www.douyin.com/video/7620775533228169713
v504,https://www.douyin.com/video/7637072414505177523
v505,https://www.douyin.com/video/7637837365481901312
v506,https://www.douyin.com/video/7639586446998834484
v507,https://www.douyin.com/video/7638589108306152719
v508,https://www.douyin.com/video/7639650797541916841
v509,https://www.douyin.com/video/7477197322883960123
v510,https://www.douyin.com/video/7638921521162915099
v511,https://www.douyin.com/note/7639263497977631603
v512,https://www.douyin.com/video/7632674435459539825
v513,https://www.douyin.com/video/7638238762527220731
v514,https://www.douyin.com/video/7592939470681361683
v515,https://www.douyin.com/note/7639965203346743034
v516,https://www.douyin.com/note/7639947360567240613
v517,https://www.douyin.com/note/7638190473736484069
v518,https://www.douyin.com/video/7639290221833588009
v519,https://www.douyin.com/video/7640004282179526312
v520,https://www.douyin.com/video/7638911804441476283
v521,https://www.douyin.com/video/7639633358103874870
v522,https://www.douyin.com/note/7639393057578972623
v523,https://www.douyin.com/video/7637393604335521078
v524,https://www.douyin.com/video/7636394597240799476
v525,https://www.douyin.com/video/7638217589895098021
v526,https://www.douyin.com/note/7359175350200323354
v527,https://www.douyin.com/video/7568791744227439013
v528,https://www.douyin.com/video/7569061995773917147
v529,https://www.douyin.com/video/7580374667689495862
v530,https://www.douyin.com/video/7615062392132716658
v531,https://www.douyin.com/video/7614858359136736250
v532,https://www.douyin.com/note/7615488693444599540
v533,https://www.douyin.com/video/7615586420451694010
v534,https://www.douyin.com/video/7615868403660142577
v535,https://www.douyin.com/video/7618109290646024355
v536,https://www.douyin.com/note/7637912432199320699
v537,https://www.douyin.com/video/7513561246516596028
v538,https://www.douyin.com/video/7621189550011124410
v539,https://www.douyin.com/note/7639296204614176750
v540,https://www.douyin.com/video/7639658804632948841
v541,https://www.douyin.com/video/7640039489632696697
v542,https://www.douyin.com/video/7632286848257456202
v543,https://www.douyin.com/note/7639991267687071333
v544,https://www.douyin.com/video/7621147323640450330
v545,https://www.douyin.com/video/7254010700178279719
v546,https://www.douyin.com/video/7237717195067886903
v547,https://www.douyin.com/video/7557346457469275452
v548,https://www.douyin.com/video/7410417115389365554
v549,https://www.douyin.com/video/7558464424361626906
v550,https://www.douyin.com/video/7464425231638203700
v551,https://www.douyin.com/video/7568432205279763273
v552,https://www.douyin.com/note/7639832488709342312
v553,https://www.douyin.com/note/7639965830767526841
v554,https://www.douyin.com/note/7638989735805084389
v555,https://www.douyin.com/note/7638934228324311153
v556,https://www.douyin.com/video/7639690575050050831
v557,https://www.douyin.com/video/7629039438904133094
v558,https://www.douyin.com/video/7639358369320406308
v559,https://www.douyin.com/video/7636719899099798629
v560,https://www.douyin.com/video/7608880303083490570
v561,https://www.douyin.com/video/7621199872875597119
v562,https://www.douyin.com/video/7628755237847204282
v563,https://www.douyin.com/video/7614363678456718710
v564,https://www.douyin.com/video/7603970724725820715
v565,https://www.douyin.com/video/7602097205826178346
v566,https://www.douyin.com/video/7586089837699140883
v567,https://www.douyin.com/video/7639977527649766137
v568,https://www.douyin.com/video/7640037362810113343
v569,https://www.douyin.com/video/7639036110438283633
v570,https://www.douyin.com/video/7640036986770093241
v571,https://www.douyin.com/video/7636761800628817215
v572,https://www.douyin.com/video/7577594637666258218
v573,https://www.douyin.com/video/7639553804904375141
v574,https://www.douyin.com/video/7516896123081264419
v575,https://www.douyin.com/video/7639750233069014598
v576,https://www.douyin.com/video/7639683777320455451
v577,https://www.douyin.com/note/7638922788484442233
v578,https://www.douyin.com/video/7637547957734083880
v579,https://www.douyin.com/video/7624840726526390450
v580,https://www.douyin.com/video/7631187048619988453
v581,https://www.douyin.com/note/7640090571499859557
v582,https://www.douyin.com/note/7639797543476652786
v583,https://www.douyin.com/video/7623859901042789641
v584,https://www.douyin.com/note/7639736992310272330
v585,https://www.douyin.com/video/7640044471207447854
v586,https://www.douyin.com/video/7639427984839003401
v587,https://www.douyin.com/video/7622552248085695795
v588,https://www.douyin.com/video/7637771760800222483
v589,https://www.douyin.com/note/7631811734608563465
v590,https://www.douyin.com/video/7480092577731988787
v591,https://www.douyin.com/video/7640055212610161966
v592,https://www.douyin.com/video/7639871893784382756
v593,https://www.douyin.com/video/7626997116669283630
v594,https://www.douyin.com/note/7639736861602862178
v595,https://www.douyin.com/note/7639570480034444922
v596,https://www.douyin.com/video/7620342606970704763
v597,https://www.douyin.com/video/7633710053421455707
v598,https://www.douyin.com/video/7632752842684569842
v599,https://www.douyin.com/note/7639901882312514411
v600,https://www.douyin.com/note/7639943077699914816
v601,https://www.douyin.com/note/7629887950327109737
v602,https://www.douyin.com/note/7640079300704868786
v603,https://www.douyin.com/video/7639731943042452736
v604,https://www.douyin.com/video/7619208708057122932
v605,https://www.douyin.com/video/7635930238988484297
v606,https://www.douyin.com/note/7526592859584908584
v607,https://www.douyin.com/note/7639750452799828337
v608,https://www.douyin.com/note/7640030918912304889
v609,https://www.douyin.com/video/7627042242816937257
v610,https://www.douyin.com/video/7639714380833197347
v611,https://www.douyin.com/video/7629699970668459855
v612,https://www.douyin.com/note/7639770528098735013
v613,https://www.douyin.com/video/7639316096701500155
v614,https://www.douyin.com/video/7639447431503303529
v615,https://www.douyin.com/video/7638221610914172223
v616,https://www.douyin.com/note/7638451433058157157
v617,https://www.douyin.com/video/7639346062365011318
v618,https://www.douyin.com/note/7629559795229884020
v619,https://www.douyin.com/video/7638475279924464959
v620,https://www.douyin.com/video/7619113903109192527
v621,https://www.douyin.com/note/7639812607398734331
v622,https://www.douyin.com/video/7638394683026054818
v623,https://www.douyin.com/note/7629348287527411067
v624,https://www.douyin.com/note/7630098830373590385
v625,https://www.douyin.com/video/7640027590132107129
v626,https://www.douyin.com/note/7640034400311079040
v627,https://www.douyin.com/video/7609673275241854950
v628,https://www.douyin.com/video/7638476080404406656
v629,https://www.douyin.com/note/7637429685358119866
v630,https://www.douyin.com/video/7640010273127354506
v631,https://www.douyin.com/video/7635954842628089524
v632,https://www.douyin.com/note/7639688736271881957
v633,https://www.douyin.com/video/7639759546937186149
v634,https://www.douyin.com/video/7623665298205726386
v635,https://www.douyin.com/video/7639889699792282041
v636,https://www.douyin.com/video/7639339710116625017
v637,https://www.douyin.com/note/7640063468086915066
v638,https://www.douyin.com/video/7279271308796431674
v639,https://www.douyin.com/video/7639746385692151075
v640,https://www.douyin.com/note/7639968516104247167
v641,https://www.douyin.com/video/7605042106981160177
v642,https://www.douyin.com/video/7143146785635110151
v643,https://www.douyin.com/video/6951710985891630351
v644,https://www.douyin.com/video/7582877991890357519
v645,https://www.douyin.com/video/7336493363325062454
v646,https://www.douyin.com/video/7399214546998644019
v647,https://www.douyin.com/video/7361108963091385609
v648,https://www.douyin.com/video/7608028263861223562
v649,https://www.douyin.com/video/7633421910151302419
v650,https://www.douyin.com/video/7639677231131790607
v651,https://www.douyin.com/note/7638580307596255909
v652,https://www.douyin.com/note/7640031338484991601
v653,https://www.douyin.com/note/7637859199108651188
v654,https://www.douyin.com/video/7637510104061553871
v655,https://www.douyin.com/video/7631907613160099108
v656,https://www.douyin.com/video/7635494301081947426
v657,https://www.douyin.com/note/7639971725384571514
v658,https://www.douyin.com/video/7621076879591607567
v659,https://www.douyin.com/note/7639762346491588745
v660,https://www.douyin.com/video/7628808389048802943
v661,https://www.douyin.com/video/7638506538969124142
v662,https://www.douyin.com/video/7639985456130421481
v663,https://www.douyin.com/note/7639783830623543030
v664,https://www.douyin.com/video/7631446275213526009
v665,https://www.douyin.com/note/7637534920101633627
v666,https://www.douyin.com/video/7625682511338671411
v667,https://www.douyin.com/video/7638249651531612786
v668,https://www.douyin.com/video/7638542736418088035
v669,https://www.douyin.com/video/7640002283841669626
v670,https://www.douyin.com/note/7639361384395866715
v671,https://www.douyin.com/note/7639636031139489457
v672,https://www.douyin.com/video/7639747634131899502
v673,https://www.douyin.com/note/7640038955715872634
v674,https://www.douyin.com/video/7623000809941159781
v675,https://www.douyin.com/video/7639954318187395699
v676,https://www.douyin.com/video/7625990909113635818
v677,https://www.douyin.com/video/7617411601842425103
v678,https://www.douyin.com/video/7627326772350143754
v679,https://www.douyin.com/video/7636907595730636086
v680,https://www.douyin.com/video/7640000315961928613
v681,https://www.douyin.com/video/7614041627090929754
v682,https://www.douyin.com/video/7631919319568851185
v683,https://www.douyin.com/video/7632301698405922202
v684,https://www.douyin.com/video/7633646396553986481
v685,https://www.douyin.com/video/7635944488234067834
v686,https://www.douyin.com/note/7638078442974089457
v687,https://www.douyin.com/video/7640039621804469093
v688,https://www.douyin.com/note/7375371367333596416
v689,https://www.douyin.com/video/7513080524186340662
v690,https://www.douyin.com/video/7326114350287162624
v691,https://www.douyin.com/video/7601441567647663342
v692,https://www.douyin.com/note/7639228452290060006
v693,https://www.douyin.com/video/7639738957776817446
v694,https://www.douyin.com/video/7634163413781974326
v695,https://www.douyin.com/video/7609156876697246811
v696,https://www.douyin.com/video/7618458208318819611
v697,https://www.douyin.com/video/7636067884564876411
v698,https://www.douyin.com/video/7638607865606835508
v699,https://www.douyin.com/video/7639945145433234408
v700,https://www.douyin.com/video/7640039889195315392
v701,https://www.douyin.com/video/7621501528024665363
v702,https://www.douyin.com/video/7635994954006875419
v703,https://www.douyin.com/video/7639977841811098906
v704,https://www.douyin.com/video/7639972884736012456
v705,https://www.douyin.com/note/7637177558510242162
v706,https://www.douyin.com/video/7637106882762591522
v707,https://www.douyin.com/video/7639694180322790682
v708,https://www.douyin.com/note/7625081535742317285
v709,https://www.douyin.com/video/7630015840213159194
v710,https://www.douyin.com/note/7640025043263299507
v711,https://www.douyin.com/video/7625883906982660687
v712,https://www.douyin.com/note/7640083308286180682
v713,https://www.douyin.com/note/7637742841843057222
v714,https://www.douyin.com/video/7639672631314238774
v715,https://www.douyin.com/video/7639992036633269474
v716,https://www.douyin.com/video/7639669020976191094
v717,https://www.douyin.com/video/7639206260675562802
v718,https://www.douyin.com/video/7638144472539359971
v719,https://www.douyin.com/note/7639957451316194758
v720,https://www.douyin.com/note/7638835570290436005
v721,https://www.douyin.com/video/7623386883241807140
v722,https://www.douyin.com/note/7637899571661758054
v723,https://www.douyin.com/video/7631855683389918514
v724,https://www.douyin.com/video/7640000377789762852
v725,https://www.douyin.com/note/7638789526831404219
v726,https://www.douyin.com/video/7614098364422809829
v727,https://www.douyin.com/video/7524279077546282283
v728,https://www.douyin.com/video/7640021916901148409
v729,https://www.douyin.com/video/7546570531480423743
v730,https://www.douyin.com/video/7577667347932179174
v731,https://www.douyin.com/video/7546157432704093500
v732,https://www.douyin.com/video/7539409243994311974
v733,https://www.douyin.com/video/7538717099905699135
v734,https://www.douyin.com/video/7634525115371326766
v735,https://www.douyin.com/video/7619663374884663462
v736,https://www.douyin.com/video/7638202328222289162
v737,https://www.douyin.com/note/7640153864122010612
v738,https://www.douyin.com/video/7634732432596362419
v739,https://www.douyin.com/video/7627842474216415487
v740,https://www.douyin.com/video/7639706323151750626
v741,https://www.douyin.com/video/7525281915633421618
v742,https://www.douyin.com/video/7640017777385852170
v743,https://www.douyin.com/video/7634399645314211493
v744,https://www.douyin.com/video/7633696690251271439
v745,https://www.douyin.com/video/7630431009218266230
v746,https://www.douyin.com/video/7634203533457231130
v747,https://www.douyin.com/video/7633797385307353690
v748,https://www.douyin.com/video/7640117664032351153
v749,https://www.douyin.com/note/7640268743219018659
v750,https://www.douyin.com/video/7605968702693570639
v751,https://www.douyin.com/video/7614385500171313317
v752,https://www.douyin.com/video/7614488668372326641
v753,https://www.douyin.com/video/7639458263490137380
v754,https://www.douyin.com/video/7633047622793914230
v755,https://www.douyin.com/video/7638611222157430062
v756,https://www.douyin.com/video/7632623355526417715
v757,https://www.douyin.com/video/7638022992328396038
v758,https://www.douyin.com/video/7632668373066818534
v759,https://www.douyin.com/video/7634495612406436084
v760,https://www.douyin.com/video/7635360693092420902
v761,https://www.douyin.com/video/7636525929347225930
v762,https://www.douyin.com/video/7632357794843119013
v763,https://www.douyin.com/video/7635483813270981035
v764,https://www.douyin.com/video/7633221559641050408
v765,https://www.douyin.com/video/7634566614327331209
v766,https://www.douyin.com/video/7640094968577520262
v767,https://www.douyin.com/video/7592922866128145704
v768,https://www.douyin.com/video/7342342218478390540
v769,https://www.douyin.com/video/7342534700172463372
v770,https://www.douyin.com/video/7427902951802391859
v771,https://www.douyin.com/video/7382216736906530058
v772,https://www.douyin.com/video/7299775699974475059
v773,https://www.douyin.com/video/7569517804873944355
v774,https://www.douyin.com/video/7639315479873539391
v775,https://www.douyin.com/video/7637089904261860618
v776,https://www.douyin.com/video/7633798905327983524
v777,https://www.douyin.com/video/7639689681663249727
v778,https://www.douyin.com/video/7620774999015591202
v779,https://www.douyin.com/video/7586598318253788453
v780,https://www.douyin.com/video/7639324564392004910
v781,https://www.douyin.com/note/7637975647550126266
v782,https://www.douyin.com/video/7559421736815463723
v783,https://www.douyin.com/video/7639637821603020155
v784,https://www.douyin.com/video/7639212688745218146
v785,https://www.douyin.com/video/7639251559108605178
v786,https://www.douyin.com/note/7639643456788877553
v787,https://www.douyin.com/video/7640041256403488035
v788,https://www.douyin.com/video/7636798155966663974
v789,https://www.douyin.com/video/7639962511639223131
v790,https://www.douyin.com/note/7639178171107049062
v791,https://www.douyin.com/video/7638887845437148851
v792,https://www.douyin.com/video/7639646664236788042
v793,https://www.douyin.com/video/7636223611783293553
v794,https://www.douyin.com/note/7639577814722678888
v795,https://www.douyin.com/video/7624213565234302214
v796,https://www.douyin.com/video/7638369501603466542
v797,https://www.douyin.com/video/7638349251466120502
v798,https://www.douyin.com/video/7638467788830428435
v799,https://www.douyin.com/video/7638347343423504564
v800,https://www.douyin.com/video/7638548010292747749
v801,https://www.douyin.com/note/7639594787762745843
v802,https://www.douyin.com/video/7636920907226762523
v803,https://www.douyin.com/video/7638927760106229044
v804,https://www.douyin.com/video/7638510172138871625
v805,https://www.douyin.com/video/7639896334618692883
v806,https://www.douyin.com/video/7634807712294980910
v807,https://www.douyin.com/video/7624952252784004387
v808,https://www.douyin.com/video/7621872124289994034
v809,https://www.douyin.com/video/7633090684987698085
v810,https://www.douyin.com/video/7607248933814816036
v811,https://www.douyin.com/video/7640082170305090171
v812,https://www.douyin.com/video/7632744522653317625
v813,https://www.douyin.com/video/7631396019271905379
v814,https://www.douyin.com/video/7627336916569436794
v815,https://www.douyin.com/video/7627688141486296326
v816,https://www.douyin.com/video/7632956888962944298
v817,https://www.douyin.com/video/7636768222783589641
v818,https://www.douyin.com/video/7640322972837825811
v819,https://www.douyin.com/video/7626629893899488555
v820,https://www.douyin.com/note/7633376825956236659
v821,https://www.douyin.com/note/7640389536258293179
v822,https://www.douyin.com/video/7637434958478413094
v823,https://www.douyin.com/video/7636057944027058548
v824,https://www.douyin.com/video/7634103279521402153
v825,https://www.douyin.com/video/7634938732269981171
v826,https://www.douyin.com/video/7479797627127696681
v827,https://www.douyin.com/video/7640169818914206885
v828,https://www.douyin.com/note/7640328329173720474
v829,https://www.douyin.com/video/7627481096629182961
v830,https://www.douyin.com/video/7636991727786496174
v831,https://www.douyin.com/video/7637183406011888049
v832,https://www.douyin.com/video/7636640461867797786
v833,https://www.douyin.com/video/7640293373345058054
v834,https://www.douyin.com/video/7634731445907203913
v835,https://www.douyin.com/video/7636741705380013553
v836,https://www.douyin.com/video/7637205283173049434
v837,https://www.douyin.com/video/7636525830345203802
v838,https://www.douyin.com/video/7633729126105407144
v839,https://www.douyin.com/video/7630135040281981418
v840,https://www.douyin.com/note/7637480345748113125
v841,https://www.douyin.com/video/7639313641611242481
v842,https://www.douyin.com/video/7638962375714032346
v843,https://www.douyin.com/video/7635571000042224121
v844,https://www.douyin.com/video/7638566420381893361
v845,https://www.douyin.com/video/7637076946837570010
v846,https://www.douyin.com/video/7559487562067709211
v847,https://www.douyin.com/video/7638847578776311375
v848,https://www.douyin.com/video/7612570804886326571
v849,https://www.douyin.com/video/7629673512244165578
v850,https://www.douyin.com/video/7639260781885062245
v851,https://www.douyin.com/video/7634537342824767187
v852,https://www.douyin.com/video/7637391938886339890
v853,https://www.douyin.com/video/7635540836151482866
v854,https://www.douyin.com/video/7630749605274339771
v855,https://www.douyin.com/note/7638425538713741029
v856,https://www.douyin.com/video/7640336759390439011
v857,https://www.douyin.com/video/7618219276280843539
v858,https://www.douyin.com/note/7639214928867945448
v859,https://www.douyin.com/note/7638493099132874751
v860,https://www.douyin.com/video/7637090830898155081
v861,https://www.douyin.com/note/7639506628447265435
v862,https://www.douyin.com/video/7614855080688414386
v863,https://www.douyin.com/video/7640009288614343077
v864,https://www.douyin.com/note/7639966245316805503
v865,https://www.douyin.com/note/7637957828372014415
v866,https://www.douyin.com/note/7640301320695558592
v867,https://www.douyin.com/video/7622689485737823538
v868,https://www.douyin.com/video/7640310066322672922
v869,https://www.douyin.com/video/7621027730267573540
v870,https://www.douyin.com/video/7633280341720976666
v871,https://www.douyin.com/video/7639219655009176832
v872,https://www.douyin.com/video/7637165574276163433
v873,https://www.douyin.com/note/7633357593171283238
v874,https://www.douyin.com/note/7640076744016169642
v875,https://www.douyin.com/video/7639999705438637321
v876,https://www.douyin.com/video/7615784657318032731
v877,https://www.douyin.com/video/7390329859496594726
v878,https://www.douyin.com/video/7399682083326627091
v879,https://www.douyin.com/video/7559052684964285723
v880,https://www.douyin.com/video/7137622864668151074
v881,https://www.douyin.com/video/7527639063450881340
v882,https://www.douyin.com/video/7270062220032101667
v883,https://www.douyin.com/video/7610634611722839030
v884,https://www.douyin.com/note/7638320682006527131
v885,https://www.douyin.com/video/7640031270331862308
v886,https://www.douyin.com/video/7639969827813391281
v887,https://www.douyin.com/note/7640380741495312625
v888,https://www.douyin.com/video/7638102024772472118
v889,https://www.douyin.com/note/7638866756761467835
v890,https://www.douyin.com/video/7640110040657976027
v891,https://www.douyin.com/note/7638312740587567014
v892,https://www.douyin.com/video/7635909715055618545
v893,https://www.douyin.com/video/7638331126871805194
v894,https://www.douyin.com/video/7640089779446523642
v895,https://www.douyin.com/video/7639954098885054696
v896,https://www.douyin.com/video/7637070757851368723
v897,https://www.douyin.com/video/7638552179603817843
v898,https://www.douyin.com/video/7638184458462044324
v899,https://www.douyin.com/video/7633412933719969062
v900,https://www.douyin.com/video/7639316578106822799
v901,https://www.douyin.com/video/7628914404716746609
v902,https://www.douyin.com/note/7638210122964233378
v903,https://www.douyin.com/video/7640205350050248650
v904,https://www.douyin.com/video/7640269696123047269
v905,https://www.douyin.com/video/7640113582516047155
v906,https://www.douyin.com/video/7617468604095014376
v907,https://www.douyin.com/video/7637264076327232576
v908,https://www.douyin.com/note/7640082966526726223
v909,https://www.douyin.com/note/7640088140821341769
v910,https://www.douyin.com/video/7634062090424044854
v911,https://www.douyin.com/video/7639374327041897983
v912,https://www.douyin.com/video/7633858340275113257
v913,https://www.douyin.com/video/7639998933678450639
v914,https://www.douyin.com/video/7626693151591578339
v915,https://www.douyin.com/note/7640035998491620974
v916,https://www.douyin.com/video/7638567755993730340
v917,https://www.douyin.com/video/7640269597987392777
v918,https://www.douyin.com/video/7638485744668172712
v919,https://www.douyin.com/note/7639970497971253834
v920,https://www.douyin.com/video/7639977180622537856
v921,https://www.douyin.com/video/7586585705766227259
v922,https://www.douyin.com/video/7639666621539916378
v923,https://www.douyin.com/video/7640249709310957243
v924,https://www.douyin.com/note/7640289788096802417
v925,https://www.douyin.com/video/7629218615112287145
v926,https://www.douyin.com/video/7639983918418654629
v927,https://www.douyin.com/video/7640137406033218033
v928,https://www.douyin.com/note/7640195817056118696
v929,https://www.douyin.com/video/7633796725487996202
v930,https://www.douyin.com/video/7640136941002174649
v931,https://www.douyin.com/video/7639333755156652198
v932,https://www.douyin.com/video/7640176863087930030
v933,https://www.douyin.com/note/7638481685349066356
v934,https://www.douyin.com/video/7566568395110403347
v935,https://www.douyin.com/note/7639377939364062566
v936,https://www.douyin.com/video/7640149822757965062
v937,https://www.douyin.com/video/7632865848985763939
v938,https://www.douyin.com/note/7637511702469455092
v939,https://www.douyin.com/note/7639783243181450211
v940,https://www.douyin.com/note/7640173089431933158
v941,https://www.douyin.com/video/7639906895927323761
v942,https://www.douyin.com/note/7640187418410710523
v943,https://www.douyin.com/video/7621436965593877823
v944,https://www.douyin.com/video/7626675948523418789
v945,https://www.douyin.com/video/7531314312876100891
v946,https://www.douyin.com/video/7639967417032343163
v947,https://www.douyin.com/video/7640222173046508806
v948,https://www.douyin.com/video/7635665907192319266
v949,https://www.douyin.com/video/7639008059663352035
v950,https://www.douyin.com/video/7639329573443833124
v951,https://www.douyin.com/video/7632604194112867584
v952,https://www.douyin.com/video/7637498622473357029
v953,https://www.douyin.com/video/7632345164073274643
v954,https://www.douyin.com/video/7630742911038115078
v955,https://www.douyin.com/video/7626929525682638080
v956,https://www.douyin.com/video/7633723715779317038
v957,https://www.douyin.com/video/7633330572719229155
v958,https://www.douyin.com/video/7639997002645851402
v959,https://www.douyin.com/video/7640056279428168177
v960,https://www.douyin.com/video/7640188073351852475
v961,https://www.douyin.com/video/7638501020095630607
v962,https://www.douyin.com/video/7640144284187905315
v963,https://www.douyin.com/video/7638613400322468346
v964,https://www.douyin.com/video/7639747622848286006
v965,https://www.douyin.com/note/7639751715214954865
v966,https://www.douyin.com/video/7626342290222933696
v967,https://www.douyin.com/video/7639567429254045541
v968,https://www.douyin.com/note/7640309554059785178
v969,https://www.douyin.com/video/7639537465291973258
v970,https://www.douyin.com/video/7640458150362404273
v971,https://www.douyin.com/video/7640407417460722990
v972,https://www.douyin.com/video/7637485908937297161
v973,https://www.douyin.com/video/7640432458400127306
v974,https://www.douyin.com/video/7638317994863824241
v975,https://www.douyin.com/note/7640452426236316090
v976,https://www.douyin.com/video/7640257867152486129
v977,https://www.douyin.com/video/7637102229115260212
v978,https://www.douyin.com/video/7637179817556846243
v979,https://www.douyin.com/video/7637072614908857600
v980,https://www.douyin.com/video/7636687651789131008
v981,https://www.douyin.com/video/7635488823267402954
v982,https://www.douyin.com/note/7636079779766165090
v983,https://www.douyin.com/note/7637948664593389733
v984,https://www.douyin.com/note/7636454825899247269
v985,https://www.douyin.com/note/7635963460584971107
v986,https://www.douyin.com/video/7635872331818110217
v987,https://www.douyin.com/note/7636751324743573163
v988,https://www.douyin.com/video/7637090291316526351
v989,https://www.douyin.com/video/7635307156954189102
v990,https://www.douyin.com/video/7637491392415141171
v991,https://www.douyin.com/video/7634905793942359350
v992,https://www.douyin.com/video/7637440205531765366
v993,https://www.douyin.com/note/7635940392001667577
v994,https://www.douyin.com/note/7635588557788204416
v995,https://www.douyin.com/note/7635846351615679653
v996,https://www.douyin.com/video/7637456392962047066
v997,https://www.douyin.com/video/7638845998776864019
v998,https://www.douyin.com/video/7640484902709792063
v999,https://www.douyin.com/note/7640398258368980325
v1000,https://www.douyin.com/video/7639392384888355941
v1001,https://www.douyin.com/video/7632142315636804907
v1002,https://www.douyin.com/video/7636975535544913206
v1003,https://www.douyin.com/note/7640503958502836194
v1004,https://www.douyin.com/video/7637324106437987603
v1005,https://www.douyin.com/note/7639254128942489960
v1006,https://www.douyin.com/video/7640423609676107058
v1007,https://www.douyin.com/note/7637187600491379195
v1008,https://www.douyin.com/video/7630304313722069477
v1009,https://www.douyin.com/video/7639958550533475618
v1010,https://www.douyin.com/video/7639666356845737718
v1011,https://www.douyin.com/video/7448927652204858634
v1012,https://www.douyin.com/note/7636082638503284965
v1013,https://www.douyin.com/note/7640302660415241649
v1014,https://www.douyin.com/video/7639313834733605604
v1015,https://www.douyin.com/video/7640358572970613873
v1016,https://www.douyin.com/video/7628498451772334693
v1017,https://www.douyin.com/note/7638930267298550501
v1018,https://www.douyin.com/video/7611111840395655781
v1019,https://www.douyin.com/video/7637906406545650609
v1020,https://www.douyin.com/note/7640528002254933065
v1021,https://www.douyin.com/video/7640129518715407635
v1022,https://www.douyin.com/video/7631095884549216177
v1023,https://www.douyin.com/note/7638944342966871793
v1024,https://www.douyin.com/video/7637117568511134991
v1025,https://www.douyin.com/video/7640461150123595940
v1026,https://www.douyin.com/video/7623428331647618347
v1027,https://www.douyin.com/video/7350270515011013897
v1028,https://www.douyin.com/video/7356924849572433204
v1029,https://www.douyin.com/video/7572428637383740699
v1030,https://www.douyin.com/video/7426035423065033995
v1031,https://www.douyin.com/video/7570534606362027903
v1032,https://www.douyin.com/video/7571013194224633846
v1033,https://www.douyin.com/note/7640465387577956538
v1034,https://www.douyin.com/video/7640028624683848948
v1035,https://www.douyin.com/video/7632604846931255931
v1036,https://www.douyin.com/video/7637825955323851769
v1037,https://www.douyin.com/note/7640507494712951013
v1038,https://www.douyin.com/video/7271477512415219000
v1039,https://www.douyin.com/video/7633775987192286473
v1040,https://www.douyin.com/video/7349908457765571866
v1041,https://www.douyin.com/note/7640638826965445738
v1042,https://www.douyin.com/video/7634631513396741819
v1043,https://www.douyin.com/video/7639613472951539625
v1044,https://www.douyin.com/video/7624109880240131355
v1045,https://www.douyin.com/video/7640278859963218787
v1046,https://www.douyin.com/video/7639632594656611626
v1047,https://www.douyin.com/note/7640420046250096869
v1048,https://www.douyin.com/video/7640002760264695473
v1049,https://www.douyin.com/video/7638606909985682554
v1050,https://www.douyin.com/note/7640338637716230116
v1051,https://www.douyin.com/video/7638765414134123819
v1052,https://www.douyin.com/video/7636272355446246671
v1053,https://www.douyin.com/video/7640405582976961818
v1054,https://www.douyin.com/video/7640473913503288603
v1055,https://www.douyin.com/video/7640040195300551401
v1056,https://www.douyin.com/note/7640590288529011813
v1057,https://www.douyin.com/video/7634538650008587547
v1058,https://www.douyin.com/video/7632880951340682532
v1059,https://www.douyin.com/note/7628454841312289637
v1060,https://www.douyin.com/video/7639411352175381775
v1061,https://www.douyin.com/note/7640590832111142843
v1062,https://www.douyin.com/note/7640427252873802929
v1063,https://www.douyin.com/note/7638105365586511744
v1064,https://www.douyin.com/video/7640141566536288249
v1065,https://www.douyin.com/video/7566978742950595882
v1066,https://www.douyin.com/video/7635997054578134386
v1067,https://www.douyin.com/note/7331036947319622963
v1068,https://www.douyin.com/video/7640482526108110107
v1069,https://www.douyin.com/video/7639776462333974121
v1070,https://www.douyin.com/video/7567898834124016955
v1071,https://www.douyin.com/video/7640087156488228132
v1072,https://www.douyin.com/video/7638058033305668883
v1073,https://www.douyin.com/video/7634493917823969891
v1074,https://www.douyin.com/video/7615042296538467625
v1075,https://www.douyin.com/video/7634770276312048305
v1076,https://www.douyin.com/video/7640029984649147891
v1077,https://www.douyin.com/note/7637831769790209907
v1078,https://www.douyin.com/video/7635834580930791075
v1079,https://www.douyin.com/video/7639454520107355435
v1080,https://www.douyin.com/video/7631901414972804392
v1081,https://www.douyin.com/video/7640442841429738661
v1082,https://www.douyin.com/note/7640339986730999729
v1083,https://www.douyin.com/video/7639224594330619163
v1084,https://www.douyin.com/video/7637829772311039274
v1085,https://www.douyin.com/note/7639929721832838841
v1086,https://www.douyin.com/video/7640458285694405942
v1087,https://www.douyin.com/video/7640121541770787941
v1088,https://www.douyin.com/note/7640508308915199970
v1089,https://www.douyin.com/note/7640049609683054193
v1090,https://www.douyin.com/video/7639693331802410292
v1091,https://www.douyin.com/video/7634487625479075923
v1092,https://www.douyin.com/video/7640163537259613466
v1093,https://www.douyin.com/note/7640331408922037434
v1094,https://www.douyin.com/video/7617129486719261539
v1095,https://www.douyin.com/video/7636623679966914275
v1096,https://www.douyin.com/video/7638093000690044773
v1097,https://www.douyin.com/video/7640437160285408518
v1098,https://www.douyin.com/video/7615533028995091739
v1099,https://www.douyin.com/note/7613144016699658868
v1100,https://www.douyin.com/note/7607505440822578323
v1101,https://www.douyin.com/video/7640269963118251316
v1102,https://www.douyin.com/video/7634941908695962353
v1103,https://www.douyin.com/note/7639049500359569024
v1104,https://www.douyin.com/video/7637182308328328625
v1105,https://www.douyin.com/video/7639370126789442481
v1106,https://www.douyin.com/video/7640314879316748921
v1107,https://www.douyin.com/video/7639817378407307109
v1108,https://www.douyin.com/video/7640494951289518193
v1109,https://www.douyin.com/note/7636836125290195625
v1110,https://www.douyin.com/video/7640461199545352421
v1111,https://www.douyin.com/note/7637495814364982961
v1112,https://www.douyin.com/video/7638824944440216878
v1113,https://www.douyin.com/video/7639638092902583604
v1114,https://www.douyin.com/video/7639989661644950794
v1115,https://www.douyin.com/video/7621167422901910969
v1116,https://www.douyin.com/video/7639652237753766651
v1117,https://www.douyin.com/video/7640439564101040218
v1118,https://www.douyin.com/note/7639609589320082789
v1119,https://www.douyin.com/video/7640114614886034149
v1120,https://www.douyin.com/note/7640129154361579194
v1121,https://www.douyin.com/video/7640182511961002662
v1122,https://www.douyin.com/video/7640332309434076442
v1123,https://www.douyin.com/video/7639535166507571365
v1124,https://www.douyin.com/video/7640427117372645221
v1125,https://www.douyin.com/video/7637873566809115914
v1126,https://www.douyin.com/note/7640500198599833062
v1127,https://www.douyin.com/video/7636384340771673491
v1128,https://www.douyin.com/video/7640072395005642361
v1129,https://www.douyin.com/note/7640357296452156517
v1130,https://www.douyin.com/video/7640034466023300453
v1131,https://www.douyin.com/video/7619387076768845071
v1132,https://www.douyin.com/video/7628206361998529777
v1133,https://www.douyin.com/video/7640390783711009698
v1134,https://www.douyin.com/video/7629975802679184650
v1135,https://www.douyin.com/video/7639217214012280114
v1136,https://www.douyin.com/note/7640466765433532005
v1137,https://www.douyin.com/video/7640525838026280233
v1138,https://www.douyin.com/note/7639988525342430975
v1139,https://www.douyin.com/note/7632715668409231010
v1140,https://www.douyin.com/video/7581787488794840335
v1141,https://www.douyin.com/video/7632101034060634234
v1142,https://www.douyin.com/note/7640106816579559138
v1143,https://www.douyin.com/video/7640497963537550598
v1144,https://www.douyin.com/note/7640517669086813034
v1145,https://www.douyin.com/video/7640426861532564799
v1146,https://www.douyin.com/video/7640517411036336838
v1147,https://www.douyin.com/video/7640397616912705378
v1148,https://www.douyin.com/video/7640013632348163391
v1149,https://www.douyin.com/note/7640400575541561969
v1150,https://www.douyin.com/video/7640433231602535722
v1151,https://www.douyin.com/video/7640440636742667530
v1152,https://www.douyin.com/video/7639318498368401593
v1153,https://www.douyin.com/note/7640047928439230885
v1154,https://www.douyin.com/note/7640431123693029819
v1155,https://www.douyin.com/note/7640107084792995994
v1156,https://www.douyin.com/note/7640366237629757066
v1157,https://www.douyin.com/video/7626659027564416271
v1158,https://www.douyin.com/video/7634447155876449562
v1159,https://www.douyin.com/video/7640876904140049664
v1160,https://www.douyin.com/video/7616950407868337459
v1161,https://www.douyin.com/video/7640743026482145786
v1162,https://www.douyin.com/video/7640814060682236819
v1163,https://www.douyin.com/note/7640874452243546816
v1164,https://www.douyin.com/video/7628632265119075610
v1165,https://www.douyin.com/video/7640892078825737507
v1166,https://www.douyin.com/video/7641004069923119729
v1167,https://www.douyin.com/note/7640999451931443931
v1168,https://www.douyin.com/note/7640561889324522859
v1169,https://www.douyin.com/video/7640900543505780014
v1170,https://www.douyin.com/video/7637462342535630090
v1171,https://www.douyin.com/video/7640865957518331176
v1172,https://www.douyin.com/note/7640856207825978042
v1173,https://www.douyin.com/note/7638964582274520548
v1174,https://www.douyin.com/video/7640808277659386515
v1175,https://www.douyin.com/video/7616749828839591187
v1176,https://www.douyin.com/video/7640443290529123603
v1177,https://www.douyin.com/video/7640726734254340026
v1178,https://www.douyin.com/video/7640094872778722612
v1179,https://www.douyin.com/video/7622994805253033252
v1180,https://www.douyin.com/video/7638152941307792646
v1181,https://www.douyin.com/note/7640858480353524131
v1182,https://www.douyin.com/note/7623790209985907170
v1183,https://www.douyin.com/video/7639642336285260515
v1184,https://www.douyin.com/video/7614436808567599217
v1185,https://www.douyin.com/video/7603368846803701030
v1186,https://www.douyin.com/video/7640817243978206516
v1187,https://www.douyin.com/video/7618026459600276771
v1188,https://www.douyin.com/note/7640906387538575835
v1189,https://www.douyin.com/video/7637472668598671098
v1190,https://www.douyin.com/note/7635692969690013361
v1191,https://www.douyin.com/video/7636062161181928806
v1192,https://www.douyin.com/video/7635511849731782778
v1193,https://www.douyin.com/note/7636867784044411764
v1194,https://www.douyin.com/note/7636808385325025947
v1195,https://www.douyin.com/note/7638880392670188977
v1196,https://www.douyin.com/note/7637292426314718131
v1197,https://www.douyin.com/video/7636694820001433460
v1198,https://www.douyin.com/video/7638676172980638705
v1199,https://www.douyin.com/video/7639639010461099237
v1200,https://www.douyin.com/video/7637120141239616930
v1201,https://www.douyin.com/video/7638292846860193058
v1202,https://www.douyin.com/video/7638625487334590882
v1203,https://www.douyin.com/note/7637519049769763942
v1204,https://www.douyin.com/note/7638276833050531761
v1205,https://www.douyin.com/note/7634848247462866496
v1206,https://www.douyin.com/video/7637542592124601838
v1207,https://www.douyin.com/video/7640811823364689202
v1208,https://www.douyin.com/note/7640674734867347876
v1209,https://www.douyin.com/video/7634507207635258687
v1210,https://www.douyin.com/video/7640791712658361636
v1211,https://www.douyin.com/video/7639578104503061802
v1212,https://www.douyin.com/video/7640661123830943843
v1213,https://www.douyin.com/video/7639578534638296741
v1214,https://www.douyin.com/video/7638689134780992794
v1215,https://www.douyin.com/note/7640863029190517439
v1216,https://www.douyin.com/video/7640612450022231334
v1217,https://www.douyin.com/video/7602203659933388078
v1218,https://www.douyin.com/video/7250425194093858059
v1219,https://www.douyin.com/video/7239222932617153829
v1220,https://www.douyin.com/video/7579634902485168558
v1221,https://www.douyin.com/video/7560205793602178364
v1222,https://www.douyin.com/video/7388104684445224226
v1223,https://www.douyin.com/video/7543669455046364457
v1224,https://www.douyin.com/video/7640512711776393215
v1225,https://www.douyin.com/note/7640136117694440625
v1226,https://www.douyin.com/video/7634491512063576930
v1227,https://www.douyin.com/video/7639271119391919402
v1228,https://www.douyin.com/video/7640308551046434082
v1229,https://www.douyin.com/video/7640426866905517318
v1230,https://www.douyin.com/video/7640013809402350875
v1231,https://www.douyin.com/video/7639521715743418547
v1232,https://www.douyin.com/video/7639018573591055622
v1233,https://www.douyin.com/video/7630082041187107763
v1234,https://www.douyin.com/video/7631213257503713871
v1235,https://www.douyin.com/video/7632647427900525802
v1236,https://www.douyin.com/video/7637127673378049330
v1237,https://www.douyin.com/video/7640024292444392750
v1238,https://www.douyin.com/video/7632302346824158117
v1239,https://www.douyin.com/video/7632291612845239909
v1240,https://www.douyin.com/video/7640426852615589174
v1241,https://www.douyin.com/note/7640429888344767931
v1242,https://www.douyin.com/note/7639345017483873210
v1243,https://www.douyin.com/video/7639350507815936185
v1244,https://www.douyin.com/video/7640699966637296911
v1245,https://www.douyin.com/video/7630796266029948022
v1246,https://www.douyin.com/video/7639555706114774757
v1247,https://www.douyin.com/note/7637096763300281329
v1248,https://www.douyin.com/video/7523445826032143673
v1249,https://www.douyin.com/video/7504985733448699195
v1250,https://www.douyin.com/note/7639700781906259834
v1251,https://www.douyin.com/note/7638945632559862961
v1252,https://www.douyin.com/video/7638621794543231174
v1253,https://www.douyin.com/video/7639744039047246770
v1254,https://www.douyin.com/note/7638968905637071793
v1255,https://www.douyin.com/note/7633399379264854257
v1256,https://www.douyin.com/video/7640370594185931493
v1257,https://www.douyin.com/video/7640827265438636145
v1258,https://www.douyin.com/video/7628562439181972731
v1259,https://www.douyin.com/video/7629294754875275689
v1260,https://www.douyin.com/video/7629687433001820389
v1261,https://www.douyin.com/video/7631910331983540977
v1262,https://www.douyin.com/video/7632652425027360442
v1263,https://www.douyin.com/video/7630049301158744753
v1264,https://www.douyin.com/video/7633752555386717797
v1265,https://www.douyin.com/video/7634148789272187057
v1266,https://www.douyin.com/video/7633710536735493242
v1267,https://www.douyin.com/video/7634506595850899045
v1268,https://www.douyin.com/video/7634451499237752825
v1269,https://www.douyin.com/video/7634478725481313274
v1270,https://www.douyin.com/video/7635927478229707690
v1271,https://www.douyin.com/video/7636004951098416315
v1272,https://www.douyin.com/video/7636716482692807163
v1273,https://www.douyin.com/video/7637845572414013690
v1274,https://www.douyin.com/video/7638588130740896177
v1275,https://www.douyin.com/video/7635213897293676648
v1276,https://www.douyin.com/video/6966870240667979045
v1277,https://www.douyin.com/note/7266119498741124411
v1278,https://www.douyin.com/note/7295356151212854578
v1279,https://www.douyin.com/note/7587437421521947941
v1280,https://www.douyin.com/note/7531245857128467770
v1281,https://www.douyin.com/video/7549511604733136185
v1282,https://www.douyin.com/video/7549571555022769465
v1283,https://www.douyin.com/video/7640654521705729307
v1284,https://www.douyin.com/video/7640797368141843377
v1285,https://www.douyin.com/note/7632631173198540150
v1286,https://www.douyin.com/video/7638228267509600499
v1287,https://www.douyin.com/note/7640443592611521189
v1288,https://www.douyin.com/video/7639513287080538545
v1289,https://www.douyin.com/video/7638422444537297274
v1290,https://www.douyin.com/video/7620359081630452998
v1291,https://www.douyin.com/note/7640737260757104497
v1292,https://www.douyin.com/video/7639972203840192646
v1293,https://www.douyin.com/video/7640498087047931257
v1294,https://www.douyin.com/video/7637344304285343205
v1295,https://www.douyin.com/video/7640085539425122502
v1296,https://www.douyin.com/video/7636443464447657593
v1297,https://www.douyin.com/video/7637163754736347057
v1298,https://www.douyin.com/video/7615661328515444657
v1299,https://www.douyin.com/note/7640061694513156721
v1300,https://www.douyin.com/video/7612311730781277459
v1301,https://www.douyin.com/video/7637485147998227766
v1302,https://www.douyin.com/video/7638904588514972027
v1303,https://www.douyin.com/video/7638636793700819557
v1304,https://www.douyin.com/note/7638232913901794937
v1305,https://www.douyin.com/video/7640313902223790050
v1306,https://www.douyin.com/video/7621157578827208933
v1307,https://www.douyin.com/note/7470255867565329723
v1308,https://www.douyin.com/video/7577013126105984187
v1309,https://www.douyin.com/video/7550258296620371209
v1310,https://www.douyin.com/video/7640124356416443727
v1311,https://www.douyin.com/video/7636608559995833641
v1312,https://www.douyin.com/video/7640652768106201846
v1313,https://www.douyin.com/video/7640512885115383433
v1314,https://www.douyin.com/video/7637476051740238203
v1315,https://www.douyin.com/video/7634958148026512054
v1316,https://www.douyin.com/video/7557985934751780159
v1317,https://www.douyin.com/note/7632362677457652900
v1318,https://www.douyin.com/video/7579845114337570409
v1319,https://www.douyin.com/note/7636725325137133267
v1320,https://www.douyin.com/note/7639761296989319615
v1321,https://www.douyin.com/note/7640798487760888682
v1322,https://www.douyin.com/note/7639300542711682451
v1323,https://www.douyin.com/note/7640502920266214139
v1324,https://www.douyin.com/video/7619989635812578138
v1325,https://www.douyin.com/note/7639717247665792698
v1326,https://www.douyin.com/note/7640449378133523685
v1327,https://www.douyin.com/video/7640077510583086822
v1328,https://www.douyin.com/video/7615845826312670474
v1329,https://www.douyin.com/video/7640415893794037608
v1330,https://www.douyin.com/video/7640417683040843237
v1331,https://www.douyin.com/note/7640754419173280497
v1332,https://www.douyin.com/video/7635780730845968378
v1333,https://www.douyin.com/video/7636788301239733530
v1334,https://www.douyin.com/note/7640773010806760355
v1335,https://www.douyin.com/video/7632289991237897513
v1336,https://www.douyin.com/video/7630181559442744154
v1337,https://www.douyin.com/video/7622999509873872170
v1338,https://www.douyin.com/video/7640691528641929588
v1339,https://www.douyin.com/video/7637893913156464015
v1340,https://www.douyin.com/note/7640084671712348905
v1341,https://www.douyin.com/video/7640308295407897894
v1342,https://www.douyin.com/note/7640681318401439881
v1343,https://www.douyin.com/video/7640697394207739172
v1344,https://www.douyin.com/note/7640658535549987057
v1345,https://www.douyin.com/note/7640828896879747754
v1346,https://www.douyin.com/video/7638471339871213755
v1347,https://www.douyin.com/video/7610049941775709290
v1348,https://www.douyin.com/video/7640104614796547050
v1349,https://www.douyin.com/video/7610410375716103012
v1350,https://www.douyin.com/video/7625329324032424356
v1351,https://www.douyin.com/note/7639699720578796851
v1352,https://www.douyin.com/video/7142809028693970190
v1353,https://www.douyin.com/video/7357684687986248975
v1354,https://www.douyin.com/note/7640760712054681842
v1355,https://www.douyin.com/note/7640747387887285839
v1356,https://www.douyin.com/video/7640699711222046644
v1357,https://www.douyin.com/note/7631177176323344357
v1358,https://www.douyin.com/note/7640496481900667099
v1359,https://www.douyin.com/video/7631753606710004998
v1360,https://www.douyin.com/video/7638130946671234350
v1361,https://www.douyin.com/note/7640774794040646003
v1362,https://www.douyin.com/note/7639317358142057189
v1363,https://www.douyin.com/note/7640131610843068260
v1364,https://www.douyin.com/video/7630434253162958131
v1365,https://www.douyin.com/note/7640013550350509818
v1366,https://www.douyin.com/video/7640791940258461882
v1367,https://www.douyin.com/video/7628870472507788195
v1368,https://www.douyin.com/video/7640505074548705122
v1369,https://www.douyin.com/note/7639700326690188715
v1370,https://www.douyin.com/video/7632256132460295295
v1371,https://www.douyin.com/video/7633822965298502905
v1372,https://www.douyin.com/video/7638597339229293874
v1373,https://www.douyin.com/video/7638393088720833819
v1374,https://www.douyin.com/video/7629585642448716708
v1375,https://www.douyin.com/video/7640109897606253824
v1376,https://www.douyin.com/video/7629630305112863146
v1377,https://www.douyin.com/video/7638920401455762726
v1378,https://www.douyin.com/video/7637721424241316197
v1379,https://www.douyin.com/video/7636080283570343400
v1380,https://www.douyin.com/video/7628788729159253678
v1381,https://www.douyin.com/video/7621764922511079155
v1382,https://www.douyin.com/video/7618581359929714290
v1383,https://www.douyin.com/video/7607378377309244681
v1384,https://www.douyin.com/video/7614225519530437952
v1385,https://www.douyin.com/video/7639658329685413172
v1386,https://www.douyin.com/video/7640436298549620145
v1387,https://www.douyin.com/note/7638658878969082098
v1388,https://www.douyin.com/note/7640014916246623306
v1389,https://www.douyin.com/video/7640578846458803813
v1390,https://www.douyin.com/video/7639999759684200275
v1391,https://www.douyin.com/note/7638571955008630692
v1392,https://www.douyin.com/video/7639971160608468081
v1393,https://www.douyin.com/video/7633417843593219379
v1394,https://www.douyin.com/note/7640804573028966065
v1395,https://www.douyin.com/note/7640443713668377705
v1396,https://www.douyin.com/note/7640362066855054578
v1397,https://www.douyin.com/video/7637867688035680622
v1398,https://www.douyin.com/video/7638919573170035323
v1399,https://www.douyin.com/video/7638938295405251876
v1400,https://www.douyin.com/video/7635681480694039993
v1401,https://www.douyin.com/video/7630478546520414938
v1402,https://www.douyin.com/video/7640478625255244194
v1403,https://www.douyin.com/video/7639942384348353786
v1404,https://www.douyin.com/video/7640477103984591610
v1405,https://www.douyin.com/note/7640450360520745715
v1406,https://www.douyin.com/video/7639777945977102257
v1407,https://www.douyin.com/video/7640037004918508810
v1408,https://www.douyin.com/video/7640500570608165449
v1409,https://www.douyin.com/note/7640464707539883685
v1410,https://www.douyin.com/video/7638628546249121379
v1411,https://www.douyin.com/note/7640473558254291194
v1412,https://www.douyin.com/video/7627668919750980457
v1413,https://www.douyin.com/video/7634126330439619763
v1414,https://www.douyin.com/video/7640434569905079674
v1415,https://www.douyin.com/video/7574997945369511055
v1416,https://www.douyin.com/video/7603270154058840933
v1417,https://www.douyin.com/video/7592468216895694193
v1418,https://www.douyin.com/video/7605662863146931877
v1419,https://www.douyin.com/note/7637884231645905123
v1420,https://www.douyin.com/video/7640730303410463141
v1421,https://www.douyin.com/note/7640499110738648562
v1422,https://www.douyin.com/video/7640562486282298042
v1423,https://www.douyin.com/video/7640526427096418024
v1424,https://www.douyin.com/video/7640682906222366628
v1425,https://www.douyin.com/video/7637087418075614502
v1426,https://www.douyin.com/video/7640088493650556532
v1427,https://www.douyin.com/note/7640733348184856229
v1428,https://www.douyin.com/note/7639958699667477689
v1429,https://www.douyin.com/video/7636288911441923347
v1430,https://www.douyin.com/note/7636274824142256369
v1431,https://www.douyin.com/video/7640688021121815217
v1432,https://www.douyin.com/note/7640442328830756794
v1433,https://www.douyin.com/video/7639220652599437539
v1434,https://www.douyin.com/video/7640611854012169393
v1435,https://www.douyin.com/video/7640790189557053626
v1436,https://www.douyin.com/note/7640728234892594368
v1437,https://www.douyin.com/video/7639393032542709155
v1438,https://www.douyin.com/video/7629984666725425530
v1439,https://www.douyin.com/note/7587405527685991707
v1440,https://www.douyin.com/video/7636708794076999589
v1441,https://www.douyin.com/video/7640109330755354993
v1442,https://www.douyin.com/video/7638561207464711891
v1443,https://www.douyin.com/video/7626712272714370367
v1444,https://www.douyin.com/note/7640037664271390906
v1445,https://www.douyin.com/video/7640518574918739109
v1446,https://www.douyin.com/video/7638200185395129586
v1447,https://www.douyin.com/video/7638982381043818597
v1448,https://www.douyin.com/video/7637049288635321626
v1449,https://www.douyin.com/video/7640612285156837371
v1450,https://www.douyin.com/note/7640497724530562730
v1451,https://www.douyin.com/note/7640693144065355647
v1452,https://www.douyin.com/video/7619522061165268259
v1453,https://www.douyin.com/video/7518839024476245259
v1454,https://www.douyin.com/video/7631092323745224186
v1455,https://www.douyin.com/video/7640419648471123087
v1456,https://www.douyin.com/video/7633007776742133028
v1457,https://www.douyin.com/video/7639887451314489082
v1458,https://www.douyin.com/video/7630796787942526259
v1459,https://www.douyin.com/video/7632264041343315008
v1460,https://www.douyin.com/video/7636362644621921574
v1461,https://www.douyin.com/note/7640697839328315377
v1462,https://www.douyin.com/video/7640746532661018786
v1463,https://www.douyin.com/video/7640158702431291505
v1464,https://www.douyin.com/video/7623333982913963877
v1465,https://www.douyin.com/video/7635235679886653937
v1466,https://www.douyin.com/video/7640414588135879866
v1467,https://www.douyin.com/video/7640655381195628718
v1468,https://www.douyin.com/note/7640740859986887355
v1469,https://www.douyin.com/video/7627106038299341459
v1470,https://www.douyin.com/video/7640346127581121830
v1471,https://www.douyin.com/note/7639885509675020361
v1472,https://www.douyin.com/video/7624131826914937762
v1473,https://www.douyin.com/video/7630785585666026918
v1474,https://www.douyin.com/note/7640809580604121956
v1475,https://www.douyin.com/note/7640751974984023153
v1476,https://www.douyin.com/video/7639585824347571441
v1477,https://www.douyin.com/video/7578316819308612873
v1478,https://www.douyin.com/video/7578025713392518513
v1479,https://www.douyin.com/video/7564327019128147251
v1480,https://www.douyin.com/video/7601121333639990562
v1481,https://www.douyin.com/video/7577982151925437546
v1482,https://www.douyin.com/note/7637693026576575610
v1483,https://www.douyin.com/video/7578087168988640911
v1484,https://www.douyin.com/video/7632535003444753893
v1485,https://www.douyin.com/video/7639645166923468095
v1486,https://www.douyin.com/note/7640488508758494479
v1487,https://www.douyin.com/video/7637346899468537123
v1488,https://www.douyin.com/video/7634353503644947874
v1489,https://www.douyin.com/video/7547811454847782198
v1490,https://www.douyin.com/note/7635695910223936177
v1491,https://www.douyin.com/note/7640522864983001969
v1492,https://www.douyin.com/video/7640668675679515122
v1493,https://www.douyin.com/video/7637794248402086470
v1494,https://www.douyin.com/video/7624462233283661082
v1495,https://www.douyin.com/note/7636396805877705189
v1496,https://www.douyin.com/video/7636721738252061994
v1497,https://www.douyin.com/video/7639283894583431086
v1498,https://www.douyin.com/video/7640374917959044388
v1499,https://www.douyin.com/video/7640431978994470163
v1500,https://www.douyin.com/note/7638545801581968975
v1501,https://www.douyin.com/video/7599180037073423659
v1502,https://www.douyin.com/note/7640475708650063784
v1503,https://www.douyin.com/video/7638466993545697896
v1504,https://www.douyin.com/note/7627727520310445402
v1505,https://www.douyin.com/note/7576313236183493297
v1506,https://www.douyin.com/note/7571779646149250310
v1507,https://www.douyin.com/video/6994402779343146276
v1508,https://www.douyin.com/note/7640406572950673078
v1509,https://www.douyin.com/video/7637880334909967679
v1510,https://www.douyin.com/video/7640557538315940601
v1511,https://www.douyin.com/note/7640419746089213129
v1512,https://www.douyin.com/video/7637450658022477091
v1513,https://www.douyin.com/video/7637077650716052736
v1514,https://www.douyin.com/video/7638949590930266033
v1515,https://www.douyin.com/note/7633429774619249145
v1516,https://www.douyin.com/note/7640546175686475513
v1517,https://www.douyin.com/note/7640737855635561387
v1518,https://www.douyin.com/video/7640346201128242470
v1519,https://www.douyin.com/video/7640428711196854779
v1520,https://www.douyin.com/video/7626906037966530944
v1521,https://www.douyin.com/video/7639963312503542946
v1522,https://www.douyin.com/note/7640335423164469410
v1523,https://www.douyin.com/video/7566450571349642505
v1524,https://www.douyin.com/video/7640538789051687488
v1525,https://www.douyin.com/video/7638953786173639972
v1526,https://www.douyin.com/video/7640409277068992369
v1527,https://www.douyin.com/note/7640714600414386155
v1528,https://www.douyin.com/video/7636374825384062449
v1529,https://www.douyin.com/note/7639790387775269499
v1530,https://www.douyin.com/video/7639696126632312057
v1531,https://www.douyin.com/note/7640480485152946018
v1532,https://www.douyin.com/note/7640503061215808635
v1533,https://www.douyin.com/video/7618856146535552138
v1534,https://www.douyin.com/video/7639287756238096250
v1535,https://www.douyin.com/video/7608520305905199345
v1536,https://www.douyin.com/video/7629669554628842417
v1537,https://www.douyin.com/video/7634110465963454171
v1538,https://www.douyin.com/video/7634560214053945754
v1539,https://www.douyin.com/video/7638291973921483449
v1540,https://www.douyin.com/video/7618905828246923505
v1541,https://www.douyin.com/video/7638074162539726178
v1542,https://www.douyin.com/video/7640067477007108337
v1543,https://www.douyin.com/video/7632222414805404978
v1544,https://www.douyin.com/note/7638228875563433573
v1545,https://www.douyin.com/note/7632371454123176164
v1546,https://www.douyin.com/note/7639915598840384113
v1547,https://www.douyin.com/note/7640512941000113738
v1548,https://www.douyin.com/note/7640488555013373434
v1549,https://www.douyin.com/note/7640450571120622843
v1550,https://www.douyin.com/video/7638161279551279481
v1551,https://www.douyin.com/video/7636624258537683315
v1552,https://www.douyin.com/note/7640291100901929855
v1553,https://www.douyin.com/video/7639332384642534691
v1554,https://www.douyin.com/video/7640173740148507046
v1555,https://www.douyin.com/video/7640428121258249522
v1556,https://www.douyin.com/video/7634459275829579017
v1557,https://www.douyin.com/video/7615596593203586725
v1558,https://www.douyin.com/video/7639316056867483002
v1559,https://www.douyin.com/video/7633080768948493925
v1560,https://www.douyin.com/note/7638844885802158299
v1561,https://www.douyin.com/video/7616258125130012314
v1562,https://www.douyin.com/video/7618508181602818303
v1563,https://www.douyin.com/video/7640148537581744730
v1564,https://www.douyin.com/note/7640323041058612570
v1565,https://www.douyin.com/note/7639686821370816421
v1566,https://www.douyin.com/video/7640408799622319395
v1567,https://www.douyin.com/video/7566620854239399210
v1568,https://www.douyin.com/video/7639301111949643049
v1569,https://www.douyin.com/note/7640650006148773105
v1570,https://www.douyin.com/video/7632267180838522162
v1571,https://www.douyin.com/video/7634809455981415409
v1572,https://www.douyin.com/video/7630333839079902510
v1573,https://www.douyin.com/video/7635744214428519722
v1574,https://www.douyin.com/video/7516475603764530490
v1575,https://www.douyin.com/video/7631525101515700665
v1576,https://www.douyin.com/video/7639419661607587082
v1577,https://www.douyin.com/note/7638191169382207737
v1578,https://www.douyin.com/video/7640071679725432804
v1579,https://www.douyin.com/note/7640347752585431790
v1580,https://www.douyin.com/video/7527222582626487615
v1581,https://www.douyin.com/note/7640429865888405126
v1582,https://www.douyin.com/video/7640072580442967330
v1583,https://www.douyin.com/video/7640019940426383481
v1584,https://www.douyin.com/note/7529851963233750335
v1585,https://www.douyin.com/note/7526864279082208527
v1586,https://www.douyin.com/note/7640375745231929957
v1587,https://www.douyin.com/video/7637812798931700998
v1588,https://www.douyin.com/video/7637678162998005035
v1589,https://www.douyin.com/note/7639592425661673894
v1590,https://www.douyin.com/note/7640376558226309349
v1591,https://www.douyin.com/video/7638605755549045706
v1592,https://www.douyin.com/video/7640449979559841651
v1593,https://www.douyin.com/video/7627817601456307557
v1594,https://www.douyin.com/video/7624117645974332283
v1595,https://www.douyin.com/video/7633768860163788051
v1596,https://www.douyin.com/video/7640447140062615717
v1597,https://www.douyin.com/video/7640448234405970801
v1598,https://www.douyin.com/note/7640325927213250368
v1599,https://www.douyin.com/video/7602913695945018643
v1600,https://www.douyin.com/video/7595212760682712362
v1601,https://www.douyin.com/note/7640254954007761523
v1602,https://www.douyin.com/video/7638997774914047267
v1603,https://www.douyin.com/note/7640498532432662516
v1604,https://www.douyin.com/video/7637539808373525775
v1605,https://www.douyin.com/video/7638711562605284662
v1606,https://www.douyin.com/video/7639730893061524772
v1607,https://www.douyin.com/note/7640475757176778959
v1608,https://www.douyin.com/video/7640399680501775609
v1609,https://www.douyin.com/video/7497282114434452799
v1610,https://www.douyin.com/note/7640353633058828367
v1611,https://www.douyin.com/video/7640689394110837498
v1612,https://www.douyin.com/video/7615883366251908406
v1613,https://www.douyin.com/video/7639617580919638385
v1614,https://www.douyin.com/video/7637844199673481546
v1615,https://www.douyin.com/video/7640427345992971953
v1616,https://www.douyin.com/video/7639342963935448320
v1617,https://www.douyin.com/video/7633342488610491513
v1618,https://www.douyin.com/video/7633473028294874542
v1619,https://www.douyin.com/note/7634831302898518962
v1620,https://www.douyin.com/video/7456443618799258889
v1621,https://www.douyin.com/note/7640677284345609970
v1622,https://www.douyin.com/note/7638781889651178609
v1623,https://www.douyin.com/video/7639316859066501887
v1624,https://www.douyin.com/video/7639264094407786122
v1625,https://www.douyin.com/video/7640382955173268465
v1626,https://www.douyin.com/video/7598191191074639142
v1627,https://www.douyin.com/video/7639758467960809130
v1628,https://www.douyin.com/note/7640519585283734015
v1629,https://www.douyin.com/video/7638896361835973898
v1630,https://www.douyin.com/note/7640137198624938658
v1631,https://www.douyin.com/video/7606244771006319898
v1632,https://www.douyin.com/video/7633715750515100970
v1633,https://www.douyin.com/video/7640024956450261745
v1634,https://www.douyin.com/video/7640162238183116086
v1635,https://www.douyin.com/note/7640658991533663153
v1636,https://www.douyin.com/video/7637099596950811840
v1637,https://www.douyin.com/video/7641367031249580390
v1638,https://www.douyin.com/video/7641390222404966571
v1639,https://www.douyin.com/video/7625853737319353638
v1640,https://www.douyin.com/video/7640907506637900479
v1641,https://www.douyin.com/note/7641343457390490533
v1642,https://www.douyin.com/video/7641373740379223635
v1643,https://www.douyin.com/video/7641386892613145849
v1644,https://www.douyin.com/video/7641348873269837952
v1645,https://www.douyin.com/video/7641370857150876938
v1646,https://www.douyin.com/note/7641412512286426106
v1647,https://www.douyin.com/note/7641344457971803365
v1648,https://www.douyin.com/video/7641386896329872049
v1649,https://www.douyin.com/video/7640997359934546085
v1650,https://www.douyin.com/note/7641411417010244467
v1651,https://www.douyin.com/video/7640417482855731045
v1652,https://www.douyin.com/note/7641343443055239025
v1653,https://www.douyin.com/note/7641360478937346650
v1654,https://www.douyin.com/note/7641346341952554233
v1655,https://www.douyin.com/note/7641345594045022137
v1656,https://www.douyin.com/video/7641395485072506202
v1657,https://www.douyin.com/video/7641364661195066730
v1658,https://www.douyin.com/note/7639415115091119089
v1659,https://www.douyin.com/note/7641341506699447653
v1660,https://www.douyin.com/video/7641376771320990985
v1661,https://www.douyin.com/video/7641358014137601320
v1662,https://www.douyin.com/note/7641344326622609586
v1663,https://www.douyin.com/video/7641365505349053617
v1664,https://www.douyin.com/video/7641380137053008027
v1665,https://www.douyin.com/note/7641387120456138993
v1666,https://www.douyin.com/video/7641350142389674426
v1667,https://www.douyin.com/video/7641363629140726385
v1668,https://www.douyin.com/video/7641065033757117723
v1669,https://www.douyin.com/video/7641349023299386085
v1670,https://www.douyin.com/video/7641385172969999562
v1671,https://www.douyin.com/video/7641401191523421492
v1672,https://www.douyin.com/video/7641408291016379674
v1673,https://www.douyin.com/note/7641390490366405873
v1674,https://www.douyin.com/video/7641359745035630203
v1675,https://www.douyin.com/video/7641399820971773234
v1676,https://www.douyin.com/video/7641071861660503302
v1677,https://www.douyin.com/video/7626385473258196275
v1678,https://www.douyin.com/video/7388073954927185161
v1679,https://www.douyin.com/video/7395605727085104393
v1680,https://www.douyin.com/video/7507813575054953743
v1681,https://www.douyin.com/video/7049670640164424968
v1682,https://www.douyin.com/video/7516497158430788874
v1683,https://www.douyin.com/video/7533553353347861769
v1684,https://www.douyin.com/video/7641083408436743475
v1685,https://www.douyin.com/note/7641343902675890361
v1686,https://www.douyin.com/video/7641158110752541994
v1687,https://www.douyin.com/video/7641347748290602484
v1688,https://www.douyin.com/video/7636968103511816817
v1689,https://www.douyin.com/video/7611910608019049747
v1690,https://www.douyin.com/note/7641131976497677049
v1691,https://www.douyin.com/video/7640134932651593002
v1692,https://www.douyin.com/video/7586620285072248110
v1693,https://www.douyin.com/video/7636683592051005114
v1694,https://www.douyin.com/video/7631195413001125604
v1695,https://www.douyin.com/note/7641414072935796019
v1696,https://www.douyin.com/video/7641349502070952774
v1697,https://www.douyin.com/note/7641397012738366330
v1698,https://www.douyin.com/note/7641124225877728485
v1699,https://www.douyin.com/video/7641377696677651045
v1700,https://www.douyin.com/note/7641401918073677734
v1701,https://www.douyin.com/note/7641355862749403974
v1702,https://www.douyin.com/video/7641389818366217512
v1703,https://www.douyin.com/video/7641341539444900209
v1704,https://www.douyin.com/video/7641398964042316782
v1705,https://www.douyin.com/video/7641382956765924659
v1706,https://www.douyin.com/video/7641361756178238783
v1707,https://www.douyin.com/video/7641370363795868934
v1708,https://www.douyin.com/video/7641340641141640491
v1709,https://www.douyin.com/video/7641385718920564003
v1710,https://www.douyin.com/note/7641351393279181491
v1711,https://www.douyin.com/video/7641347396790967290
v1712,https://www.douyin.com/video/7641360907281941477
v1713,https://www.douyin.com/note/7641066023684649946
v1714,https://www.douyin.com/video/7641390541426445610
v1715,https://www.douyin.com/video/7641354895724296954
v1716,https://www.douyin.com/note/7641404790480289509
v1717,https://www.douyin.com/video/7641351941340365745
v1718,https://www.douyin.com/video/7641385442834833530
v1719,https://www.douyin.com/video/7641378964812055289
v1720,https://www.douyin.com/note/7641376524830635185
v1721,https://www.douyin.com/video/7641380607012687464
v1722,https://www.douyin.com/video/7641375966808462757
v1723,https://www.douyin.com/video/7641354099778161939
v1724,https://www.douyin.com/video/7641354118431378342
v1725,https://www.douyin.com/video/7632143268629519205
v1726,https://www.douyin.com/video/7639037826629160198
v1727,https://www.douyin.com/video/7638957263164802417
v1728,https://www.douyin.com/video/7640364080754199844
v1729,https://www.douyin.com/note/7641306642928479842
v1730,https://www.douyin.com/video/7641166101073759514
v1731,https://www.douyin.com/video/7641151257813607882
v1732,https://www.douyin.com/note/7641381825613600426
v1733,https://www.douyin.com/note/7641388384166845433
v1734,https://www.douyin.com/note/7641375740525684987
v1735,https://www.douyin.com/video/7641344191682874650
v1736,https://www.douyin.com/video/7641209487147181682
v1737,https://www.douyin.com/note/7640911410460911459
v1738,https://www.douyin.com/video/7577760436013109874
v1739,https://www.douyin.com/video/7581955320272932133
v1740,https://www.douyin.com/video/7639991613644672296
v1741,https://www.douyin.com/video/6457291595220782350
v1742,https://www.douyin.com/video/6449587010402258190
v1743,https://www.douyin.com/video/6446248535342976269
v1744,https://www.douyin.com/video/6439661679922908429
v1745,https://www.douyin.com/video/6436564092571356418
v1746,https://www.douyin.com/note/7641106490309393585
v1747,https://www.douyin.com/video/7592277060187816049
v1748,https://www.douyin.com/video/7622294802260725611
v1749,https://www.douyin.com/video/7566394699255762219
v1750,https://www.douyin.com/video/7501212814897712403
v1751,https://www.douyin.com/video/7516856008086981898
v1752,https://www.douyin.com/video/7586571358106045759
v1753,https://www.douyin.com/video/7588064644612810661
v1754,https://www.douyin.com/video/7640889894054710554
v1755,https://www.douyin.com/video/7634001369023745322
v1756,https://www.douyin.com/note/7632980328425255595
v1757,https://www.douyin.com/video/7637747988957679284
v1758,https://www.douyin.com/video/7640841500671381882
v1759,https://www.douyin.com/video/7635272763091170234
v1760,https://www.douyin.com/video/7640850995894931648
v1761,https://www.douyin.com/video/7639202492446263161
v1762,https://www.douyin.com/note/7641225626725658227
v1763,https://www.douyin.com/note/7639013340152749711
v1764,https://www.douyin.com/video/7636410887498581681
v1765,https://www.douyin.com/note/7640976577345780665
v1766,https://www.douyin.com/video/7637050678606597386
v1767,https://www.douyin.com/note/7640797017061486565
v1768,https://www.douyin.com/video/7625865631027558905
v1769,https://www.douyin.com/video/7612171226668869967
v1770,https://www.douyin.com/note/7640871541383080614
v1771,https://www.douyin.com/note/7637290387342570405
v1772,https://www.douyin.com/video/7637090361805999401
v1773,https://www.douyin.com/video/7635161549958582778
v1774,https://www.douyin.com/note/7640700907424497061
v1775,https://www.douyin.com/video/7622996603913509876
v1776,https://www.douyin.com/video/7639402883713222638
v1777,https://www.douyin.com/video/7639656454147869952
v1778,https://www.douyin.com/video/7640805002152609786
v1779,https://www.douyin.com/video/7640448474891519217
v1780,https://www.douyin.com/note/7641097639534850042
v1781,https://www.douyin.com/video/7636666189464292627
v1782,https://www.douyin.com/note/7640860954582295145
v1783,https://www.douyin.com/video/7641100374674204776
v1784,https://www.douyin.com/note/7640720189445765096
v1785,https://www.douyin.com/video/7639581921453870390
v1786,https://www.douyin.com/video/7641176663485707238
v1787,https://www.douyin.com/video/7640794321785142400
v1788,https://www.douyin.com/video/7640694748148440995
v1789,https://www.douyin.com/video/7640866977082970490
v1790,https://www.douyin.com/video/7640562859219865506
v1791,https://www.douyin.com/note/7641169621341746127
v1792,https://www.douyin.com/video/7608126106222333190
v1793,https://www.douyin.com/video/7599957296155757864
v1794,https://www.douyin.com/video/7622584287086267654
v1795,https://www.douyin.com/video/7632257524921552168
v1796,https://www.douyin.com/video/7640847206442878882
v1797,https://www.douyin.com/note/7640910582720471174
v1798,https://www.douyin.com/video/7641204171772890378
v1799,https://www.douyin.com/video/7641079427329248512
v1800,https://www.douyin.com/note/7640669907469750955
v1801,https://www.douyin.com/video/7639013334314136698
v1802,https://www.douyin.com/video/7641094737147380617
v1803,https://www.douyin.com/video/7637522098030940776
v1804,https://www.douyin.com/video/7640794533659800293
v1805,https://www.douyin.com/video/6900917865109605647
v1806,https://www.douyin.com/video/7012971431592004904
v1807,https://www.douyin.com/video/6927242223297793295
v1808,https://www.douyin.com/video/7051557088589368610
v1809,https://www.douyin.com/note/7366224752471559459
v1810,https://www.douyin.com/note/7638442825022098361
v1811,https://www.douyin.com/video/7640803178150390969
v1812,https://www.douyin.com/note/7640935471006977993
v1813,https://www.douyin.com/video/7641136129777863881
v1814,https://www.douyin.com/video/7640881866347087857
v1815,https://www.douyin.com/video/7528413308895841545
v1816,https://www.douyin.com/video/7641086050803071598
v1817,https://www.douyin.com/video/7639691460406130683
v1818,https://www.douyin.com/note/7640915291367244980
v1819,https://www.douyin.com/video/7640728064842939131
v1820,https://www.douyin.com/note/7641031853772919488
v1821,https://www.douyin.com/video/7640894134862515432
v1822,https://www.douyin.com/video/7635130988242144539
v1823,https://www.douyin.com/note/7640890861353814642
v1824,https://www.douyin.com/video/7640389554944907242
v1825,https://www.douyin.com/video/7640705523024694547
v1826,https://www.douyin.com/video/7360148583439437119
v1827,https://www.douyin.com/video/7639941873671257329
v1828,https://www.douyin.com/video/7640770819601272905
v1829,https://www.douyin.com/video/7606556417399850094
v1830,https://www.douyin.com/video/7638139405932301618
v1831,https://www.douyin.com/video/7640872392583168475
v1832,https://www.douyin.com/note/7640862114727587946
v1833,https://www.douyin.com/video/7581306484550585636
v1834,https://www.douyin.com/video/7639599161859873019
v1835,https://www.douyin.com/video/7640840399866580233
v1836,https://www.douyin.com/note/7641093274913153785
v1837,https://www.douyin.com/note/7641106264856775055
v1838,https://www.douyin.com/video/7641011689060076731
v1839,https://www.douyin.com/note/7641126259481790449
v1840,https://www.douyin.com/video/7639666756759354545
v1841,https://www.douyin.com/note/7640900475168990117
v1842,https://www.douyin.com/note/7629266529834994420
v1843,https://www.douyin.com/video/7641073495882943759
v1844,https://www.douyin.com/video/7630773251405010537
v1845,https://www.douyin.com/video/7640740525893761465
v1846,https://www.douyin.com/video/7640862379346203274
v1847,https://www.douyin.com/video/7640877953061059505
v1848,https://www.douyin.com/video/7640878123814358306
v1849,https://www.douyin.com/video/7638918430275505471
v1850,https://www.douyin.com/note/7640837776334295242
v1851,https://www.douyin.com/video/7641046555840314481
v1852,https://www.douyin.com/video/7533841339784367411
v1853,https://www.douyin.com/video/7635151306327428387
v1854,https://www.douyin.com/video/7640425881227246949
v1855,https://www.douyin.com/video/7640162376200857009
v1856,https://www.douyin.com/video/7636787538937515318
v1857,https://www.douyin.com/video/7639937685255245098
v1858,https://www.douyin.com/video/7641038012869223537
v1859,https://www.douyin.com/video/7638518124232445194
v1860,https://www.douyin.com/video/7641553504095587624
v1861,https://www.douyin.com/video/7641439555883479707
v1862,https://www.douyin.com/video/7641432849345711360
v1863,https://www.douyin.com/video/7641477453974729466
v1864,https://www.douyin.com/video/7641426641067019520
v1865,https://www.douyin.com/video/7641562711398674147
v1866,https://www.douyin.com/video/7641540901482827071
v1867,https://www.douyin.com/video/7641451981403842171
v1868,https://www.douyin.com/video/7641500853936966963
v1869,https://www.douyin.com/note/7639196289402823909
v1870,https://www.douyin.com/video/7641564185561713926
v1871,https://www.douyin.com/note/7639227558139337572
v1872,https://www.douyin.com/video/7640786134997967461
v1873,https://www.douyin.com/note/7641570135929909435
v1874,https://www.douyin.com/video/7641254423976529203
v1875,https://www.douyin.com/video/7641490451693833498
v1876,https://www.douyin.com/video/7641517657518244580
v1877,https://www.douyin.com/video/7641482062780410176
v1878,https://www.douyin.com/note/7641446559632818358
v1879,https://www.douyin.com/note/7640693495258434222
v1880,https://www.douyin.com/video/7630756232290159898
v1881,https://www.douyin.com/video/7641193059623481531
v1882,https://www.douyin.com/note/7639982918496092404
v1883,https://www.douyin.com/video/7631416872130448676
v1884,https://www.douyin.com/note/7639745062113376975
v1885,https://www.douyin.com/video/7638288567648124259
v1886,https://www.douyin.com/video/7641065196353654898
v1887,https://www.douyin.com/note/7641466261872194162
v1888,https://www.douyin.com/note/7639348452078236145
v1889,https://www.douyin.com/video/7641149804164255012
v1890,https://www.douyin.com/note/7527142811293633852
v1891,https://www.douyin.com/video/7617682156609340645
v1892,https://www.douyin.com/note/7495217807740210489
v1893,https://www.douyin.com/note/7504702209264979251
v1894,https://www.douyin.com/note/7621210303125528165
v1895,https://www.douyin.com/video/7482629382356487424
v1896,https://www.douyin.com/note/7512770817235668258
v1897,https://www.douyin.com/note/7626376446042986469
v1898,https://www.douyin.com/note/7449674326774648123
v1899,https://www.douyin.com/note/7584025101251726655
v1900,https://www.douyin.com/video/7622131477476870139
v1901,https://www.douyin.com/video/7539017792554290471
v1902,https://www.douyin.com/video/7635171366669314402
v1903,https://www.douyin.com/video/7641254364128921339
v1904,https://www.douyin.com/video/7524640947537120538
v1905,https://www.douyin.com/video/7641501037132567978
v1906,https://www.douyin.com/video/7641440429984075054
v1907,https://www.douyin.com/video/7641497486264365914
v1908,https://www.douyin.com/video/7641488458401961192
v1909,https://www.douyin.com/video/7641439895528951066
v1910,https://www.douyin.com/video/7641515747936584305
v1911,https://www.douyin.com/video/7641468204899929344
v1912,https://www.douyin.com/video/7641442806036270376
v1913,https://www.douyin.com/video/7641199825437854985
v1914,https://www.douyin.com/video/7595908345664408884
v1915,https://www.douyin.com/video/7394749722218532107
v1916,https://www.douyin.com/video/7393139533757369609
v1917,https://www.douyin.com/video/7538215221681278227
v1918,https://www.douyin.com/video/7558366359831940411
v1919,https://www.douyin.com/video/7499012367700086073
v1920,https://www.douyin.com/video/7444375333010263332
v1921,https://www.douyin.com/video/7641461323510861066
v1922,https://www.douyin.com/video/7641454198885847778
v1923,https://www.douyin.com/video/7641451357119578362
v1924,https://www.douyin.com/note/7637753922983337125
v1925,https://www.douyin.com/video/7641519067404418213
v1926,https://www.douyin.com/video/7641529193448082722
v1927,https://www.douyin.com/video/7641450867003092425
v1928,https://www.douyin.com/note/7641449218179211483
v1929,https://www.douyin.com/note/7641444669730020790
v1930,https://www.douyin.com/video/7641229281485926565
v1931,https://www.douyin.com/video/7641452059334356657
v1932,https://www.douyin.com/video/7641470374992317362
v1933,https://www.douyin.com/note/7641420780124219785
v1934,https://www.douyin.com/video/7637164002830183074
v1935,https://www.douyin.com/video/7629549888958696747
v1936,https://www.douyin.com/note/7635242604627663205
v1937,https://www.douyin.com/note/7641203299056844794
v1938,https://www.douyin.com/video/7638483051395157267
v1939,https://www.douyin.com/note/7640525109279202469
v1940,https://www.douyin.com/note/7637582788946137209
v1941,https://www.douyin.com/note/7636031367428992442
v1942,https://www.douyin.com/video/7632643913099381349
v1943,https://www.douyin.com/note/7631810553824699065
v1944,https://www.douyin.com/note/7641221134151050929
v1945,https://www.douyin.com/video/7641407809637165674
v1946,https://www.douyin.com/note/7640825630451638437
v1947,https://www.douyin.com/video/7641173762427090496
v1948,https://www.douyin.com/note/7641399348764679675
v1949,https://www.douyin.com/note/7641000689812341321
v1950,https://www.douyin.com/note/7641507060052054202
v1951,https://www.douyin.com/note/7639698503425374437
v1952,https://www.douyin.com/video/7639461162958126002
v1953,https://www.douyin.com/note/7639007352657953659
v1954,https://www.douyin.com/video/7638899670948810020
v1955,https://www.douyin.com/video/7632698066257576950
v1956,https://www.douyin.com/note/7641427756118958254
v1957,https://www.douyin.com/video/7641415347598383720
v1958,https://www.douyin.com/video/7641401834913348837
v1959,https://www.douyin.com/video/7637924078472987813
v1960,https://www.douyin.com/note/7641426000802502757
v1961,https://www.douyin.com/video/7641233334638562611
v1962,https://www.douyin.com/video/7640166459196766385
v1963,https://www.douyin.com/video/7639277169151577019
v1964,https://www.douyin.com/video/7639781774437149928
v1965,https://www.douyin.com/video/7641513198369131816
v1966,https://www.douyin.com/video/7641373292877076709
v1967,https://www.douyin.com/video/7641531638229689521
v1968,https://www.douyin.com/video/7641437819398835497
v1969,https://www.douyin.com/video/7641533509773447147
v1970,https://www.douyin.com/video/7640960709806804276
v1971,https://www.douyin.com/video/7641313010560011555
v1972,https://www.douyin.com/video/7632879909471341833
v1973,https://www.douyin.com/video/7632763372555062579
v1974,https://www.douyin.com/video/7640533683241241891
v1975,https://www.douyin.com/video/7641548079031651619
v1976,https://www.douyin.com/video/7641422397431034730
v1977,https://www.douyin.com/video/7641119175745801498
v1978,https://www.douyin.com/video/7641050928577137954
v1979,https://www.douyin.com/video/7622117176866942185
v1980,https://www.douyin.com/video/7636685429492102395
v1981,https://www.douyin.com/video/7641253759205226619
v1982,https://www.douyin.com/video/7637102199370594472
v1983,https://www.douyin.com/video/7556441070234996010
v1984,https://www.douyin.com/video/7633772729518530767
v1985,https://www.douyin.com/note/7640848823237933766
v1986,https://www.douyin.com/note/7623279143372251049
v1987,https://www.douyin.com/video/7640409774292007077
v1988,https://www.douyin.com/video/7619350539708815089
v1989,https://www.douyin.com/video/7639932319343614953
v1990,https://www.douyin.com/video/7615976403205929329
v1991,https://www.douyin.com/video/7639679935107523274
v1992,https://www.douyin.com/note/7641184923147821413
v1993,https://www.douyin.com/video/7610048670045595270
v1994,https://www.douyin.com/video/7631960964947407295
v1995,https://www.douyin.com/note/7591498018411603526
v1996,https://www.douyin.com/video/7640866093858880874
v1997,https://www.douyin.com/video/7641397094556885987
v1998,https://www.douyin.com/video/7640050577350610203
v1999,https://www.douyin.com/video/7640810919656665702
v2000,https://www.douyin.com/video/7636482313732326521
v2001,https://www.douyin.com/video/7639363935887571621
v2002,https://www.douyin.com/video/7640755952828183114
v2003,https://www.douyin.com/video/7638223936949341466
v2004,https://www.douyin.com/note/7641241209708525738
v2005,https://www.douyin.com/video/7610799656146336421
v2006,https://www.douyin.com/note/7612265601272278009
v2007,https://www.douyin.com/note/7239952395822714173
v2008,https://www.douyin.com/video/7527357479103237433
v2009,https://www.douyin.com/video/7178791536878996751
v2010,https://www.douyin.com/note/7207641069213764899
v2011,https://www.douyin.com/note/7170028358951046411
v2012,https://www.douyin.com/video/7134887525524573447
v2013,https://www.douyin.com/video/7181693451329654019
v2014,https://www.douyin.com/video/7013144107249929510
v2015,https://www.douyin.com/video/7241073283746041146
v2016,https://www.douyin.com/video/7466328159504354610
v2017,https://www.douyin.com/video/7553248849365536038
v2018,https://www.douyin.com/note/7181559557552868623
v2019,https://www.douyin.com/note/7175829365333314831
v2020,https://www.douyin.com/note/7641344785403733395
v2021,https://www.douyin.com/note/7641348540020058726
v2022,https://www.douyin.com/video/7641401362470685994
v2023,https://www.douyin.com/video/7641428101758504202
v2024,https://www.douyin.com/video/7641433917752487267
v2025,https://www.douyin.com/video/7641416967345245450
v2026,https://www.douyin.com/video/7641442898571327315
v2027,https://www.douyin.com/note/7641369859443785829
v2028,https://www.douyin.com/video/7641426137582783753
v2029,https://www.douyin.com/video/7641424792431643919
v2030,https://www.douyin.com/video/7641423057201990931
v2031,https://www.douyin.com/video/7641392922215608010
v2032,https://www.douyin.com/video/7641433607168334075
v2033,https://www.douyin.com/video/7641427376581555182
v2034,https://www.douyin.com/video/7641375192665728421
v2035,https://www.douyin.com/video/7641410569724478821
v2036,https://www.douyin.com/video/7641403182703181427
v2037,https://www.douyin.com/video/7641434569183608805
v2038,https://www.douyin.com/video/7640937354143886330
v2039,https://www.douyin.com/video/7641379141450965221
v2040,https://www.douyin.com/video/7638160737663356554
v2041,https://www.douyin.com/video/7641146003936120105
v2042,https://www.douyin.com/video/7641443130571681673
v2043,https://www.douyin.com/video/7641393145388964025
v2044,https://www.douyin.com/video/7641432292254326117
v2045,https://www.douyin.com/video/7621957942653790905
v2046,https://www.douyin.com/video/7641381321083833634
v2047,https://www.douyin.com/video/7641372496381398324
v2048,https://www.douyin.com/video/7641362958929557056
v2049,https://www.douyin.com/note/7641343604145153253
v2050,https://www.douyin.com/video/7596662676144194682
v2051,https://www.douyin.com/video/7020971806395731208
v2052,https://www.douyin.com/video/7634144096528928046
v2053,https://www.douyin.com/video/7613963676395441765
v2054,https://www.douyin.com/video/7510165347715796243
v2055,https://www.douyin.com/video/7564735908197993779
v2056,https://www.douyin.com/video/7597740066026376489
v2057,https://www.douyin.com/video/7512730569571061026
v2058,https://www.douyin.com/note/7636128770939827328
v2059,https://www.douyin.com/video/7641631249074065396
v2060,https://www.douyin.com/video/7631920520137006778
v2061,https://www.douyin.com/video/7633037129199401317
v2062,https://www.douyin.com/video/7614172970995473265
v2063,https://www.douyin.com/video/7641599536645120192
v2064,https://www.douyin.com/video/7640538804234865963
v2065,https://www.douyin.com/video/7640289334395463494
v2066,https://www.douyin.com/video/7639743099615736805
v2067,https://www.douyin.com/video/7637363582262414634
v2068,https://www.douyin.com/video/7639275740441120054
v2069,https://www.douyin.com/note/7641935890445001158
v2070,https://www.douyin.com/video/7633035028204768554
v2071,https://www.douyin.com/note/7631577112671199858
v2072,https://www.douyin.com/note/7641870637866685779
v2073,https://www.douyin.com/video/7635950354912624101
v2074,https://www.douyin.com/video/7519087687958433081
v2075,https://www.douyin.com/note/7641840128608889970
v2076,https://www.douyin.com/video/7617529219450970235
v2077,https://www.douyin.com/video/7638578900766952730
v2078,https://www.douyin.com/video/7636336309132761801
v2079,https://www.douyin.com/video/7625599368204412145
v2080,https://www.douyin.com/note/7640441398101045925
v2081,https://www.douyin.com/note/7641230250136031146
v2082,https://www.douyin.com/video/7632558895605387364
v2083,https://www.douyin.com/video/7640430260659643483
v2084,https://www.douyin.com/video/7641005240444551906
v2085,https://www.douyin.com/video/7641669729547078975
v2086,https://www.douyin.com/video/7641538268627060578
v2087,https://www.douyin.com/note/7641889943623554737
v2088,https://www.douyin.com/video/7624568157734243634
v2089,https://www.douyin.com/video/7640780889677943013
v2090,https://www.douyin.com/video/7641548429349871726
v2091,https://www.douyin.com/video/7639736971711134888
v2092,https://www.douyin.com/video/7640028451197668642
v2093,https://www.douyin.com/video/7640663897889304505
v2094,https://www.douyin.com/video/7641568121270554617
v2095,https://www.douyin.com/video/7641521003931976827
v2096,https://www.douyin.com/video/7621902188406738186
v2097,https://www.douyin.com/video/7641229814871445925
v2098,https://www.douyin.com/note/7641936934629351547
v2099,https://www.douyin.com/video/7641537394872765732
v2100,https://www.douyin.com/video/7641906780099857664
v2101,https://www.douyin.com/video/7641558462803698030
v2102,https://www.douyin.com/video/7640701541476732194
v2103,https://www.douyin.com/note/7641589978414726883
v2104,https://www.douyin.com/video/7641630551937590769
v2105,https://www.douyin.com/video/7634470943594646790
v2106,https://www.douyin.com/note/7641318675002745201
v2107,https://www.douyin.com/video/7637523021485329705
v2108,https://www.douyin.com/note/7641625752849043697
v2109,https://www.douyin.com/video/7614476231773277466
v2110,https://www.douyin.com/note/7636593523106528137
v2111,https://www.douyin.com/video/7629691538699925876
v2112,https://www.douyin.com/video/7640090849603022769
v2113,https://www.douyin.com/video/7640486152226862777
v2114,https://www.douyin.com/video/7627292363291981419
v2115,https://www.douyin.com/video/7641944842218126578
v2116,https://www.douyin.com/video/7572199669422509350
v2117,https://www.douyin.com/video/7130433781739080997
v2118,https://www.douyin.com/video/6976549143829286175
v2119,https://www.douyin.com/video/7587090419101814053
v2120,https://www.douyin.com/video/7195734264158113035
v2121,https://www.douyin.com/video/7132308907514547486
v2122,https://www.douyin.com/video/7165467743301422373
v2123,https://www.douyin.com/video/7637926944541101318
v2124,https://www.douyin.com/note/7641671756302655138
v2125,https://www.douyin.com/note/7641608034150987513
v2126,https://www.douyin.com/video/7640785152629334450
v2127,https://www.douyin.com/note/7641909293030344168
v2128,https://www.douyin.com/note/7640800678264376499
v2129,https://www.douyin.com/video/7627347037977441977
v2130,https://www.douyin.com/video/7636648284216752613
v2131,https://www.douyin.com/video/7638176029073581430
v2132,https://www.douyin.com/video/7641127540953818553
v2133,https://www.douyin.com/note/7641193472620514745
v2134,https://www.douyin.com/video/7641112853654621474
v2135,https://www.douyin.com/video/7637047971905834339
v2136,https://www.douyin.com/video/7260069395513281804
v2137,https://www.douyin.com/video/7637770586189532454
v2138,https://www.douyin.com/video/7641171215253016178
v2139,https://www.douyin.com/note/7641903133313264198
v2140,https://www.douyin.com/video/7638273467426639154
v2141,https://www.douyin.com/video/7641887341908331819
v2142,https://www.douyin.com/note/7641812456675429992
v2143,https://www.douyin.com/video/7641867871223726577
v2144,https://www.douyin.com/video/7641138951398411574
v2145,https://www.douyin.com/video/7641561901088939334
v2146,https://www.douyin.com/video/7641904539657966050
v2147,https://www.douyin.com/note/7639807314728845961
v2148,https://www.douyin.com/video/7641069982050274623
v2149,https://www.douyin.com/video/7641950158494662376
v2150,https://www.douyin.com/note/7639583152398290191
v2151,https://www.douyin.com/note/7638094680835640585
v2152,https://www.douyin.com/video/7634848597695040818
v2153,https://www.douyin.com/video/7638483311945469226
v2154,https://www.douyin.com/video/7636137520811950563
v2155,https://www.douyin.com/video/7640086827935843574
v2156,https://www.douyin.com/video/7637353553614441763
v2157,https://www.douyin.com/video/7634869510277965809
v2158,https://www.douyin.com/video/7634080019758108258
v2159,https://www.douyin.com/video/7634128573439151396
v2160,https://www.douyin.com/video/7636318752212094254
v2161,https://www.douyin.com/video/7633948098825391369
v2162,https://www.douyin.com/video/7634127321834893681
v2163,https://www.douyin.com/video/7633500278460812590
v2164,https://www.douyin.com/video/7640012354008255763
v2165,https://www.douyin.com/video/7511541127128943907
v2166,https://www.douyin.com/video/7641169488934620457
v2167,https://www.douyin.com/video/7637132602285926778
v2168,https://www.douyin.com/video/7640049945176755471
v2169,https://www.douyin.com/video/7608909977310971114
v2170,https://www.douyin.com/video/7633729976671522082
v2171,https://www.douyin.com/video/7619981932364975386
v2172,https://www.douyin.com/video/7602978276688039174
v2173,https://www.douyin.com/video/7627850755861503346
v2174,https://www.douyin.com/video/7640181520535145754
v2175,https://www.douyin.com/note/7640211082829100197
v2176,https://www.douyin.com/video/7572540052350924025
v2177,https://www.douyin.com/note/7564494767779548465
v2178,https://www.douyin.com/note/7573337680874172657
v2179,https://www.douyin.com/video/7585500293308140849
v2180,https://www.douyin.com/video/7628276745224883519
v2181,https://www.douyin.com/note/7641877476319469241
v2182,https://www.douyin.com/video/7634737329597118437
v2183,https://www.douyin.com/video/7634147022051773706
v2184,https://www.douyin.com/video/7641231224962370859
v2185,https://www.douyin.com/video/7641614164444687720
v2186,https://www.douyin.com/note/7641882513418620570
v2187,https://www.douyin.com/video/7641763369631994538
v2188,https://www.douyin.com/video/7634475478320958763
v2189,https://www.douyin.com/video/7641453626937969920
v2190,https://www.douyin.com/note/7641781102957189312
v2191,https://www.douyin.com/video/7271157109503429943
v2192,https://www.douyin.com/note/7639702335459369201
v2193,https://www.douyin.com/note/7641368488766919907
v2194,https://www.douyin.com/note/7640052112403984211
v2195,https://www.douyin.com/note/7640695479717936635
v2196,https://www.douyin.com/video/7640318984139168421
v2197,https://www.douyin.com/note/7641485772890097083
v2198,https://www.douyin.com/video/7637816712608208379
v2199,https://www.douyin.com/video/7635429748662947418
v2200,https://www.douyin.com/video/7641810126101591882
v2201,https://www.douyin.com/video/7640068423162154250
v2202,https://www.douyin.com/video/7638221359310507279
v2203,https://www.douyin.com/video/7637927099797376282
v2204,https://www.douyin.com/video/7636203095383796406
v2205,https://www.douyin.com/video/7641126352258616614
v2206,https://www.douyin.com/video/7637112245378189041
v2207,https://www.douyin.com/video/7635453972699026597
v2208,https://www.douyin.com/video/7633146077953197809
v2209,https://www.douyin.com/video/7640851036323843328
v2210,https://www.douyin.com/video/7619650759957059146
v2211,https://www.douyin.com/video/7640684751975697714
v2212,https://www.douyin.com/video/7638296677425630506
v2213,https://www.douyin.com/video/7637730057162607924
v2214,https://www.douyin.com/video/7638259782327012659
v2215,https://www.douyin.com/note/7636230875369639674
v2216,https://www.douyin.com/video/7493867341755813178
v2217,https://www.douyin.com/video/7548394255488666926
v2218,https://www.douyin.com/video/7632863291882639817
v2219,https://www.douyin.com/video/7631148457020943615
v2220,https://www.douyin.com/video/7631069731298004275
v2221,https://www.douyin.com/video/7639238692407079763
v2222,https://www.douyin.com/video/7641906101487427812
v2223,https://www.douyin.com/video/7641583416601292004
v2224,https://www.douyin.com/video/7641183983297181062
v2225,https://www.douyin.com/video/7629739594469224083
v2226,https://www.douyin.com/video/7588894746619095907
v2227,https://www.douyin.com/video/7641577824020905715
v2228,https://www.douyin.com/video/7641607630921747750
v2229,https://www.douyin.com/note/7638950255400892517
v2230,https://www.douyin.com/video/7641545560130288485
v2231,https://www.douyin.com/video/7324990112683593001
v2232,https://www.douyin.com/video/7163568679723027753
v2233,https://www.douyin.com/video/7640050033500491042
v2234,https://www.douyin.com/video/7635982844305493861
v2235,https://www.douyin.com/video/7549536110477626684
v2236,https://www.douyin.com/video/7553912190752984380
v2237,https://www.douyin.com/video/7555110824809958698
v2238,https://www.douyin.com/video/7603309172515903717
v2239,https://www.douyin.com/note/7641209860185469544
v2240,https://www.douyin.com/video/7622594195798746277
v2241,https://www.douyin.com/video/7640416429372288163
v2242,https://www.douyin.com/video/7638195823381073215
v2243,https://www.douyin.com/video/7609581605564304640
v2244,https://www.douyin.com/video/7607441676730125568
v2245,https://www.douyin.com/note/7641261398210724934
v2246,https://www.douyin.com/video/7635878970403147062
v2247,https://www.douyin.com/video/7641861810539106490
v2248,https://www.douyin.com/note/7641620818074171369
v2249,https://www.douyin.com/video/7638960331822667620
v2250,https://www.douyin.com/video/7636139314027665385
v2251,https://www.douyin.com/note/7640476075646635496
v2252,https://www.douyin.com/note/7640844688812164453
v2253,https://www.douyin.com/video/7629412071167377097
v2254,https://www.douyin.com/video/7545424727360195880
v2255,https://www.douyin.com/video/7201466189015567655
v2256,https://www.douyin.com/video/7627884294505912229
v2257,https://www.douyin.com/note/7571417530732973556
v2258,https://www.douyin.com/video/7605466933945182075
v2259,https://www.douyin.com/note/7509815225831443772
v2260,https://www.douyin.com/video/7493011952898182409
v2261,https://www.douyin.com/video/7476400030648175898
v2262,https://www.douyin.com/video/7616740050759705462
v2263,https://www.douyin.com/video/7619291412080692520
v2264,https://www.douyin.com/video/7532680727171730723
v2265,https://www.douyin.com/video/7639414573052874038
v2266,https://www.douyin.com/video/7641772119374023494
v2267,https://www.douyin.com/video/7612659680178965766
v2268,https://www.douyin.com/video/7612494573181184740
v2269,https://www.douyin.com/video/7633407287092071726
v2270,https://www.douyin.com/video/7640835323463629817
v2271,https://www.douyin.com/video/7626614673655303466
v2272,https://www.douyin.com/note/7641537843886810344
v2273,https://www.douyin.com/video/7641387910742291385
v2274,https://www.douyin.com/note/7641191478018051515
v2275,https://www.douyin.com/video/7640327520071601423
v2276,https://www.douyin.com/video/7640857708430242442
v2277,https://www.douyin.com/video/7617264754096415595
v2278,https://www.douyin.com/video/7639000724659081634
v2279,https://www.douyin.com/video/7639443115221664091
v2280,https://www.douyin.com/video/7636742847945370612
v2281,https://www.douyin.com/video/7639356569754610920
v2282,https://www.douyin.com/video/7639050255455222705
v2283,https://www.douyin.com/video/7618473084421229715
v2284,https://www.douyin.com/video/7631138652747265465
v2285,https://www.douyin.com/video/7617482927911448233
v2286,https://www.douyin.com/note/7618873863439910001
v2287,https://www.douyin.com/video/7636017713957213947
v2288,https://www.douyin.com/video/7617837275599394801
v2289,https://www.douyin.com/video/7639652981009450230
v2290,https://www.douyin.com/video/7617446430961241359
v2291,https://www.douyin.com/video/7624329558536028745
v2292,https://www.douyin.com/video/7631510685206597242
v2293,https://www.douyin.com/video/7636393892669910223
v2294,https://www.douyin.com/video/7639953156730536805
v2295,https://www.douyin.com/video/7641560618856025275
v2296,https://www.douyin.com/video/7640407129354030346
v2297,https://www.douyin.com/video/7617055899387006234
v2298,https://www.douyin.com/video/7632619944999505187
v2299,https://www.douyin.com/video/7640452065545745307
v2300,https://www.douyin.com/video/7641921125110998464
v2301,https://www.douyin.com/video/7636355003757677887
v2302,https://www.douyin.com/video/7623315240830125907
v2303,https://www.douyin.com/note/7641633838763021433
v2304,https://www.douyin.com/video/7632969318136808121
v2305,https://www.douyin.com/video/7641543700945931526
v2306,https://www.douyin.com/video/7637788199506496804
v2307,https://www.douyin.com/video/7631251572844764153
v2308,https://www.douyin.com/video/7636419566658200819
v2309,https://www.douyin.com/video/7641493384105026998
v2310,https://www.douyin.com/video/7633797490244821492
v2311,https://www.douyin.com/video/7640392629208878345
v2312,https://www.douyin.com/video/7641902104642211118
v2313,https://www.douyin.com/video/7641388073184547766
v2314,https://www.douyin.com/video/7641788363841735942
v2315,https://www.douyin.com/video/7638940098038208201
v2316,https://www.douyin.com/video/7641787256165187494
v2317,https://www.douyin.com/video/7641651249734388145
v2318,https://www.douyin.com/video/7637537947113569957
v2319,https://www.douyin.com/video/7638505002088074362
v2320,https://www.douyin.com/video/7641629455598090993
v2321,https://www.douyin.com/video/7628586881634925178
v2322,https://www.douyin.com/video/7640713218856812282
v2323,https://www.douyin.com/video/7640862585222842981
v2324,https://www.douyin.com/video/7137935114796911879
v2325,https://www.douyin.com/note/7635003764516576442
v2326,https://www.douyin.com/video/7625940676567807158
v2327,https://www.douyin.com/video/7639953110558969142
v2328,https://www.douyin.com/video/7641547514922929471
v2329,https://www.douyin.com/note/7641787096948939953
v2330,https://www.douyin.com/video/7641415279204928810
v2331,https://www.douyin.com/video/7640457503490918577
v2332,https://www.douyin.com/video/7582607039872912683
v2333,https://www.douyin.com/video/7629311684176305768
v2334,https://www.douyin.com/note/7641757673063817715
v2335,https://www.douyin.com/note/7641571604183640803
v2336,https://www.douyin.com/video/7621500225294914024
v2337,https://www.douyin.com/video/7510876130398178601
v2338,https://www.douyin.com/video/7638683539906676347
v2339,https://www.douyin.com/video/7534390073757551929
v2340,https://www.douyin.com/note/7641604538353821619
v2341,https://www.douyin.com/note/7641797146807132517
v2342,https://www.douyin.com/video/7632141248023726970
v2343,https://www.douyin.com/video/7633793240105307444
v2344,https://www.douyin.com/note/7641529807570718415
v2345,https://www.douyin.com/note/7638660490461482650
v2346,https://www.douyin.com/video/7641263816597736723
v2347,https://www.douyin.com/video/7641660607783111972
v2348,https://www.douyin.com/video/7640062068436411122
v2349,https://www.douyin.com/video/7640051857041931878
v2350,https://www.douyin.com/note/7641862299989277541
v2351,https://www.douyin.com/video/7640841345720025850
v2352,https://www.douyin.com/video/7640478454001256699
v2353,https://www.douyin.com/video/7641219899548765669
v2354,https://www.douyin.com/video/7641591435863358139
v2355,https://www.douyin.com/video/7634829620600753073
v2356,https://www.douyin.com/video/7632880972098325779
v2357,https://www.douyin.com/video/7639853517397609770
v2358,https://www.douyin.com/note/7641642423827454330
v2359,https://www.douyin.com/video/7618642336771280171
v2360,https://www.douyin.com/video/7633839024918447433
v2361,https://www.douyin.com/video/7615792205819144291
v2362,https://www.douyin.com/video/7641540314214074021
v2363,https://www.douyin.com/note/7638652845185876635
v2364,https://www.douyin.com/video/7626283331973352740
v2365,https://www.douyin.com/note/7641781830216230336
v2366,https://www.douyin.com/video/7641665711781236004
v2367,https://www.douyin.com/video/7641277130992009701
v2368,https://www.douyin.com/note/7641451466927158003
v2369,https://www.douyin.com/video/7641743897836609014
v2370,https://www.douyin.com/video/7618892669477299121
v2371,https://www.douyin.com/video/7637769849520186810
v2372,https://www.douyin.com/video/7632354578184293673
v2373,https://www.douyin.com/video/7635632207993916723
v2374,https://www.douyin.com/video/7641493105720844389
v2375,https://www.douyin.com/video/7641198442694774244
v2376,https://www.douyin.com/video/7626036631838082920
v2377,https://www.douyin.com/video/7524586638102613305
v2378,https://www.douyin.com/note/7641566249343847686
v2379,https://www.douyin.com/video/7636679345137929518
v2380,https://www.douyin.com/note/7641648099698880115
v2381,https://www.douyin.com/video/7640322368795775717
v2382,https://www.douyin.com/video/7641914849303776165
v2383,https://www.douyin.com/note/7638628118140855909
v2384,https://www.douyin.com/video/7641739221892681401
v2385,https://www.douyin.com/video/7641805589572353994
v2386,https://www.douyin.com/video/7640848923322893286
v2387,https://www.douyin.com/video/7641020397127142479
v2388,https://www.douyin.com/video/7640326818076505062
v2389,https://www.douyin.com/video/7640948621039053242
v2390,https://www.douyin.com/video/7640706250296020243
v2391,https://www.douyin.com/video/7640823175035935625
v2392,https://www.douyin.com/video/7640850704965486150
v2393,https://www.douyin.com/video/7640021698947633829
v2394,https://www.douyin.com/video/7639274936040688902
v2395,https://www.douyin.com/video/7635931599267636340
v2396,https://www.douyin.com/video/7638229222000434854
v2397,https://www.douyin.com/video/7633726666284591458
v2398,https://www.douyin.com/video/7641826214025894250
v2399,https://www.douyin.com/video/7641826357471294378
v2400,https://www.douyin.com/video/7641229842855826923
v2401,https://www.douyin.com/video/7631915052953505078
v2402,https://www.douyin.com/video/7639064128191073546
v2403,https://www.douyin.com/video/7641859884320836898
v2404,https://www.douyin.com/video/7641385938798578954
v2405,https://www.douyin.com/video/7641414153060439278
v2406,https://www.douyin.com/video/7641419090308970411
v2407,https://www.douyin.com/video/7641539408339979562
v2408,https://www.douyin.com/video/7641538833154100520
v2409,https://www.douyin.com/video/7639674962051124518
v2410,https://www.douyin.com/video/7641452588295179955
v2411,https://www.douyin.com/video/7641547272098702739
v2412,https://www.douyin.com/video/7641585358450900962
v2413,https://www.douyin.com/video/7641384199350124197
v2414,https://www.douyin.com/video/7641511776625904902
v2415,https://www.douyin.com/note/7641795201899734949
v2416,https://www.douyin.com/video/7641822315378592923
v2417,https://www.douyin.com/note/7641783504859524209
v2418,https://www.douyin.com/video/7641076147228314922
v2419,https://www.douyin.com/note/7640109040262275193
v2420,https://www.douyin.com/note/7641855102596617145
v2421,https://www.douyin.com/video/7631605883746864570
v2422,https://www.douyin.com/video/7637115791233551635
v2423,https://www.douyin.com/note/7641245070611557753
v2424,https://www.douyin.com/video/7638689036839734578
v2425,https://www.douyin.com/video/7623401720038772011
v2426,https://www.douyin.com/video/7641446568033324338
v2427,https://www.douyin.com/video/7641438879882415386
v2428,https://www.douyin.com/note/7631428673672989952
v2429,https://www.douyin.com/video/7617099964363132170
v2430,https://www.douyin.com/video/7629769297788341545
v2431,https://www.douyin.com/video/7640696757895172473
v2432,https://www.douyin.com/video/7641199517875008419
v2433,https://www.douyin.com/note/7641797610291025146
v2434,https://www.douyin.com/video/7638179691329494758
v2435,https://www.douyin.com/video/7641268582769037745
v2436,https://www.douyin.com/note/7641646711727225573
v2437,https://www.douyin.com/video/7639548722854990073
v2438,https://www.douyin.com/video/7640072206403292442
v2439,https://www.douyin.com/video/7640850035819759973
v2440,https://www.douyin.com/note/7641579521746320037
v2441,https://www.douyin.com/video/7632390880959690990
v2442,https://www.douyin.com/video/7641423704815193521
v2443,https://www.douyin.com/video/7637081924234311653
v2444,https://www.douyin.com/video/7641751376703409423
v2445,https://www.douyin.com/video/7641808964452056966
v2446,https://www.douyin.com/video/7624802432190647615
v2447,https://www.douyin.com/note/7641612765724184512
v2448,https://www.douyin.com/note/7639765941589239750
v2449,https://www.douyin.com/video/7641625734498323755
v2450,https://www.douyin.com/video/7629292919639346451
v2451,https://www.douyin.com/note/7641716963724013733
v2452,https://www.douyin.com/video/7641893594786231899
v2453,https://www.douyin.com/video/7641854919545535161
v2454,https://www.douyin.com/video/7641668208969613561
v2455,https://www.douyin.com/video/7641146138460889585
v2456,https://www.douyin.com/video/7641768999126158592
v2457,https://www.douyin.com/note/7641854770407598824
v2458,https://www.douyin.com/video/7639939882328018226
v2459,https://www.douyin.com/video/7641580125960856753
v2460,https://www.douyin.com/video/7641192204647681330
v2461,https://www.douyin.com/video/7640816225521585443
v2462,https://www.douyin.com/video/7641888252890793579
v2463,https://www.douyin.com/video/7641381599153507622
v2464,https://www.douyin.com/note/7641095263956828323
v2465,https://www.douyin.com/video/7641526047376149806
v2466,https://www.douyin.com/video/7641583681995296010
v2467,https://www.douyin.com/video/7641539922792531455
v2468,https://www.douyin.com/video/7641582989902723433
v2469,https://www.douyin.com/video/7640869751313173434
v2470,https://www.douyin.com/video/7640686795068180473
v2471,https://www.douyin.com/video/7640336939211689252
v2472,https://www.douyin.com/video/7641436714028130815
v2473,https://www.douyin.com/video/7631949743920336137
v2474,https://www.douyin.com/video/7627400449721167985
v2475,https://www.douyin.com/video/7579229813631348082
v2476,https://www.douyin.com/video/7572587398467423539
v2477,https://www.douyin.com/video/7634572464135123034
v2478,https://www.douyin.com/note/7641267982304086449
v2479,https://www.douyin.com/video/7641088970424278638
v2480,https://www.douyin.com/video/7635851923916966769
v2481,https://www.douyin.com/video/7618547064797298853
v2482,https://www.douyin.com/video/7641150739452011892
v2483,https://www.douyin.com/video/7641242936801381672
v2484,https://www.douyin.com/video/7639267402808057472
v2485,https://www.douyin.com/video/7641393483274289017
v2486,https://www.douyin.com/video/7637449356299226418
v2487,https://www.douyin.com/video/7640409919397498176
v2488,https://www.douyin.com/note/7641560736338824113
v2489,https://www.douyin.com/note/7641626944963309723
v2490,https://www.douyin.com/note/7636397710175087985
v2491,https://www.douyin.com/note/7631394509154915834
v2492,https://www.douyin.com/video/7613033363095601896
v2493,https://www.douyin.com/note/7641532097525881083
v2494,https://www.douyin.com/video/7641155812953541951
v2495,https://www.douyin.com/note/7641484557879157937
v2496,https://www.douyin.com/video/7632678973998239039
v2497,https://www.douyin.com/video/7554687016614579516
v2498,https://www.douyin.com/video/7617110361786972239
v2499,https://www.douyin.com/video/7555708042520775996
v2500,https://www.douyin.com/video/7559173994802302268
v2501,https://www.douyin.com/video/7556852675091057978
v2502,https://www.douyin.com/video/7496367728749186363
v2503,https://www.douyin.com/video/7425948622220446985
v2504,https://www.douyin.com/video/7559831983163247929
v2505,https://www.douyin.com/video/7512024590080642363
v2506,https://www.douyin.com/note/7641777461794256357
v2507,https://www.douyin.com/video/7637367829205447793
v2508,https://www.douyin.com/video/7195957473419758908
v2509,https://www.douyin.com/video/7641550788930961317
v2510,https://www.douyin.com/video/7424818996266011944
v2511,https://www.douyin.com/note/7634859764207742629
v2512,https://www.douyin.com/video/7640435516269186330
v2513,https://www.douyin.com/video/7641143260932541706
v2514,https://www.douyin.com/video/7558796348221410614
v2515,https://www.douyin.com/video/7630675821157598803
v2516,https://www.douyin.com/video/7621478087670172978
v2517,https://www.douyin.com/video/7640857095964906340
v2518,https://www.douyin.com/video/7632922912449662234
v2519,https://www.douyin.com/video/7641613506723701362
v2520,https://www.douyin.com/video/7603279153751788809
v2521,https://www.douyin.com/video/7641540530651876634
v2522,https://www.douyin.com/note/7641254317845024329
v2523,https://www.douyin.com/video/7637085304771367018
v2524,https://www.douyin.com/note/7641419269024662440
v2525,https://www.douyin.com/video/7637801689101602239
v2526,https://www.douyin.com/video/7639629016475634532
v2527,https://www.douyin.com/video/7638884581902610538
v2528,https://www.douyin.com/video/7640822868486605419
v2529,https://www.douyin.com/video/7640451248282064548
v2530,https://www.douyin.com/video/7640024710658790123
v2531,https://www.douyin.com/video/7641165443189269238
v2532,https://www.douyin.com/video/7637158700486765937
v2533,https://www.douyin.com/note/7642157884017171635
v2534,https://www.douyin.com/video/7631943861459480558
v2535,https://www.douyin.com/video/7641279918763953427
v2536,https://www.douyin.com/video/7616340039593582705
v2537,https://www.douyin.com/video/7641953890925169946
v2538,https://www.douyin.com/video/7553132982396128553
v2539,https://www.douyin.com/video/7642034390462342080
v2540,https://www.douyin.com/video/7633773736160046053
v2541,https://www.douyin.com/video/7564802721779322153
v2542,https://www.douyin.com/video/7481321439660985638
v2543,https://www.douyin.com/note/7571445377758833058
v2544,https://www.douyin.com/note/7592957363905985780
v2545,https://www.douyin.com/video/7640052346814205211
v2546,https://www.douyin.com/video/7641538736933115505
v2547,https://www.douyin.com/video/7633789479882571953
v2548,https://www.douyin.com/video/7638553331467608825
v2549,https://www.douyin.com/video/7641961831967372411
v2550,https://www.douyin.com/video/7634264317622651750
v2551,https://www.douyin.com/video/7635709287423134986
v2552,https://www.douyin.com/note/7627112066181320411
v2553,https://www.douyin.com/video/7616989176549920000
v2554,https://www.douyin.com/video/7640760378485532338
v2555,https://www.douyin.com/note/7641454207623590794
v2556,https://www.douyin.com/video/7641902094022782451
v2557,https://www.douyin.com/video/7628218140236811566
v2558,https://www.douyin.com/video/7639456582959032191
v2559,https://www.douyin.com/video/7635826141207067121
v2560,https://www.douyin.com/video/7640818728275348772
v2561,https://www.douyin.com/note/7641954253346968293
v2562,https://www.douyin.com/note/7641916314138721659
v2563,https://www.douyin.com/video/7637025375575600827
v2564,https://www.douyin.com/note/7641994462373650815
v2565,https://www.douyin.com/video/7634244325819436334
v2566,https://www.douyin.com/note/7641945568185267322
v2567,https://www.douyin.com/note/7641148848920894821
v2568,https://www.douyin.com/video/7639284575012882361
v2569,https://www.douyin.com/video/7631915058993433910
v2570,https://www.douyin.com/note/7636028572582291043
v2571,https://www.douyin.com/video/7640440691893542138
v2572,https://www.douyin.com/video/7642096165319675186
v2573,https://www.douyin.com/video/7638204568416817146
v2574,https://www.douyin.com/note/7641950811841370994
v2575,https://www.douyin.com/video/7628134246846172479
v2576,https://www.douyin.com/video/7640157423990328622
v2577,https://www.douyin.com/video/7640528709405318630
v2578,https://www.douyin.com/video/7641931352183617701
v2579,https://www.douyin.com/video/7641418396164197695
v2580,https://www.douyin.com/video/7640281452539003571
v2581,https://www.douyin.com/video/7636725111533391156
v2582,https://www.douyin.com/video/7641754892399600037
v2583,https://www.douyin.com/video/7636192325068634106
v2584,https://www.douyin.com/video/7632548423916342538
v2585,https://www.douyin.com/note/7641970202717251705
v2586,https://www.douyin.com/video/7641135816231636265
v2587,https://www.douyin.com/video/7609186671641514418
v2588,https://www.douyin.com/video/7626435379444354346
v2589,https://www.douyin.com/note/7642021710045081435
v2590,https://www.douyin.com/video/7637086379931513969
v2591,https://www.douyin.com/note/7641863646087621346
v2592,https://www.douyin.com/video/7602094101076397338
v2593,https://www.douyin.com/video/7207279794361306406
v2594,https://www.douyin.com/video/7207245379161673017
v2595,https://www.douyin.com/video/7589270763212817145
v2596,https://www.douyin.com/video/7200907669136280889
v2597,https://www.douyin.com/video/7530857399628926271
v2598,https://www.douyin.com/video/7428455033164926246
v2599,https://www.douyin.com/video/7640029143174576314
v2600,https://www.douyin.com/video/7641761521605688699
v2601,https://www.douyin.com/video/7636394599985007473
v2602,https://www.douyin.com/video/7638597545907752255
v2603,https://www.douyin.com/note/7642163512676820325
v2604,https://www.douyin.com/video/7617369225963797866
v2605,https://www.douyin.com/video/7637905163626742513
v2606,https://www.douyin.com/video/7634855943403481576
v2607,https://www.douyin.com/video/7641516247922791144
v2608,https://www.douyin.com/video/7628908890294754810
v2609,https://www.douyin.com/video/7639347773459969897
v2610,https://www.douyin.com/video/7620672287469035240
v2611,https://www.douyin.com/video/7635946896455912713
v2612,https://www.douyin.com/video/7641168414921109733
v2613,https://www.douyin.com/video/7641535969012256101
v2614,https://www.douyin.com/note/7641906932815981434
v2615,https://www.douyin.com/video/7505414172596391226
v2616,https://www.douyin.com/note/7453363820266884411
v2617,https://www.douyin.com/video/7568750021550801893
v2618,https://www.douyin.com/video/7631108539573898547
v2619,https://www.douyin.com/video/7534164932137405750
v2620,https://www.douyin.com/video/7623299351229639834
v2621,https://www.douyin.com/video/7641142864520416518
v2622,https://www.douyin.com/note/7638977889513601380
v2623,https://www.douyin.com/video/7636367776373951807
v2624,https://www.douyin.com/note/7641506037492714406
v2625,https://www.douyin.com/video/7624125555151097130
v2626,https://www.douyin.com/note/7641638949882491761
v2627,https://www.douyin.com/video/7623007980417453355
v2628,https://www.douyin.com/video/7641890402487799081
v2629,https://www.douyin.com/video/7641454058755239523
v2630,https://www.douyin.com/video/7641599970030012409
v2631,https://www.douyin.com/note/7641997850200509742
v2632,https://www.douyin.com/video/7641998754207670010
v2633,https://www.douyin.com/note/7641965275172683442
v2634,https://www.douyin.com/video/7627168078774790479
v2635,https://www.douyin.com/video/7641151841044008227
v2636,https://www.douyin.com/video/7639268365206424859
v2637,https://www.douyin.com/note/7641924640889488484
v2638,https://www.douyin.com/video/7633246772747423002
v2639,https://www.douyin.com/note/7641901643910622309
v2640,https://www.douyin.com/video/7640282128895477242
v2641,https://www.douyin.com/video/7640291422810715721
v2642,https://www.douyin.com/video/7636001402124373291
v2643,https://www.douyin.com/video/7629087806430158757
v2644,https://www.douyin.com/note/7642140652754644987
v2645,https://www.douyin.com/video/7621449489693429046
v2646,https://www.douyin.com/video/7639966907533428645
v2647,https://www.douyin.com/note/7641543303574479217
v2648,https://www.douyin.com/video/7634887492492511161
v2649,https://www.douyin.com/video/7227867145617657144
v2650,https://www.douyin.com/note/7227408763903348028
v2651,https://www.douyin.com/video/7629764264508558633
v2652,https://www.douyin.com/video/7639667214832369403
v2653,https://www.douyin.com/video/7640727942218266483
v2654,https://www.douyin.com/video/7633768081864539647
v2655,https://www.douyin.com/note/7642009185895188965
v2656,https://www.douyin.com/video/7634499353264098606
v2657,https://www.douyin.com/video/7641615524073479354
v2658,https://www.douyin.com/video/7641992404903529737
v2659,https://www.douyin.com/video/7641904510335536425
v2660,https://www.douyin.com/video/7641598676850330899
v2661,https://www.douyin.com/video/7641976347119652130
v2662,https://www.douyin.com/note/7641827973796384113
v2663,https://www.douyin.com/video/7640925904062975286
v2664,https://www.douyin.com/video/7620289640393706767
v2665,https://www.douyin.com/video/7638601261663888113
v2666,https://www.douyin.com/video/7641466930230272882
v2667,https://www.douyin.com/video/7638895229323463970
v2668,https://www.douyin.com/video/7638255732845055226
v2669,https://www.douyin.com/video/7641905859987249542
v2670,https://www.douyin.com/note/7641676613764546283
v2671,https://www.douyin.com/video/7637956000854674724
v2672,https://www.douyin.com/video/7612105951876877595
v2673,https://www.douyin.com/video/7613855741874654500
v2674,https://www.douyin.com/video/7641829017993219514
v2675,https://www.douyin.com/video/7624121672656829809
v2676,https://www.douyin.com/video/7641249107083824436
v2677,https://www.douyin.com/video/7641929442692751860
v2678,https://www.douyin.com/video/7640783656423869711
v2679,https://www.douyin.com/video/7608910747938412735
v2680,https://www.douyin.com/video/7639072581525490994
v2681,https://www.douyin.com/video/7641518646388780154
v2682,https://www.douyin.com/video/7634730690298795471
v2683,https://www.douyin.com/video/7626935903987274831
v2684,https://www.douyin.com/video/7623989674436229730
v2685,https://www.douyin.com/video/7624682279609434959
v2686,https://www.douyin.com/video/7621733482763381986
v2687,https://www.douyin.com/video/7621020106257276084
v2688,https://www.douyin.com/video/7630286244237135040
v2689,https://www.douyin.com/video/7630658647866164928
v2690,https://www.douyin.com/video/7631019446098292148
v2691,https://www.douyin.com/video/7632131318063145699
v2692,https://www.douyin.com/video/7641615975448043235
v2693,https://www.douyin.com/video/7641154209705938211
v2694,https://www.douyin.com/video/7617761601289981234
v2695,https://www.douyin.com/note/7641942358637120614
v2696,https://www.douyin.com/video/7640751896752129957
v2697,https://www.douyin.com/video/7624925247334042931
v2698,https://www.douyin.com/note/7641986199884560570
v2699,https://www.douyin.com/video/7641607690099677284
v2700,https://www.douyin.com/video/7617121408871739636
v2701,https://www.douyin.com/video/7640385848127677794
v2702,https://www.douyin.com/video/7637448162387998907
v2703,https://www.douyin.com/note/7641957884179418728
v2704,https://www.douyin.com/video/7640661896463835343
v2705,https://www.douyin.com/video/7631162279354060072
v2706,https://www.douyin.com/note/7641957669293156314
v2707,https://www.douyin.com/video/7628875165211970879
v2708,https://www.douyin.com/video/7641564829924248847
v2709,https://www.douyin.com/note/7641195843656650682
v2710,https://www.douyin.com/video/7641865161846341044
v2711,https://www.douyin.com/video/7640710441894694187
v2712,https://www.douyin.com/video/7572254193524804870
v2713,https://www.douyin.com/video/7641901405183151401
v2714,https://www.douyin.com/video/7641973689973854655
v2715,https://www.douyin.com/video/7639779366855052598
v2716,https://www.douyin.com/video/7641587900005551402
v2717,https://www.douyin.com/video/7641313002104294662
v2718,https://www.douyin.com/video/7598021581293554970
v2719,https://www.douyin.com/video/7640035942895619378
v2720,https://www.douyin.com/video/7641851124537920804
v2721,https://www.douyin.com/video/7640669182586438321
v2722,https://www.douyin.com/note/7374685799905824039
v2723,https://www.douyin.com/video/7641881812507151667
v2724,https://www.douyin.com/video/7641808946928872818
v2725,https://www.douyin.com/video/7641854375014567214
v2726,https://www.douyin.com/video/7640111463043437545
v2727,https://www.douyin.com/note/7290781276905196860
v2728,https://www.douyin.com/video/7618218361196973339
v2729,https://www.douyin.com/video/7640328424704211121
v2730,https://www.douyin.com/video/7641849825369470693
v2731,https://www.douyin.com/video/7031291040057265412
v2732,https://www.douyin.com/video/7322750440263765299
v2733,https://www.douyin.com/video/7641648050196214710
v2734,https://www.douyin.com/video/7634452801971986025
v2735,https://www.douyin.com/video/7640203539952276217
v2736,https://www.douyin.com/video/7631934833194765610
v2737,https://www.douyin.com/video/7137894484234226948
v2738,https://www.douyin.com/video/7639693694676815119
v2739,https://www.douyin.com/video/7636588181991757561
v2740,https://www.douyin.com/video/7564633982026353969
v2741,https://www.douyin.com/video/7513953475979332916
v2742,https://www.douyin.com/note/7638267404740600421
v2743,https://www.douyin.com/video/7641249700738198117
v2744,https://www.douyin.com/note/7641946671573101297
v2745,https://www.douyin.com/video/7630434002846911763
v2746,https://www.douyin.com/video/7635268382116491940
v2747,https://www.douyin.com/note/7629937874763119595
v2748,https://www.douyin.com/video/7626342707321830336
v2749,https://www.douyin.com/video/7641992802892817073
v2750,https://www.douyin.com/video/7639999283248254250
v2751,https://www.douyin.com/video/7640811829500874010
v2752,https://www.douyin.com/video/7638586088759630719
v2753,https://www.douyin.com/video/7606388901392944403
v2754,https://www.douyin.com/video/7639617243601116788
v2755,https://www.douyin.com/note/7641952485238481390
v2756,https://www.douyin.com/video/7639707185073503322
v2757,https://www.douyin.com/video/7640534532029943082
v2758,https://www.douyin.com/video/7639728159406984474
v2759,https://www.douyin.com/video/7640758543481638186
v2760,https://www.douyin.com/video/7641599999700176169
v2761,https://www.douyin.com/video/7641849150463581647
v2762,https://www.douyin.com/video/7507190505390755113
v2763,https://www.douyin.com/video/7634866110849284746
v2764,https://www.douyin.com/video/7641996146755390756
v2765,https://www.douyin.com/video/7636970605883018532
v2766,https://www.douyin.com/video/7609004296274155697
v2767,https://www.douyin.com/video/7641387402447146274
v2768,https://www.douyin.com/video/7641943696950709113
v2769,https://www.douyin.com/video/7642019343370390790
v2770,https://www.douyin.com/video/7639306269832975473
v2771,https://www.douyin.com/video/7633311536546680118
v2772,https://www.douyin.com/video/7641636670218997011
v2773,https://www.douyin.com/video/7633622709843075569
v2774,https://www.douyin.com/video/7641944500710198139
v2775,https://www.douyin.com/note/7641581698366492069
v2776,https://www.douyin.com/video/7638164186802982187
v2777,https://www.douyin.com/note/7641464365166478065
v2778,https://www.douyin.com/video/7641951106264588435
v2779,https://www.douyin.com/note/7641963769346105585
v2780,https://www.douyin.com/video/7641806204884356393
v2781,https://www.douyin.com/video/7641076636980432154
v2782,https://www.douyin.com/video/7640087031074644453
v2783,https://www.douyin.com/video/7640772566893841704
v2784,https://www.douyin.com/video/7639274933125647657
v2785,https://www.douyin.com/video/7631121956973171622
v2786,https://www.douyin.com/video/7638915125034494298
v2787,https://www.douyin.com/video/7614774190936280307
v2788,https://www.douyin.com/video/7640389613077887963
v2789,https://www.douyin.com/video/7625977636954590527
v2790,https://www.douyin.com/note/7642127816193510907
v2791,https://www.douyin.com/video/7639643196473036072
v2792,https://www.douyin.com/note/7641457362734389971
v2793,https://www.douyin.com/video/7617779319281202063
v2794,https://www.douyin.com/video/7640442760122445809
v2795,https://www.douyin.com/video/7641799256008920329
v2796,https://www.douyin.com/video/7631881479346514378
v2797,https://www.douyin.com/note/7641927070549538681
v2798,https://www.douyin.com/video/7641077092955868458
v2799,https://www.douyin.com/video/7641908592388369785
v2800,https://www.douyin.com/video/7641847771669990710
v2801,https://www.douyin.com/video/7639351129034401161
v2802,https://www.douyin.com/video/7636806908032189627
v2803,https://www.douyin.com/video/7638512066348862729
v2804,https://www.douyin.com/video/7639952387209219380
v2805,https://www.douyin.com/video/7639625498502368522
v2806,https://www.douyin.com/video/7640677459297373466
v2807,https://www.douyin.com/video/7639198040129047817
v2808,https://www.douyin.com/video/7639785817292016937
v2809,https://www.douyin.com/video/7627046340816949923
v2810,https://www.douyin.com/video/7642019586073775414
v2811,https://www.douyin.com/note/7641548183495898993
v2812,https://www.douyin.com/video/7633658601064271281
v2813,https://www.douyin.com/note/7641790973387612261
v2814,https://www.douyin.com/video/7641579857603883259
v2815,https://www.douyin.com/video/7637404862115826985
v2816,https://www.douyin.com/video/7641637413521843109
v2817,https://www.douyin.com/video/7631114884729687302
v2818,https://www.douyin.com/video/7641517013877181722
v2819,https://www.douyin.com/video/7638945521235950217
v2820,https://www.douyin.com/video/7588064903701792858
v2821,https://www.douyin.com/video/7641989599929158921
v2822,https://www.douyin.com/video/7641596286093454281
v2823,https://www.douyin.com/note/7641464596310544293
v2824,https://www.douyin.com/video/7641937187571365733
v2825,https://www.douyin.com/video/7641447336794803483
v2826,https://www.douyin.com/video/7641624430569173158
v2827,https://www.douyin.com/video/7641521012726566170
v2828,https://www.douyin.com/video/7641769033201158513
v2829,https://www.douyin.com/video/7641890180336536884
v2830,https://www.douyin.com/video/7641794550939592622
v2831,https://www.douyin.com/video/7641900507484785929
v2832,https://www.douyin.com/video/7641537513382825279
v2833,https://www.douyin.com/video/7641631172666241506
v2834,https://www.douyin.com/video/7641778657497349011
v2835,https://www.douyin.com/video/7641944075880516910
v2836,https://www.douyin.com/video/7641434592659128058
v2837,https://www.douyin.com/video/7641854834572048059
v2838,https://www.douyin.com/video/7641871264399547578
v2839,https://www.douyin.com/video/7641561156208856354
v2840,https://www.douyin.com/note/7641968440026860922
v2841,https://www.douyin.com/video/7625650827176299822
v2842,https://www.douyin.com/note/7641510895059107438
v2843,https://www.douyin.com/video/7641912537881070848
v2844,https://www.douyin.com/video/7641438798391397684
v2845,https://www.douyin.com/video/7596268866525258161
v2846,https://www.douyin.com/note/7593299594852563313
v2847,https://www.douyin.com/video/7641921745368408177
v2848,https://www.douyin.com/video/7638598064865251529
v2849,https://www.douyin.com/video/7638636735958712691
v2850,https://www.douyin.com/video/7638981924510736266
v2851,https://www.douyin.com/video/7641943280678410202
v2852,https://www.douyin.com/video/7641994476608825330
v2853,https://www.douyin.com/video/7632971571041222747
v2854,https://www.douyin.com/video/7635015434341554266
v2855,https://www.douyin.com/note/7640705175074956617
v2856,https://www.douyin.com/video/7638870610157013577
v2857,https://www.douyin.com/video/7632517722244451603
v2858,https://www.douyin.com/video/7640858249910144265
v2859,https://www.douyin.com/video/7641093432358468453
v2860,https://www.douyin.com/video/7641914081684014309
v2861,https://www.douyin.com/video/7623000913125821113
v2862,https://www.douyin.com/video/7639669780148192104
v2863,https://www.douyin.com/video/7637522113049464083
v2864,https://www.douyin.com/video/7638527748830514478
v2865,https://www.douyin.com/note/7641988097148545600
v2866,https://www.douyin.com/video/7638495908056829210
v2867,https://www.douyin.com/video/7637857547424124166
v2868,https://www.douyin.com/note/7640025592377567461
v2869,https://www.douyin.com/video/7625570501294119793
v2870,https://www.douyin.com/video/7641921272696760241
v2871,https://www.douyin.com/video/7640056315776126638
v2872,https://www.douyin.com/note/7632946414674630898
v2873,https://www.douyin.com/note/7635649123387409838
v2874,https://www.douyin.com/video/7636267999049922506
v2875,https://www.douyin.com/note/7634927593041340273
v2876,https://www.douyin.com/note/7640814481375461873
v2877,https://www.douyin.com/note/7640853879970101961
v2878,https://www.douyin.com/video/7640416022968765702
v2879,https://www.douyin.com/video/7618564370768105971
v2880,https://www.douyin.com/video/7636379497285111075
v2881,https://www.douyin.com/video/7638969062207734491
v2882,https://www.douyin.com/note/7635664987260535973
v2883,https://www.douyin.com/video/7641883086498590066
v2884,https://www.douyin.com/video/7627326318220201258
v2885,https://www.douyin.com/video/7641898554641878272
v2886,https://www.douyin.com/video/7640852683209002259
v2887,https://www.douyin.com/video/7640504036315948708
v2888,https://www.douyin.com/video/7631963710710405519
v2889,https://www.douyin.com/video/7638214658083573034
v2890,https://www.douyin.com/video/7632203252158762294
v2891,https://www.douyin.com/video/7636724916246545265
v2892,https://www.douyin.com/video/7624099556065611054
v2893,https://www.douyin.com/video/7633359423825579310
v2894,https://www.douyin.com/video/7641260636801928494
v2895,https://www.douyin.com/video/7613744413912079086
v2896,https://www.douyin.com/video/7638483009146080518
v2897,https://www.douyin.com/video/7632808774000020763
v2898,https://www.douyin.com/video/7630500739090164907
v2899,https://www.douyin.com/note/7641192780509279473
v2900,https://www.douyin.com/note/7641254485012460105
v2901,https://www.douyin.com/note/7640905537575842634
v2902,https://www.douyin.com/note/7641980104667000677
v2903,https://www.douyin.com/video/7641871623968844465
v2904,https://www.douyin.com/video/7639751879433489700
v2905,https://www.douyin.com/video/7642157236475343433
v2906,https://www.douyin.com/video/7640078419359360618
v2907,https://www.douyin.com/video/7571820643797177081
v2908,https://www.douyin.com/video/7533927785448230204
v2909,https://www.douyin.com/video/7641997169448435599
v2910,https://www.douyin.com/video/7640334601018642842
v2911,https://www.douyin.com/video/7615087999890834170
v2912,https://www.douyin.com/video/7635900106802266470
v2913,https://www.douyin.com/video/7632229490348789018
v2914,https://www.douyin.com/note/7641210765709880436
v2915,https://www.douyin.com/video/7624728877017994707
v2916,https://www.douyin.com/video/7635579820882473051
v2917,https://www.douyin.com/note/7642138699031560101
v2918,https://www.douyin.com/video/7631608630508358950
v2919,https://www.douyin.com/video/7641517893062970353
v2920,https://www.douyin.com/video/7628519886091783434
v2921,https://www.douyin.com/video/7623692468399181110
v2922,https://www.douyin.com/video/7640161791862902058
v2923,https://www.douyin.com/video/7636632022798710618
v2924,https://www.douyin.com/note/7641911618532477861
v2925,https://www.douyin.com/video/7641142515667926607
v2926,https://www.douyin.com/video/7639601842016189171
v2927,https://www.douyin.com/video/7641754618288004773
v2928,https://www.douyin.com/video/7641749738718579974
v2929,https://www.douyin.com/video/7637640520827718243
v2930,https://www.douyin.com/video/7641773828838772654
v2931,https://www.douyin.com/note/7641971668847797617
v2932,https://www.douyin.com/video/7634586026912388584
v2933,https://www.douyin.com/video/7641560838022027193
v2934,https://www.douyin.com/video/7627073873436526757
v2935,https://www.douyin.com/video/7640048160703047537
v2936,https://www.douyin.com/video/7641770614834957620
v2937,https://www.douyin.com/note/7268662355330878731
v2938,https://www.douyin.com/note/7640672606735958144
v2939,https://www.douyin.com/video/7631136447492839345
v2940,https://www.douyin.com/video/7635157374226992393
v2941,https://www.douyin.com/video/7634880021257063726
v2942,https://www.douyin.com/video/7641955496958539505
v2943,https://www.douyin.com/video/7642206192093994222
v2944,https://www.douyin.com/video/7626717555978409807
v2945,https://www.douyin.com/video/7629697893066625699
v2946,https://www.douyin.com/video/7635398388192933051
v2947,https://www.douyin.com/note/7641978735466247793
v2948,https://www.douyin.com/note/7641992169448052340
v2949,https://www.douyin.com/video/7640002560736923307
v2950,https://www.douyin.com/video/7639018448932641417
v2951,https://www.douyin.com/video/7641997760493456746
v2952,https://www.douyin.com/video/7640472121403816101
v2953,https://www.douyin.com/video/7641658887933889801
v2954,https://www.douyin.com/video/7641853782141924965
v2955,https://www.douyin.com/video/7624515227249397001
v2956,https://www.douyin.com/video/7636616754223827889
v2957,https://www.douyin.com/video/7642139390059813311
v2958,https://www.douyin.com/video/7601036993795098874
v2959,https://www.douyin.com/video/6977684308060278047
v2960,https://www.douyin.com/video/7044175481653955875
v2961,https://www.douyin.com/video/7443750991889026358
v2962,https://www.douyin.com/video/7351611089383066899
v2963,https://www.douyin.com/video/7407675015052709129
v2964,https://www.douyin.com/video/7560634074801524009
v2965,https://www.douyin.com/video/7641133647591984399
v2966,https://www.douyin.com/video/7634509651976419747
v2967,https://www.douyin.com/video/7642010123333930249
v2968,https://www.douyin.com/video/7640624348764244715
v2969,https://www.douyin.com/note/7640527723043059072
v2970,https://www.douyin.com/video/7637698039943089462
v2971,https://www.douyin.com/video/7475505962984557835
v2972,https://www.douyin.com/video/7477841180340849939
v2973,https://www.douyin.com/video/7642402077361341297
v2974,https://www.douyin.com/video/7624138840539191529
v2975,https://www.douyin.com/video/7623669901248764662
v2976,https://www.douyin.com/video/7642232782277725449
v2977,https://www.douyin.com/video/7642305480940997903
v2978,https://www.douyin.com/video/7641043971356328410
v2979,https://www.douyin.com/video/7640669986113126835
v2980,https://www.douyin.com/note/7642334274553185481
v2981,https://www.douyin.com/note/7641390745447045258
v2982,https://www.douyin.com/note/7619691427631552411
v2983,https://www.douyin.com/note/7618926376619897242
v2984,https://www.douyin.com/video/7641847793083397065
v2985,https://www.douyin.com/video/7640364646038704506
v2986,https://www.douyin.com/video/7641659876527099146
v2987,https://www.douyin.com/note/7642347726395768443
v2988,https://www.douyin.com/video/7641482897349774635
v2989,https://www.douyin.com/video/7641750972523498806
v2990,https://www.douyin.com/video/7642500476856738937
v2991,https://www.douyin.com/note/7522814883722710335
v2992,https://www.douyin.com/note/7641570024708611813
v2993,https://www.douyin.com/note/7642004513470532209
v2994,https://www.douyin.com/video/7642153910320287027
v2995,https://www.douyin.com/video/7641850651487620378
v2996,https://www.douyin.com/video/7639669683456674112
v2997,https://www.douyin.com/note/7572935732949161188
v2998,https://www.douyin.com/note/7572573362740814547
v2999,https://www.douyin.com/note/7569975219168192950
v3000,https://www.douyin.com/note/7567395482360796779
v3001,https://www.douyin.com/note/7560672998136810791
v3002,https://www.douyin.com/note/7549215905042451731
v3003,https://www.douyin.com/note/7582923136905088262
v3004,https://www.douyin.com/note/7585504333073812799
v3005,https://www.douyin.com/note/7583300784113061183
v3006,https://www.douyin.com/video/7587834286327074089
v3007,https://www.douyin.com/note/7593677858763213482
v3008,https://www.douyin.com/video/7598974327241879657
v3009,https://www.douyin.com/note/7612300697593425078
v3010,https://www.douyin.com/note/7602818737502863871
v3011,https://www.douyin.com/note/7620076812517660139
v3012,https://www.douyin.com/note/7621872851397917574
v3013,https://www.douyin.com/note/7631975595672493163
v3014,https://www.douyin.com/note/7624107420890471891
v3015,https://www.douyin.com/note/7594857334125400438
v3016,https://www.douyin.com/note/7633057357728359003
v3017,https://www.douyin.com/note/7633021103762354149
v3018,https://www.douyin.com/video/7635868766160795264
v3019,https://www.douyin.com/video/7642232801031630260
v3020,https://www.douyin.com/video/7640004031838867539
v3021,https://www.douyin.com/video/7624802375269715242
v3022,https://www.douyin.com/video/7641949818240235001
v3023,https://www.douyin.com/video/7642252985473177202
v3024,https://www.douyin.com/video/7641016104004881670
v3025,https://www.douyin.com/video/7369909485323685170
v3026,https://www.douyin.com/video/7353240601787141402
v3027,https://www.douyin.com/note/7421892393818967308
v3028,https://www.douyin.com/video/7642500356052722546
v3029,https://www.douyin.com/video/7640333058469563654
v3030,https://www.douyin.com/video/7268682870305148172
v3031,https://www.douyin.com/video/7277525710854507832
v3032,https://www.douyin.com/video/7270101865914813748
v3033,https://www.douyin.com/video/7427061166565838107
v3034,https://www.douyin.com/video/7477008940413308223
v3035,https://www.douyin.com/video/7474301256417168651
v3036,https://www.douyin.com/note/7438238336600313099
v3037,https://www.douyin.com/note/7435998380402298153
v3038,https://www.douyin.com/note/7464650235659226425
v3039,https://www.douyin.com/video/7457763015757253946
v3040,https://www.douyin.com/video/7483186843479969084
v3041,https://www.douyin.com/note/7519204591406320954
v3042,https://www.douyin.com/video/7530321672076168506
v3043,https://www.douyin.com/video/7550273177243454778
v3044,https://www.douyin.com/note/7542517714939268411
v3045,https://www.douyin.com/video/7576632072858811813
v3046,https://www.douyin.com/note/7554741170662034747
v3047,https://www.douyin.com/note/7584114645334560058
v3048,https://www.douyin.com/note/7584361677739625777
v3049,https://www.douyin.com/note/7615213323961422961
v3050,https://www.douyin.com/note/7601913163990333179
v3051,https://www.douyin.com/note/7615605661913145009
v3052,https://www.douyin.com/video/7633064373581726395
v3053,https://www.douyin.com/note/7639645361564750257
v3054,https://www.douyin.com/video/7640900747891469753
v3055,https://www.douyin.com/video/7640778048844877094
v3056,https://www.douyin.com/video/7638250127282556170
v3057,https://www.douyin.com/video/7638225891499909455
v3058,https://www.douyin.com/note/7636807110374545145
v3059,https://www.douyin.com/video/7588412094455322469
v3060,https://www.douyin.com/note/7616982836385434042
v3061,https://www.douyin.com/video/7634147690976234771
v3062,https://www.douyin.com/note/7538003469815467290
v3063,https://www.douyin.com/video/7642329818277577851
v3064,https://www.douyin.com/video/7641565643929631611
v3065,https://www.douyin.com/video/7639684741788224820
v3066,https://www.douyin.com/video/7642641066525644709
v3067,https://www.douyin.com/video/7642576550210980687
v3068,https://www.douyin.com/video/7617414704324178083
v3069,https://www.douyin.com/video/7642662161822534918
v3070,https://www.douyin.com/video/7632398987760373038
v3071,https://www.douyin.com/video/7642734895973835155
v3072,https://www.douyin.com/note/7642632060419070441
v3073,https://www.douyin.com/note/7642312423534473798
v3074,https://www.douyin.com/video/7636177477363422394
v3075,https://www.douyin.com/video/7641541396981157161
v3076,https://www.douyin.com/video/7642186215239715721
v3077,https://www.douyin.com/video/7642288493298005577
v3078,https://www.douyin.com/video/7642397793276988722
v3079,https://www.douyin.com/video/7642569896072727871
v3080,https://www.douyin.com/video/7623258598379272869
v3081,https://www.douyin.com/video/7642116832871060297
v3082,https://www.douyin.com/video/7630679851314152064
v3083,https://www.douyin.com/video/7642650441827007921
v3084,https://www.douyin.com/video/7642595338189127865
v3085,https://www.douyin.com/note/7641236831405730937
v3086,https://www.douyin.com/video/7641530733291682289
v3087,https://www.douyin.com/video/7628845355476404131
v3088,https://www.douyin.com/video/7615616383725113841
v3089,https://www.douyin.com/note/7623990151991202993
v3090,https://www.douyin.com/video/7619301484014874298
v3091,https://www.douyin.com/video/7620997708899254257
v3092,https://www.douyin.com/note/7592209734344127204
v3093,https://www.douyin.com/video/7641802401641655717
v3094,https://www.douyin.com/note/7621066423670468303
v3095,https://www.douyin.com/note/7641086249176193977
v3096,https://www.douyin.com/note/7642600404409085434
v3097,https://www.douyin.com/video/7614100265242918117
v3098,https://www.douyin.com/note/7642604738685963209
v3099,https://www.douyin.com/video/7638724795122584873
v3100,https://www.douyin.com/note/7642258669178973386
v3101,https://www.douyin.com/note/7642674602351483579
v3102,https://www.douyin.com/note/7512052675015150883
v3103,https://www.douyin.com/video/7641706638503693606
v3104,https://www.douyin.com/note/7636744495643788954
v3105,https://www.douyin.com/video/7641127782646287622
v3106,https://www.douyin.com/video/7641642485949262159
v3107,https://www.douyin.com/video/7641869328937192750
v3108,https://www.douyin.com/note/7642530097828807865
v3109,https://www.douyin.com/video/7632880970575793462
v3110,https://www.douyin.com/video/7642324635438157099
v3111,https://www.douyin.com/video/7642303501275598116
v3112,https://www.douyin.com/note/7642548097926760090
v3113,https://www.douyin.com/note/7642672731759466195
v3114,https://www.douyin.com/video/7641866928516409594
v3115,https://www.douyin.com/note/7641971343341010661
v3116,https://www.douyin.com/video/7642226071576766373
v3117,https://www.douyin.com/video/7642510104910561460
v3118,https://www.douyin.com/video/7579461243909099374
v3119,https://www.douyin.com/video/7282428107624025381
v3120,https://www.douyin.com/video/7286418228723682579
v3121,https://www.douyin.com/video/7200362616441638203
v3122,https://www.douyin.com/video/7504274071909190939
v3123,https://www.douyin.com/video/7329572336871443746
v3124,https://www.douyin.com/video/7336820561869360421
v3125,https://www.douyin.com/video/7638876612004942437
v3126,https://www.douyin.com/video/7642593865618890831
v3127,https://www.douyin.com/video/7639815889256271144
v3128,https://www.douyin.com/note/7641082075441942632
v3129,https://www.douyin.com/video/7632518318105342649
v3130,https://www.douyin.com/video/7576979018147237174
v3131,https://www.douyin.com/video/7623725546602410873
v3132,https://www.douyin.com/video/7641534512408792497
v3133,https://www.douyin.com/video/7640718523840400649
v3134,https://www.douyin.com/video/7642561625845110129
v3135,https://www.douyin.com/video/7639340467985254897
v3136,https://www.douyin.com/note/7639932491856015514
v3137,https://www.douyin.com/video/7641127602903584010
v3138,https://www.douyin.com/video/7641998930083720433
v3139,https://www.douyin.com/note/7642014175501480555
v3140,https://www.douyin.com/note/7642653290757459027
v3141,https://www.douyin.com/note/7642493407735007946
v3142,https://www.douyin.com/video/7640156475620396324
v3143,https://www.douyin.com/video/7642604363357179172
v3144,https://www.douyin.com/note/7629654200155132393
v3145,https://www.douyin.com/video/7641956517764656113
v3146,https://www.douyin.com/note/7641053046337172083
v3147,https://www.douyin.com/video/7640558465886342463
v3148,https://www.douyin.com/video/7638655276480330313
v3149,https://www.douyin.com/video/7622987880407428800
v3150,https://www.douyin.com/video/7637914600679335857
v3151,https://www.douyin.com/video/7642210178967817510
v3152,https://www.douyin.com/video/7614444059536444698
v3153,https://www.douyin.com/note/7642695018898573221
v3154,https://www.douyin.com/note/7642541961475518961
v3155,https://www.douyin.com/note/7642695019824632226
v3156,https://www.douyin.com/note/7642692839289732451
v3157,https://www.douyin.com/note/7642280052327991027
v3158,https://www.douyin.com/note/7642676649645359232
v3159,https://www.douyin.com/video/7642322322791222554
v3160,https://www.douyin.com/note/7610347772894654400
v3161,https://www.douyin.com/video/7634077139386939241
v3162,https://www.douyin.com/video/7642662950112709894
v3163,https://www.douyin.com/note/7641815792544019337
v3164,https://www.douyin.com/video/7642338615653303178
v3165,https://www.douyin.com/note/7642372874162081190
v3166,https://www.douyin.com/note/7642247654495768454
v3167,https://www.douyin.com/video/7642567778800586018
v3168,https://www.douyin.com/video/7642679178773959354
v3169,https://www.douyin.com/video/7642590396958182656
v3170,https://www.douyin.com/video/7627168910684973411
v3171,https://www.douyin.com/video/7642318751269948712
v3172,https://www.douyin.com/video/7576223707372090993
v3173,https://www.douyin.com/note/7642315617555213043
v3174,https://www.douyin.com/video/7512018751961779490
v3175,https://www.douyin.com/note/7642150208549362854
v3176,https://www.douyin.com/video/7620271419342998793
v3177,https://www.douyin.com/note/7289276291994422543
v3178,https://www.douyin.com/note/7559815871238819082
v3179,https://www.douyin.com/video/7533899167186341159
v3180,https://www.douyin.com/video/7642622931989794067
v3181,https://www.douyin.com/note/7264437133228707106
v3182,https://www.douyin.com/note/7585562638882114862
v3183,https://www.douyin.com/note/7429240824967335203
v3184,https://www.douyin.com/note/7611189751911757931
v3185,https://www.douyin.com/note/7624891404514341809
v3186,https://www.douyin.com/note/7638835641694288369
v3187,https://www.douyin.com/video/7642635905535148203
v3188,https://www.douyin.com/video/7642600813819676665
v3189,https://www.douyin.com/video/7635913497989902586
v3190,https://www.douyin.com/video/7633672892803408049
v3191,https://www.douyin.com/video/7638900445783691099
v3192,https://www.douyin.com/note/7633825796290196342
v3193,https://www.douyin.com/video/7607271107485824689
v3194,https://www.douyin.com/note/7519680818496687417
v3195,https://www.douyin.com/note/7556453885235072314
v3196,https://www.douyin.com/note/7597322722583029605
v3197,https://www.douyin.com/video/7589328551414579108
v3198,https://www.douyin.com/video/7600257144432250146
v3199,https://www.douyin.com/video/7541033038614383912
v3200,https://www.douyin.com/video/7541785460809551119
v3201,https://www.douyin.com/video/7543095432240614671
v3202,https://www.douyin.com/video/7546963338703064378
v3203,https://www.douyin.com/video/7563903376038595897
v3204,https://www.douyin.com/video/7563954336235048231
v3205,https://www.douyin.com/video/7565381905409379633
v3206,https://www.douyin.com/video/7571724683721892773
v3207,https://www.douyin.com/video/7578122496571341499
v3208,https://www.douyin.com/video/7579547219087879409
v3209,https://www.douyin.com/video/7574336322207588218
v3210,https://www.douyin.com/video/7592404201871946926
v3211,https://www.douyin.com/video/7592883185671739377
v3212,https://www.douyin.com/video/7594335301196423665
v3213,https://www.douyin.com/note/7543140336106638633
v3214,https://www.douyin.com/video/7634149131427057258
v3215,https://www.douyin.com/note/7611426168042836642
v3216,https://www.douyin.com/video/7595417021391739850
v3217,https://www.douyin.com/video/7606921804339088762
v3218,https://www.douyin.com/video/7607759009051448049
v3219,https://www.douyin.com/video/7639247409557671168
v3220,https://www.douyin.com/video/7637454569475230986
v3221,https://www.douyin.com/video/7642632039522470479
v3222,https://www.douyin.com/video/7642557633357991204
v3223,https://www.douyin.com/video/7640800532650659098
v3224,https://www.douyin.com/video/7642170126615473393
v3225,https://www.douyin.com/video/7626596803932179766
v3226,https://www.douyin.com/note/7642606653585808505
v3227,https://www.douyin.com/video/7642198831815327906
v3228,https://www.douyin.com/video/7638850981711756980
v3229,https://www.douyin.com/video/7634026385031329128
v3230,https://www.douyin.com/video/7631889455284854971
v3231,https://www.douyin.com/video/7641791903474051514
v3232,https://www.douyin.com/video/7638486401180323118
v3233,https://www.douyin.com/video/7636327429426397684
v3234,https://www.douyin.com/video/7632411717749804315
v3235,https://www.douyin.com/note/7620307801126762106
v3236,https://www.douyin.com/note/7626792812260582393
v3237,https://www.douyin.com/video/7628629661878068709
v3238,https://www.douyin.com/note/7628459120522208485
v3239,https://www.douyin.com/note/7627326996053570917
v3240,https://www.douyin.com/video/7628630497124439227
v3241,https://www.douyin.com/video/7633834326597158498
v3242,https://www.douyin.com/note/7633348661594413285
v3243,https://www.douyin.com/note/7634030619148751865
v3244,https://www.douyin.com/note/7638227019415235171
v3245,https://www.douyin.com/note/7640870838622802063
v3246,https://www.douyin.com/note/7642539573667361125
v3247,https://www.douyin.com/video/7632992959265404322
v3248,https://www.douyin.com/note/7641631225069598784
v3249,https://www.douyin.com/note/7641966421026568168
v3250,https://www.douyin.com/video/7642268134297607530
v3251,https://www.douyin.com/video/7640802857172611321
v3252,https://www.douyin.com/note/7639701555206619257
v3253,https://www.douyin.com/note/7642652302528412027
v3254,https://www.douyin.com/video/7635593717156017754
v3255,https://www.douyin.com/video/7561316330130853130
v3256,https://www.douyin.com/video/7524673145492688137
v3257,https://www.douyin.com/video/7537218328571022602
v3258,https://www.douyin.com/video/7633366580587580699
v3259,https://www.douyin.com/video/7631711599820398522
v3260,https://www.douyin.com/video/7636305377168035110
v3261,https://www.douyin.com/video/7582899852812635428
v3262,https://www.douyin.com/video/7640870057039568995
v3263,https://www.douyin.com/video/7636695888873871534
v3264,https://www.douyin.com/video/7642657428135227250
v3265,https://www.douyin.com/video/7639951981733367059
v3266,https://www.douyin.com/note/7642604253005596081
v3267,https://www.douyin.com/video/7639663041394583033
v3268,https://www.douyin.com/video/7633666655922474294
v3269,https://www.douyin.com/video/7622734066249483185
v3270,https://www.douyin.com/video/7642546893955947889
v3271,https://www.douyin.com/video/7642338252787060009
v3272,https://www.douyin.com/video/7613776805853973478
v3273,https://www.douyin.com/note/7641880053361896858
v3274,https://www.douyin.com/video/7640420759894033145
v3275,https://www.douyin.com/video/7624802751016439091
v3276,https://www.douyin.com/video/7641899423581215439
v3277,https://www.douyin.com/video/7638080080408792326
v3278,https://www.douyin.com/video/7593424519587482921
v3279,https://www.douyin.com/video/7638982751005183286
v3280,https://www.douyin.com/video/7635294479994916102
v3281,https://www.douyin.com/note/7641586902441990099
v3282,https://www.douyin.com/note/7568329384895194447
v3283,https://www.douyin.com/note/7589046568859249481
v3284,https://www.douyin.com/video/7642552852703527074
v3285,https://www.douyin.com/video/7634475550627400113
v3286,https://www.douyin.com/note/7642559977144199354
v3287,https://www.douyin.com/video/7641380606814850323
v3288,https://www.douyin.com/video/7603985016520095395
v3289,https://www.douyin.com/video/7620017378117650274
v3290,https://www.douyin.com/video/7540234434781580544
v3291,https://www.douyin.com/video/7601093220613343459
v3292,https://www.douyin.com/video/7615844081029445236
v3293,https://www.douyin.com/video/7622235132456589775
v3294,https://www.douyin.com/video/7598556342588920512
v3295,https://www.douyin.com/video/7632540635912461376
v3296,https://www.douyin.com/video/7606290690000262132
v3297,https://www.douyin.com/video/7564265110777171235
v3298,https://www.douyin.com/video/7642275892198646371
v3299,https://www.douyin.com/video/7642536939137504320
v3300,https://www.douyin.com/video/7642564472717165539
v3301,https://www.douyin.com/video/7642655622295850575
v3302,https://www.douyin.com/video/7548405168501558582
v3303,https://www.douyin.com/video/7620759562261466383
v3304,https://www.douyin.com/video/7634779791329152256
v3305,https://www.douyin.com/video/7502295879534103845
v3306,https://www.douyin.com/video/7635302172918467049
v3307,https://www.douyin.com/video/7638447329653148947
v3308,https://www.douyin.com/video/7604760931701492904
v3309,https://www.douyin.com/video/7635537060186672394
v3310,https://www.douyin.com/video/7215544644061383939
v3311,https://www.douyin.com/video/7640805807961805041
v3312,https://www.douyin.com/video/7614607005878372425
v3313,https://www.douyin.com/note/7523122086958566696
v3314,https://www.douyin.com/note/7604676984513936550
v3315,https://www.douyin.com/note/7635640696888611401
v3316,https://www.douyin.com/note/7639190660913904346
v3317,https://www.douyin.com/video/7641515386458659674
v3318,https://www.douyin.com/note/7642567818571792026
v3319,https://www.douyin.com/video/7641162108231132145
v3320,https://www.douyin.com/video/7638205696538934513
v3321,https://www.douyin.com/video/7638164178301930341
v3322,https://www.douyin.com/video/7625891862587152282
v3323,https://www.douyin.com/note/7634535907693028017
v3324,https://www.douyin.com/note/7642601674741428905
v3325,https://www.douyin.com/video/7624890342814573497
v3326,https://www.douyin.com/video/7640862498745645492
v3327,https://www.douyin.com/video/7637819912655801610
v3328,https://www.douyin.com/video/7642627150076832754
v3329,https://www.douyin.com/video/7638347631668963429
v3330,https://www.douyin.com/video/7517201665187941673
v3331,https://www.douyin.com/note/7642317575858257535
v3332,https://www.douyin.com/note/7642553901351038051
v3333,https://www.douyin.com/video/7641889174852770728
v3334,https://www.douyin.com/video/7639458234658589958
v3335,https://www.douyin.com/note/7642603199395959465
v3336,https://www.douyin.com/video/7631508431391821092
v3337,https://www.douyin.com/video/7632269692849476603
v3338,https://www.douyin.com/video/7640361201578752098
v3339,https://www.douyin.com/video/7641807558876867685
v3340,https://www.douyin.com/video/7632686747691859953
v3341,https://www.douyin.com/video/7639006949447240867
v3342,https://www.douyin.com/video/7632256160113252473
v3343,https://www.douyin.com/video/7626270221245975814
v3344,https://www.douyin.com/video/7641903614681056356
v3345,https://www.douyin.com/video/7642569978260835529
v3346,https://www.douyin.com/video/7642215184232404901
v3347,https://www.douyin.com/video/7640892897503530249
v3348,https://www.douyin.com/video/7634002049264806778
v3349,https://www.douyin.com/video/7642232572693671653
v3350,https://www.douyin.com/video/7636286824888945958
v3351,https://www.douyin.com/note/7641961836296699067
v3352,https://www.douyin.com/video/7633059621082598683
v3353,https://www.douyin.com/video/7635502670198869257
v3354,https://www.douyin.com/note/7641837153152144241
v3355,https://www.douyin.com/video/7642188289437889378
v3356,https://www.douyin.com/video/7640723505441366245
v3357,https://www.douyin.com/video/7641119321058865472
v3358,https://www.douyin.com/video/7641638980760505650
v3359,https://www.douyin.com/video/7640153390241250630
v3360,https://www.douyin.com/video/7640114271934552902
v3361,https://www.douyin.com/video/7642562159050053105
v3362,https://www.douyin.com/video/7637450545108944346
v3363,https://www.douyin.com/video/7640815788022189364
v3364,https://www.douyin.com/video/7642506250864856346
v3365,https://www.douyin.com/video/7640497988633545381
v3366,https://www.douyin.com/video/7642300901658590095
v3367,https://www.douyin.com/video/7641910068287725952
v3368,https://www.douyin.com/video/7642409161674849898
v3369,https://www.douyin.com/video/7638729384299466026
v3370,https://www.douyin.com/video/7642362818255426033
v3371,https://www.douyin.com/video/7642300717583864244
v3372,https://www.douyin.com/video/7631869834652856803
v3373,https://www.douyin.com/video/7596610119115982001
v3374,https://www.douyin.com/note/7636278134283223921
v3375,https://www.douyin.com/video/7642299919353450917
v3376,https://www.douyin.com/note/7635660972488800379
v3377,https://www.douyin.com/note/7638942136076320379
v3378,https://www.douyin.com/video/7639636002315763813
v3379,https://www.douyin.com/video/7285207760973679909
v3380,https://www.douyin.com/video/7190223975463570688
v3381,https://www.douyin.com/video/7135686424061316393
v3382,https://www.douyin.com/video/7636208960285969691
v3383,https://www.douyin.com/video/7641917665699249646
v3384,https://www.douyin.com/video/7626604486366137619
v3385,https://www.douyin.com/video/7641980317452947173
v3386,https://www.douyin.com/video/7637146995727961286
v3387,https://www.douyin.com/note/7641494826327922515
v3388,https://www.douyin.com/note/7636061446895506427
v3389,https://www.douyin.com/video/7505227516358905097
v3390,https://www.douyin.com/video/7636013753222846643
v3391,https://www.douyin.com/video/7613246553528526180
v3392,https://www.douyin.com/video/7591090278212128054
v3393,https://www.douyin.com/note/7638832162591272101
v3394,https://www.douyin.com/video/7630286939375062314
v3395,https://www.douyin.com/video/7624948998377344614
v3396,https://www.douyin.com/video/7640840251652770432
v3397,https://www.douyin.com/video/7641904711033050865
v3398,https://www.douyin.com/video/7642391846248795433
v3399,https://www.douyin.com/video/7641839962593201243
v3400,https://www.douyin.com/video/7637732707891465526
v3401,https://www.douyin.com/video/7640465767968170600
v3402,https://www.douyin.com/video/7636526649168946873
v3403,https://www.douyin.com/video/7627103667482009713
v3404,https://www.douyin.com/video/7635075080875424625
v3405,https://www.douyin.com/video/7641275714146685093
v3406,https://www.douyin.com/video/7632224067843542287
v3407,https://www.douyin.com/video/7638620672969850865
v3408,https://www.douyin.com/video/7642228138206662644
v3409,https://www.douyin.com/note/7640168773621875433
v3410,https://www.douyin.com/video/7641596866090415027
v3411,https://www.douyin.com/video/7636778775279883770
v3412,https://www.douyin.com/video/7642293144691789110
v3413,https://www.douyin.com/video/7642596475234553138
v3414,https://www.douyin.com/note/7642288539664796964
v3415,https://www.douyin.com/note/7641839291202691190
v3416,https://www.douyin.com/video/7642282615457734321
v3417,https://www.douyin.com/video/7642493521689609893
v3418,https://www.douyin.com/video/7501268027770555698
v3419,https://www.douyin.com/video/7642287149198462218
v3420,https://www.douyin.com/video/7619599876904488192
v3421,https://www.douyin.com/video/7640824071592329585
v3422,https://www.douyin.com/video/7625847995452894031
v3423,https://www.douyin.com/video/7433806547853118757
v3424,https://www.douyin.com/video/7359484967975439625
v3425,https://www.douyin.com/video/7456286803163761957
v3426,https://www.douyin.com/video/7576601308145208603
v3427,https://www.douyin.com/video/7426668045675826459
v3428,https://www.douyin.com/video/7534370256832924985
v3429,https://www.douyin.com/video/7392259662197919002
v3430,https://www.douyin.com/video/7530612157844344123
v3431,https://www.douyin.com/video/7515817866940403003
v3432,https://www.douyin.com/video/7422323026093493514
v3433,https://www.douyin.com/video/7427772511045176586
v3434,https://www.douyin.com/video/7404133329861184777
v3435,https://www.douyin.com/video/7455587529362918682
v3436,https://www.douyin.com/video/7413686275678555418
v3437,https://www.douyin.com/video/7362035669415316786
v3438,https://www.douyin.com/video/7513903880901102908
v3439,https://www.douyin.com/video/7544365003618569529
v3440,https://www.douyin.com/video/7548306132767755577
v3441,https://www.douyin.com/video/7518432850384522554
v3442,https://www.douyin.com/video/7530316829844376889
v3443,https://www.douyin.com/video/7438597492406570249
v3444,https://www.douyin.com/video/7351759651270118683
v3445,https://www.douyin.com/video/7526097388521033018
v3446,https://www.douyin.com/video/7542192844757306683
v3447,https://www.douyin.com/video/7504601570860911932
v3448,https://www.douyin.com/note/7469468291556183323
v3449,https://www.douyin.com/video/7534229329657613628
v3450,https://www.douyin.com/video/7437726661996449060
v3451,https://www.douyin.com/video/7439570054133435686
v3452,https://www.douyin.com/video/7642339964407074100
v3453,https://www.douyin.com/video/7633427525045357887
v3454,https://www.douyin.com/video/7636782354421402886
v3455,https://www.douyin.com/video/7638095758042884261
v3456,https://www.douyin.com/video/7638261491129105842
v3457,https://www.douyin.com/video/7629360412135410970
v3458,https://www.douyin.com/video/7640092315867974975
v3459,https://www.douyin.com/video/7606312817553077642
v3460,https://www.douyin.com/video/7642212298048550321
v3461,https://www.douyin.com/note/7633692055920017403
v3462,https://www.douyin.com/video/7642342145312416697
v3463,https://www.douyin.com/note/7417555710914891046
v3464,https://www.douyin.com/note/7564044420577037627
v3465,https://www.douyin.com/video/7641099411808537265
v3466,https://www.douyin.com/video/7634507000710674570
v3467,https://www.douyin.com/video/7611870895082196260
v3468,https://www.douyin.com/video/7640837798581660507
v3469,https://www.douyin.com/video/7642219030988988648
v3470,https://www.douyin.com/video/7640450238582410505
v3471,https://www.douyin.com/video/7639376320376868018
v3472,https://www.douyin.com/note/7641861908203887315
v3473,https://www.douyin.com/note/7635581525015497637
v3474,https://www.douyin.com/note/7636433621704711525
v3475,https://www.douyin.com/note/7641458270138324134
v3476,https://www.douyin.com/note/7640477806535592058
v3477,https://www.douyin.com/note/7642358397631699889
v3478,https://www.douyin.com/note/7573276845380083451
v3479,https://www.douyin.com/video/7641849522238958821
v3480,https://www.douyin.com/note/7641615271501592443
v3481,https://www.douyin.com/note/7377707501812256038
v3482,https://www.douyin.com/video/7379624668984053019
v3483,https://www.douyin.com/note/7421431653282680123
v3484,https://www.douyin.com/video/7422134850288700709
v3485,https://www.douyin.com/note/7390023792522775818
v3486,https://www.douyin.com/video/7496900982880095546
v3487,https://www.douyin.com/video/7489757070653181242
v3488,https://www.douyin.com/video/7638992798582543077
v3489,https://www.douyin.com/video/7639257418573039205
v3490,https://www.douyin.com/note/7639804692760306405
v3491,https://www.douyin.com/note/7641363402233692261
v3492,https://www.douyin.com/note/7634126364690895781
v3493,https://www.douyin.com/note/7223608520078429497
v3494,https://www.douyin.com/note/7641180199060713843
v3495,https://www.douyin.com/note/7641537860416843091
v3496,https://www.douyin.com/note/7618953316818520000
v3497,https://www.douyin.com/note/7641836578855613883
v3498,https://www.douyin.com/note/7614902381192883913
v3499,https://www.douyin.com/video/7635993928068476084
v3500,https://www.douyin.com/video/7630672036829973796
v3501,https://www.douyin.com/video/7642391742436893531
v3502,https://www.douyin.com/video/7628415845349231915
v3503,https://www.douyin.com/video/7641071824910977210
v3504,https://www.douyin.com/video/7640812220594814629
v3505,https://www.douyin.com/video/7640860468545965331
v3506,https://www.douyin.com/video/7636310864659795252
v3507,https://www.douyin.com/video/7640722589434780537
v3508,https://www.douyin.com/video/7635967297793871104
v3509,https://www.douyin.com/video/7637792285593324850
v3510,https://www.douyin.com/video/7642190505355522469
v3511,https://www.douyin.com/video/7642278223648165120
v3512,https://www.douyin.com/video/7639241323844898100
v3513,https://www.douyin.com/note/7642362202360708025
v3514,https://www.douyin.com/video/7640816658126553969
v3515,https://www.douyin.com/note/7635256222375718506
v3516,https://www.douyin.com/note/7642210037091744635
v3517,https://www.douyin.com/note/7642372611289130996
v3518,https://www.douyin.com/video/7642017060289056063
v3519,https://www.douyin.com/video/7642238335834676645
v3520,https://www.douyin.com/note/7642252598267195505
v3521,https://www.douyin.com/video/7641953859241778553
v3522,https://www.douyin.com/video/7594775402092102777
v3523,https://www.douyin.com/video/7638875752968080646
v3524,https://www.douyin.com/note/7639339209572791232
v3525,https://www.douyin.com/note/7640769976286496763
v3526,https://www.douyin.com/note/7621140019520364003
v3527,https://www.douyin.com/video/7638148342513536306
v3528,https://www.douyin.com/video/7640398961773268239
v3529,https://www.douyin.com/video/7637451097917970929
v3530,https://www.douyin.com/video/7641889392646180134
v3531,https://www.douyin.com/video/7640696467359627252
v3532,https://www.douyin.com/video/7642531081564532921
v3533,https://www.douyin.com/video/7642234417229942062
v3534,https://www.douyin.com/note/7642480858682748154
v3535,https://www.douyin.com/note/7641737548171276986
v3536,https://www.douyin.com/note/7642492491324759729
v3537,https://www.douyin.com/video/7642301264957841509
v3538,https://www.douyin.com/video/7641875694305224686
v3539,https://www.douyin.com/video/7635609134671454409
v3540,https://www.douyin.com/video/7633373524094225715
v3541,https://www.douyin.com/video/7642309051459587366
v3542,https://www.douyin.com/video/7642508569145649074
v3543,https://www.douyin.com/video/7640876038989417728
v3544,https://www.douyin.com/video/7641140047491714331
v3545,https://www.douyin.com/video/7642722011483213091
v3546,https://www.douyin.com/video/7641071197409904569
v3547,https://www.douyin.com/video/7630767591938826661
v3548,https://www.douyin.com/video/7626196197859382874
v3549,https://www.douyin.com/video/7642623446702165275
v3550,https://www.douyin.com/video/7635551327942217023
v3551,https://www.douyin.com/video/7642638563963828840
v3552,https://www.douyin.com/note/7642598543865365733
v3553,https://www.douyin.com/video/7630455198523841381
v3554,https://www.douyin.com/video/7630795853523111589
v3555,https://www.douyin.com/note/7633038824067078139
v3556,https://www.douyin.com/video/7637733118724971003
v3557,https://www.douyin.com/note/7639330702589507749
v3558,https://www.douyin.com/note/7438548693722074378
v3559,https://www.douyin.com/note/7529873537482837286
v3560,https://www.douyin.com/note/7607510748562663049
v3561,https://www.douyin.com/note/7641964413020422066
v3562,https://www.douyin.com/note/7641539705100280043
v3563,https://www.douyin.com/video/7642658838352612634
v3564,https://www.douyin.com/video/7638205566241852699
v3565,https://www.douyin.com/video/7638672323360394534
v3566,https://www.douyin.com/video/7640431737943674164
v3567,https://www.douyin.com/video/7641545094767594761
v3568,https://www.douyin.com/video/7639689505674431754
v3569,https://www.douyin.com/video/7642532449381059894
v3570,https://www.douyin.com/video/7642298334446685459
v3571,https://www.douyin.com/note/7641922457871774821
v3572,https://www.douyin.com/video/7625985461990739242
v3573,https://www.douyin.com/video/7635262969752960945
v3574,https://www.douyin.com/video/7632308755123703040
v3575,https://www.douyin.com/video/7641820469461838563
v3576,https://www.douyin.com/video/7632380845315099947
v3577,https://www.douyin.com/video/7642361250173231330
v3578,https://www.douyin.com/video/7642791577932287355
v3579,https://www.douyin.com/video/7637444014006521514
v3580,https://www.douyin.com/video/7642549249321798922
v3581,https://www.douyin.com/video/7642278911401197002
v3582,https://www.douyin.com/note/7642575117809772358
v3583,https://www.douyin.com/note/7642911671342990565
v3584,https://www.douyin.com/video/7635918659080251003
v3585,https://www.douyin.com/video/7638682643885821227
v3586,https://www.douyin.com/video/7642244407231597860
v3587,https://www.douyin.com/video/7631924070266735878
v3588,https://www.douyin.com/video/7641950599306546438
v3589,https://www.douyin.com/video/7635462638823144634
v3590,https://www.douyin.com/video/7636365082867371291
v3591,https://www.douyin.com/video/7631447742103048613
v3592,https://www.douyin.com/video/7504905140319685927
v3593,https://www.douyin.com/video/7632279576366566513
v3594,https://www.douyin.com/video/7642687415764951163
v3595,https://www.douyin.com/video/7070823290662669582
v3596,https://www.douyin.com/video/7642884039767142642
v3597,https://www.douyin.com/video/7457869346363215114
v3598,https://www.douyin.com/video/7178772763409206583
v3599,https://www.douyin.com/video/7330833525765065984
v3600,https://www.douyin.com/video/7558366374948228404
v3601,https://www.douyin.com/video/7382159420551171337
v3602,https://www.douyin.com/video/7446033052742028585
v3603,https://www.douyin.com/video/7563596312495541545
v3604,https://www.douyin.com/video/7641975482611167355
v3605,https://www.douyin.com/video/7588915808894671857
v3606,https://www.douyin.com/video/7632743422906902502
v3607,https://www.douyin.com/video/7641818231997931904
v3608,https://www.douyin.com/note/7639369170489280369
v3609,https://www.douyin.com/video/7635250069645593883
v3610,https://www.douyin.com/note/7639804370401887162
v3611,https://www.douyin.com/note/7640390438101374201
v3612,https://www.douyin.com/note/7642398835901613307
v3613,https://www.douyin.com/note/7620147984906900345
v3614,https://www.douyin.com/video/7620876153980554531
v3615,https://www.douyin.com/video/7632676282848824602
v3616,https://www.douyin.com/video/7639159652732158833
v3617,https://www.douyin.com/video/7638853109099533033
v3618,https://www.douyin.com/video/7006721160511556899
v3619,https://www.douyin.com/video/7642554681230708011
v3620,https://www.douyin.com/video/7001293418831940899
v3621,https://www.douyin.com/video/7642518687220480906
v3622,https://www.douyin.com/video/7642590082856517797
v3623,https://www.douyin.com/video/7642732744955076197
v3624,https://www.douyin.com/video/7641893818719014190
v3625,https://www.douyin.com/video/7641646583859252506
v3626,https://www.douyin.com/note/7642586001449972329
v3627,https://www.douyin.com/video/7642704610449447604
v3628,https://www.douyin.com/video/7641096929044090131
v3629,https://www.douyin.com/video/7642207227659779577
v3630,https://www.douyin.com/video/7642757622714852261
v3631,https://www.douyin.com/video/7642392726457339209
v3632,https://www.douyin.com/video/7637774747668860203
v3633,https://www.douyin.com/video/7627078100823657763
v3634,https://www.douyin.com/note/7638323834463219173
v3635,https://www.douyin.com/video/7641623302011751732
v3636,https://www.douyin.com/video/7642207205755718975
v3637,https://www.douyin.com/video/7634118202980617535
v3638,https://www.douyin.com/video/7641864854433560241
v3639,https://www.douyin.com/note/7641478026623398065
v3640,https://www.douyin.com/video/7641544032975326515
v3641,https://www.douyin.com/video/7534964718503546155
v3642,https://www.douyin.com/video/7642319920927393649
v3643,https://www.douyin.com/video/7642649909506608290
v3644,https://www.douyin.com/video/7638872414566489064
v3645,https://www.douyin.com/note/7559016781231967542
v3646,https://www.douyin.com/video/7537594997734968615
v3647,https://www.douyin.com/video/7562543348143197467
v3648,https://www.douyin.com/video/7620261711098287540
v3649,https://www.douyin.com/video/7628873129699396910
v3650,https://www.douyin.com/note/7642664510469925818
v3651,https://www.douyin.com/video/7619299094078491967
v3652,https://www.douyin.com/video/7642658010795408314
v3653,https://www.douyin.com/video/7642731020857541561
v3654,https://www.douyin.com/video/7642662369264487706
v3655,https://www.douyin.com/video/7642495939970577083
v3656,https://www.douyin.com/video/7640801943954741578
v3657,https://www.douyin.com/video/7637768845751078507
v3658,https://www.douyin.com/video/7642784005351329064
v3659,https://www.douyin.com/video/7458891711230659897
v3660,https://www.douyin.com/note/7511165979063029031
v3661,https://www.douyin.com/note/7524923255145876796
v3662,https://www.douyin.com/note/7590010415279557938
v3663,https://www.douyin.com/note/7578705172236552390
v3664,https://www.douyin.com/note/7607050932027685349
v3665,https://www.douyin.com/note/7640238162593950181
v3666,https://www.douyin.com/note/7639078833149350885
v3667,https://www.douyin.com/note/7641893052650453925
v3668,https://www.douyin.com/note/7642870342679694522
v3669,https://www.douyin.com/note/7642680544639644334
v3670,https://www.douyin.com/video/7634508807901435574
v3671,https://www.douyin.com/video/7636342555952663814
v3672,https://www.douyin.com/video/7635918884398922673
v3673,https://www.douyin.com/video/7621532393535953018
v3674,https://www.douyin.com/video/7641991528008682767
v3675,https://www.douyin.com/video/7642847184845847035
v3676,https://www.douyin.com/note/7640457085923655866
v3677,https://www.douyin.com/video/7637124634957155594
v3678,https://www.douyin.com/video/7629661008881061160
v3679,https://www.douyin.com/note/7642337806710693284
v3680,https://www.douyin.com/video/7635238065820671656
v3681,https://www.douyin.com/note/7634916184387942377
v3682,https://www.douyin.com/video/7642842121762861221
v3683,https://www.douyin.com/video/7637465185959473125
v3684,https://www.douyin.com/video/7527086771847449902
v3685,https://www.douyin.com/note/7641616299973504229
v3686,https://www.douyin.com/video/7602565179603275044
v3687,https://www.douyin.com/video/7641533904284847403
v3688,https://www.douyin.com/note/7642733711378045297
v3689,https://www.douyin.com/video/7642674133314178323
v3690,https://www.douyin.com/video/7637021088313149347
v3691,https://www.douyin.com/video/7642235623906053411
v3692,https://www.douyin.com/video/7640474783394384242
v3693,https://www.douyin.com/note/7642128804509715923
v3694,https://www.douyin.com/note/7641460152999426405
v3695,https://www.douyin.com/note/7642268858635923685
v3696,https://www.douyin.com/video/7616218842754384768
v3697,https://www.douyin.com/note/7642051779072815497
v3698,https://www.douyin.com/video/7605501101932072243
v3699,https://www.douyin.com/video/7638642278046682374
v3700,https://www.douyin.com/video/7642235939472805170
v3701,https://www.douyin.com/video/7642560010245775794
v3702,https://www.douyin.com/note/7642874712402068219
v3703,https://www.douyin.com/video/7640075357899153009
v3704,https://www.douyin.com/note/7642802541478962536
v3705,https://www.douyin.com/note/7604393862479531304
v3706,https://www.douyin.com/note/7633798941578354310
v3707,https://www.douyin.com/note/7642708708501531065
v3708,https://www.douyin.com/video/7636208300970839302
v3709,https://www.douyin.com/video/7639311900748041487
v3710,https://www.douyin.com/video/7641533655400436379
v3711,https://www.douyin.com/video/7640269056147671409
v3712,https://www.douyin.com/video/7642284184031038763
v3713,https://www.douyin.com/note/7642310253098522084
v3714,https://www.douyin.com/note/7641349540273448113
v3715,https://www.douyin.com/video/7641067951235681482
v3716,https://www.douyin.com/video/7621146306284001743
v3717,https://www.douyin.com/video/7641933821890753134
v3718,https://www.douyin.com/video/7641638182521556230
v3719,https://www.douyin.com/video/7642727528578288906
v3720,https://www.douyin.com/video/7634397263875354213
v3721,https://www.douyin.com/note/7642777555963826171
v3722,https://www.douyin.com/video/7632320468732710195
v3723,https://www.douyin.com/video/7642660290899662824
v3724,https://www.douyin.com/video/7620347619139211707
v3725,https://www.douyin.com/video/7642622928583953674
v3726,https://www.douyin.com/note/7642761287559540834
v3727,https://www.douyin.com/video/7642886497678676858
v3728,https://www.douyin.com/video/7623503557513202979
v3729,https://www.douyin.com/video/7642770542462745275
v3730,https://www.douyin.com/video/7642613597755002152
v3731,https://www.douyin.com/video/7635240522830974248
v3732,https://www.douyin.com/video/7641139397034904873
v3733,https://www.douyin.com/video/7638199099711425835
v3734,https://www.douyin.com/video/7642546519270247689
v3735,https://www.douyin.com/video/7640100674579057983
v3736,https://www.douyin.com/note/7640364509198716858
v3737,https://www.douyin.com/note/7642693476391324288
v3738,https://www.douyin.com/video/7637048430195445038
v3739,https://www.douyin.com/video/7634075100232387881
v3740,https://www.douyin.com/note/7642798951356492671
v3741,https://www.douyin.com/video/7642787979703414729
v3742,https://www.douyin.com/note/7642794843458879606
v3743,https://www.douyin.com/video/7642803855909997843
v3744,https://www.douyin.com/video/7642780892898077105
v3745,https://www.douyin.com/video/7642841928451561074
v3746,https://www.douyin.com/video/7639683494842553713
v3747,https://www.douyin.com/video/7642877033702423013
v3748,https://www.douyin.com/video/7642815456978745321
v3749,https://www.douyin.com/note/7642775815607978491
v3750,https://www.douyin.com/note/7642793050671418542
v3751,https://www.douyin.com/note/7642779838521358257
v3752,https://www.douyin.com/note/7642785887118023403
v3753,https://www.douyin.com/note/7642816014984242266
v3754,https://www.douyin.com/note/7642775728757954553
v3755,https://www.douyin.com/note/7642902178079762290
v3756,https://www.douyin.com/note/7642793292668684197
v3757,https://www.douyin.com/note/7637938633508427505
v3758,https://www.douyin.com/note/7642875386636324211
v3759,https://www.douyin.com/note/7642798641573591915
v3760,https://www.douyin.com/video/7642884405069590985
v3761,https://www.douyin.com/note/7642777303240389297
v3762,https://www.douyin.com/video/7642795232139955508
v3763,https://www.douyin.com/video/7642795623804063018
v3764,https://www.douyin.com/video/7642779944154844281
v3765,https://www.douyin.com/video/7642800349589425442
v3766,https://www.douyin.com/video/7640891206821948922
v3767,https://www.douyin.com/video/7642627017212448010
v3768,https://www.douyin.com/video/7638894150674402602
v3769,https://www.douyin.com/video/7636286381953846592
v3770,https://www.douyin.com/video/7639220239510539530
v3771,https://www.douyin.com/video/7637481904098249999
v3772,https://www.douyin.com/video/7634549735223238843
v3773,https://www.douyin.com/video/7634357213112438031
v3774,https://www.douyin.com/video/7633728032469616114
v3775,https://www.douyin.com/video/7633331240103382306
v3776,https://www.douyin.com/video/7632638337156762920
v3777,https://www.douyin.com/video/7641795259487397745
v3778,https://www.douyin.com/video/7642524573220474164
v3779,https://www.douyin.com/video/7636964135560826153
v3780,https://www.douyin.com/video/7642688006385601834
v3781,https://www.douyin.com/video/7642610700166753254
v3782,https://www.douyin.com/note/7642698124259623089
v3783,https://www.douyin.com/note/7641249200851973864
v3784,https://www.douyin.com/video/7638920028871527686
v3785,https://www.douyin.com/video/7638876407598304554
v3786,https://www.douyin.com/video/7623427422842588458
v3787,https://www.douyin.com/note/7642726137420750995
v3788,https://www.douyin.com/video/7641391578971393343
v3789,https://www.douyin.com/video/7637829760319589638
v3790,https://www.douyin.com/video/7625919314198243057
v3791,https://www.douyin.com/note/7642503334746059238
v3792,https://www.douyin.com/video/7642687742271795065
v3793,https://www.douyin.com/video/7641159319320300809
v3794,https://www.douyin.com/video/7638897609360313642
v3795,https://www.douyin.com/video/7251818366988487997
v3796,https://www.douyin.com/video/7636061521503603983
v3797,https://www.douyin.com/video/7579854855314216305
v3798,https://www.douyin.com/video/7584413402408193318
v3799,https://www.douyin.com/video/7636617662633659694
v3800,https://www.douyin.com/video/7615689656096525578
v3801,https://www.douyin.com/video/7632656084628442410
v3802,https://www.douyin.com/video/7605515284484541706
v3803,https://www.douyin.com/video/7605515269456268553
v3804,https://www.douyin.com/video/7605515231976115482
v3805,https://www.douyin.com/video/7605515219703483657
v3806,https://www.douyin.com/video/7605515182323944750
v3807,https://www.douyin.com/video/7605515159611723017
v3808,https://www.douyin.com/video/7605515127378513162
v3809,https://www.douyin.com/video/7605515105152896283
v3810,https://www.douyin.com/video/7605515087230569779
v3811,https://www.douyin.com/video/7605571097030888755
v3812,https://www.douyin.com/video/7605515021233311027
v3813,https://www.douyin.com/video/7605515018452389158
v3814,https://www.douyin.com/video/7605571056929115418
v3815,https://www.douyin.com/video/7605514945744178458
v3816,https://www.douyin.com/video/7605514927494745395
v3817,https://www.douyin.com/video/7605514911757700403
v3818,https://www.douyin.com/video/7605514866220190985
v3819,https://www.douyin.com/video/7639798504445021483
v3820,https://www.douyin.com/note/7642554123561234533
v3821,https://www.douyin.com/note/7642850807138372008
v3822,https://www.douyin.com/video/7636632593663806783
v3823,https://www.douyin.com/video/7642661186869267764
v3824,https://www.douyin.com/note/7642000684187389307
v3825,https://www.douyin.com/video/7639897364475497769
v3826,https://www.douyin.com/video/7636703474570284314
v3827,https://www.douyin.com/video/7642601508227337481
v3828,https://www.douyin.com/video/7642640413509675441
v3829,https://www.douyin.com/video/7639661461920599347
v3830,https://www.douyin.com/video/7372509998393347355
v3831,https://www.douyin.com/video/7626837460948995370
v3832,https://www.douyin.com/note/7636213103315487406
v3833,https://www.douyin.com/video/7641936307165449535
v3834,https://www.douyin.com/video/7620574297475550502
v3835,https://www.douyin.com/video/7641996753054469403
v3836,https://www.douyin.com/video/7642723912375245967
v3837,https://www.douyin.com/video/7631469884479786249
v3838,https://www.douyin.com/video/7642576374032600347
v3839,https://www.douyin.com/video/7628963511456157925
v3840,https://www.douyin.com/video/7641150412007001385
v3841,https://www.douyin.com/video/7622655520344815016
v3842,https://www.douyin.com/note/7642646624229432229
v3843,https://www.douyin.com/video/7639047979769629297
v3844,https://www.douyin.com/video/7642297129565801728
v3845,https://www.douyin.com/note/7641489454364705701
v3846,https://www.douyin.com/video/7642786769590917282
v3847,https://www.douyin.com/video/7630016090336889187
v3848,https://www.douyin.com/note/7642714746483956827
v3849,https://www.douyin.com/video/7641910048238735546
v3850,https://www.douyin.com/video/7636783247317290278
v3851,https://www.douyin.com/video/7633483473319234842
v3852,https://www.douyin.com/video/7639049933538053403
v3853,https://www.douyin.com/video/7642570113393541349
v3854,https://www.douyin.com/video/7641535380084247854
v3855,https://www.douyin.com/note/7642289280198419081
v3856,https://www.douyin.com/video/7641817953637289279
v3857,https://www.douyin.com/video/7592555144030604598
v3858,https://www.douyin.com/video/7642696519154155365
v3859,https://www.douyin.com/video/7639694975332044074
v3860,https://www.douyin.com/note/7640727331267378681
v3861,https://www.douyin.com/video/7624065710725139750
v3862,https://www.douyin.com/video/7641181876337528118
v3863,https://www.douyin.com/video/7640888866651671834
v3864,https://www.douyin.com/video/7642665805499781617
v3865,https://www.douyin.com/video/7639061241775918355
v3866,https://www.douyin.com/video/7638954698803825966
v3867,https://www.douyin.com/video/7641658385124969791
v3868,https://www.douyin.com/video/7631871990810283274
v3869,https://www.douyin.com/video/7631871698257677631
v3870,https://www.douyin.com/video/7631871678473145636
v3871,https://www.douyin.com/video/7631871643383647531
v3872,https://www.douyin.com/video/7631871590476565796
v3873,https://www.douyin.com/video/7631871623653494059
v3874,https://www.douyin.com/video/7635510841269423401
v3875,https://www.douyin.com/note/7642690177358223993
v3876,https://www.douyin.com/video/7631498837811558388
v3877,https://www.douyin.com/video/7642633355153984804
v3878,https://www.douyin.com/note/7642744217386732835
v3879,https://www.douyin.com/video/7642684915892374830
v3880,https://www.douyin.com/video/7642758087174065450
v3881,https://www.douyin.com/note/7642519442379133504
v3882,https://www.douyin.com/video/7642552854888074534
v3883,https://www.douyin.com/video/7642513715450957091
v3884,https://www.douyin.com/video/7642663885304860047
v3885,https://www.douyin.com/note/7642527103288263525
v3886,https://www.douyin.com/video/7642661242808700211
v3887,https://www.douyin.com/note/7642852145540450737
v3888,https://www.douyin.com/note/7642691161598297851
v3889,https://www.douyin.com/video/7606198560085888292
v3890,https://www.douyin.com/video/7642531613225635078
v3891,https://www.douyin.com/note/7642599268490074363
v3892,https://www.douyin.com/video/7637274205164097445
v3893,https://www.douyin.com/video/7626342751559283697
v3894,https://www.douyin.com/video/7642464060675976180
v3895,https://www.douyin.com/video/7636776998580517027
v3896,https://www.douyin.com/video/7626249612503914601
v3897,https://www.douyin.com/video/7642282485384859557
v3898,https://www.douyin.com/video/7642346320360215217
v3899,https://www.douyin.com/video/7615614648406134035
v3900,https://www.douyin.com/video/7639678777034870054
v3901,https://www.douyin.com/video/7642467331328099505
v3902,https://www.douyin.com/video/7642523568382993649
v3903,https://www.douyin.com/video/7642660860061682963
v3904,https://www.douyin.com/video/7612982429430615348
v3905,https://www.douyin.com/video/7633377469635401209
v3906,https://www.douyin.com/video/7640691241260503657
v3907,https://www.douyin.com/video/7638173758204808486
v3908,https://www.douyin.com/video/7626406270274891402
v3909,https://www.douyin.com/video/7641916858186206499
v3910,https://www.douyin.com/video/7632700724744416165
v3911,https://www.douyin.com/video/7614669510078958894
v3912,https://www.douyin.com/video/7640844394837018489
v3913,https://www.douyin.com/video/7641981738919464305
v3914,https://www.douyin.com/video/7629998029999691958
v3915,https://www.douyin.com/video/7642242494016539919
v3916,https://www.douyin.com/video/7614420696541957382
v3917,https://www.douyin.com/video/7637483862787984692
v3918,https://www.douyin.com/video/7639764833344261416
v3919,https://www.douyin.com/video/7638964599215213865
v3920,https://www.douyin.com/video/7617419614347185450
v3921,https://www.douyin.com/video/7635236617287912731
v3922,https://www.douyin.com/video/7633438577204833897
v3923,https://www.douyin.com/video/7613031535792360723
v3924,https://www.douyin.com/video/7639042955710812410
v3925,https://www.douyin.com/video/7639580587531046182
v3926,https://www.douyin.com/video/7641973615197719858
v3927,https://www.douyin.com/video/7616279496861240616
v3928,https://www.douyin.com/video/7626045699465975994
v3929,https://www.douyin.com/video/7640773974569274666
v3930,https://www.douyin.com/video/7632248425513356595
v3931,https://www.douyin.com/video/7631535028229870330
v3932,https://www.douyin.com/video/7633634197526354811
v3933,https://www.douyin.com/video/7619756095514430771
v3934,https://www.douyin.com/video/7642274818447936814
v3935,https://www.douyin.com/video/7641493124740549929
v3936,https://www.douyin.com/video/7636336157877357864
v3937,https://www.douyin.com/video/7641258203683217562
v3938,https://www.douyin.com/video/7622196319360158991
v3939,https://www.douyin.com/video/7639678577814944118
v3940,https://www.douyin.com/video/7641162959258930459
v3941,https://www.douyin.com/video/7635886709804256512
v3942,https://www.douyin.com/video/7640219585991462207
v3943,https://www.douyin.com/video/7639762992334114082
v3944,https://www.douyin.com/video/7642292880367006129
v3945,https://www.douyin.com/video/7641174057773190410
v3946,https://www.douyin.com/video/7628546464389647670
v3947,https://www.douyin.com/video/7641207079637683507
v3948,https://www.douyin.com/note/7641620769806155947
v3949,https://www.douyin.com/video/7636020856788327571
v3950,https://www.douyin.com/video/7643027273431452978
v3951,https://www.douyin.com/video/7642937551452264418
v3952,https://www.douyin.com/note/7642900465193636086
v3953,https://www.douyin.com/video/7642932843391588202
v3954,https://www.douyin.com/video/7637615306113813811
v3955,https://www.douyin.com/video/7603428355723087114
v3956,https://www.douyin.com/note/7631619874929904902
v3957,https://www.douyin.com/video/7642700473459887793
v3958,https://www.douyin.com/video/7627122251457289073
v3959,https://www.douyin.com/video/7642538363060276523
v3960,https://www.douyin.com/note/7641905043025905337
v3961,https://www.douyin.com/note/7642695461254626747
v3962,https://www.douyin.com/note/7642979296542153317
v3963,https://www.douyin.com/video/7536425378240351529
v3964,https://www.douyin.com/note/7641580934986805433
v3965,https://www.douyin.com/note/7642694813155252665
v3966,https://www.douyin.com/video/7642604757191131249
v3967,https://www.douyin.com/video/7642920161897712825
v3968,https://www.douyin.com/video/7638139583783774062
v3969,https://www.douyin.com/video/7640838750624402707
v3970,https://www.douyin.com/video/7634075112513260854
v3971,https://www.douyin.com/video/7641850154676522282
v3972,https://www.douyin.com/video/7573757564890942747
v3973,https://www.douyin.com/video/7642947183402028328
v3974,https://www.douyin.com/note/7642730178766485732
v3975,https://www.douyin.com/video/7642569264579076793
v3976,https://www.douyin.com/video/7641101339578386842
v3977,https://www.douyin.com/video/7596043658105802003
v3978,https://www.douyin.com/video/7641646595134270939
v3979,https://www.douyin.com/note/7642683603230609094
v3980,https://www.douyin.com/video/7642783438700875044
v3981,https://www.douyin.com/video/7642263440883674106
v3982,https://www.douyin.com/video/7637476622454706097
v3983,https://www.douyin.com/video/7627390960197186289
v3984,https://www.douyin.com/video/7639658247820987698
v3985,https://www.douyin.com/video/7641472843456187657
v3986,https://www.douyin.com/note/7641666092456464549
v3987,https://www.douyin.com/note/7642808155348642426
v3988,https://www.douyin.com/video/7642648515596317539
v3989,https://www.douyin.com/video/7618501894684824817
v3990,https://www.douyin.com/note/7642715386114823386
v3991,https://www.douyin.com/video/7639306519028355273
v3992,https://www.douyin.com/video/7642897637884153107
v3993,https://www.douyin.com/video/7642689185731703459
v3994,https://www.douyin.com/video/7629934385961192754
v3995,https://www.douyin.com/video/7637876549886201103
v3996,https://www.douyin.com/video/7630824038725668146
v3997,https://www.douyin.com/video/7633693013214003834
v3998,https://www.douyin.com/video/7621816438046706982
v3999,https://www.douyin.com/note/7642516606265888009
v4000,https://www.douyin.com/video/7626750011980756404
v4001,https://www.douyin.com/video/7104115550325968159
v4002,https://www.douyin.com/video/7162009507881585920
v4003,https://www.douyin.com/video/7550313327491026230
v4004,https://www.douyin.com/video/7342812711643827471
v4005,https://www.douyin.com/video/7502741850543148329
v4006,https://www.douyin.com/video/7511699006050471225
v4007,https://www.douyin.com/video/7632380837484416262
v4008,https://www.douyin.com/video/7624285471090281764
v4009,https://www.douyin.com/video/7632958394119505472
v4010,https://www.douyin.com/note/7641990454524116416
v4011,https://www.douyin.com/video/7642363727488956415
v4012,https://www.douyin.com/video/7640183900970437951
v4013,https://www.douyin.com/video/7624360105229018323
v4014,https://www.douyin.com/video/7636283910855336882
v4015,https://www.douyin.com/video/7642700173403790001
v4016,https://www.douyin.com/note/7642913883444043882
v4017,https://www.douyin.com/video/7641640028161985842
v4018,https://www.douyin.com/note/7642289307248733305
v4019,https://www.douyin.com/note/7642771440991437225
v4020,https://www.douyin.com/video/7587320891780910379
v4021,https://www.douyin.com/video/7627071099552943386
v4022,https://www.douyin.com/video/7642842438075359842
v4023,https://www.douyin.com/video/7642241968772765651
v4024,https://www.douyin.com/video/7614261271927541034
v4025,https://www.douyin.com/video/7642634813299494196
v4026,https://www.douyin.com/note/7626989421014830382
v4027,https://www.douyin.com/video/7618747219193171226
v4028,https://www.douyin.com/video/7640181911985409326
v4029,https://www.douyin.com/video/7642703300966797179
v4030,https://www.douyin.com/video/7641616409747104738
v4031,https://www.douyin.com/note/7639298329209531813
v4032,https://www.douyin.com/video/7633053830187420938
v4033,https://www.douyin.com/note/7640815713197094758
v4034,https://www.douyin.com/note/7642932278171711409
v4035,https://www.douyin.com/video/7632996637396489189
v4036,https://www.douyin.com/video/7567282033219849510
v4037,https://www.douyin.com/note/7641514649086935995
v4038,https://www.douyin.com/video/7604435046044421426
v4039,https://www.douyin.com/video/7595517453124324634
v4040,https://www.douyin.com/video/7641767580101657317
v4041,https://www.douyin.com/note/7641489742563974329
v4042,https://www.douyin.com/video/7628646607537458486
v4043,https://www.douyin.com/video/7631790247914917146
v4044,https://www.douyin.com/video/7642012015778614569
v4045,https://www.douyin.com/video/7642321918074440987
v4046,https://www.douyin.com/note/7640427908549220465
v4047,https://www.douyin.com/video/7636457784111795506
v4048,https://www.douyin.com/note/7642587231970494385
v4049,https://www.douyin.com/note/7642863607785398619
v4050,https://www.douyin.com/video/7642529822385261887
v4051,https://www.douyin.com/video/7642676432673459506
v4052,https://www.douyin.com/video/7642652953299537198
v4053,https://www.douyin.com/video/7642638070977839770
v4054,https://www.douyin.com/note/7642901924372086001
v4055,https://www.douyin.com/video/7639347796197379364
v4056,https://www.douyin.com/note/7642796269346196623
v4057,https://www.douyin.com/video/7505318010366856484
v4058,https://www.douyin.com/note/7638116875789398961
v4059,https://www.douyin.com/video/7622633647951328219
v4060,https://www.douyin.com/video/7640795935292006629
v4061,https://www.douyin.com/video/7641536852512899685
v4062,https://www.douyin.com/video/7520816869280959794
v4063,https://www.douyin.com/video/7624622797456723226
v4064,https://www.douyin.com/video/7642716341924826395
v4065,https://www.douyin.com/video/7621070634621160750
v4066,https://www.douyin.com/video/7634896749546657253
v4067,https://www.douyin.com/video/7586877613277596979
v4068,https://www.douyin.com/video/7642277689638247075
v4069,https://www.douyin.com/note/7642740654896254577
v4070,https://www.douyin.com/video/7612089310170434852
v4071,https://www.douyin.com/video/7637227912135019795
v4072,https://www.douyin.com/video/7642911922513300779
v4073,https://www.douyin.com/video/7639981146277921862
v4074,https://www.douyin.com/video/7641380746015634422
v4075,https://www.douyin.com/video/7640698821819696234
v4076,https://www.douyin.com/video/7640696902199141075
v4077,https://www.douyin.com/video/7633314594596900102
v4078,https://www.douyin.com/video/7634075137012223268
v4079,https://www.douyin.com/note/7642899471131025253
v4080,https://www.douyin.com/video/7642240182713229979
v4081,https://www.douyin.com/video/7543854447961673011
v4082,https://www.douyin.com/video/7642626380466769190
v4083,https://www.douyin.com/video/7634518043821685361
v4084,https://www.douyin.com/video/7621895951346699556
v4085,https://www.douyin.com/video/7642211762275749126
v4086,https://www.douyin.com/video/7640880154949280611
v4087,https://www.douyin.com/note/7642754145578140011
v4088,https://www.douyin.com/video/7642359168779006080
v4089,https://www.douyin.com/video/7642500629693502395
v4090,https://www.douyin.com/video/7642878594133396751
v4091,https://www.douyin.com/note/7642323593602582257
v4092,https://www.douyin.com/video/7642644342004578914
v4093,https://www.douyin.com/note/7642367139785219045
v4094,https://www.douyin.com/note/7642323551094218361
v4095,https://www.douyin.com/video/7640988571041664306
v4096,https://www.douyin.com/note/7643018568015745201
v4097,https://www.douyin.com/video/7617325090577428593
v4098,https://www.douyin.com/video/7636557111313842594
v4099,https://www.douyin.com/note/7643028063862180602
v4100,https://www.douyin.com/video/7642579611104120074
v4101,https://www.douyin.com/video/7643077217001458944
v4102,https://www.douyin.com/video/7642396477259631882
v4103,https://www.douyin.com/video/7503966013403172137
v4104,https://www.douyin.com/video/7622548831120395535
v4105,https://www.douyin.com/video/7614816367908228352
v4106,https://www.douyin.com/video/7603443132818001171
v4107,https://www.douyin.com/note/7642953428608530047
v4108,https://www.douyin.com/video/7642993403831110952
v4109,https://www.douyin.com/video/7638931589497425195
v4110,https://www.douyin.com/note/7642602714422217585
v4111,https://www.douyin.com/video/7640426187098273641
v4112,https://www.douyin.com/video/7599926979776892166
v4113,https://www.douyin.com/video/7635094696813163954
v4114,https://www.douyin.com/video/7633992034982763641
v4115,https://www.douyin.com/video/7618455350752070962
v4116,https://www.douyin.com/video/7584116413267283242
v4117,https://www.douyin.com/video/7642751653960093051
v4118,https://www.douyin.com/video/7643095481647664422
v4119,https://www.douyin.com/video/7636925055968070921
v4120,https://www.douyin.com/video/7643003079033490751
v4121,https://www.douyin.com/video/7640930142931422505
v4122,https://www.douyin.com/video/7636401756499326193
v4123,https://www.douyin.com/video/7639389361812852014
v4124,https://www.douyin.com/video/7642671455213276462
v4125,https://www.douyin.com/video/7603798908631911690
v4126,https://www.douyin.com/video/7634103305366539583
v4127,https://www.douyin.com/note/7642950998248299897
v4128,https://www.douyin.com/video/7618430474590915876
v4129,https://www.douyin.com/video/7636587328270290289
v4130,https://www.douyin.com/video/7635929587240046449
v4131,https://www.douyin.com/video/7642237471299965681
v4132,https://www.douyin.com/video/7631501765472472339
v4133,https://www.douyin.com/video/7642577997215681842
v4134,https://www.douyin.com/video/7629423680317148479
v4135,https://www.douyin.com/note/7643077984304553829
v4136,https://www.douyin.com/video/7642654284224095315
v4137,https://www.douyin.com/video/7627458226547674410
v4138,https://www.douyin.com/video/7642623955874376294
v4139,https://www.douyin.com/video/7639084665689412603
v4140,https://www.douyin.com/video/7575227827075796233
v4141,https://www.douyin.com/note/7642930974410789605
v4142,https://www.douyin.com/video/7642021951300586771
v4143,https://www.douyin.com/video/7635978335810241701
v4144,https://www.douyin.com/video/7639581492439666362
v4145,https://www.douyin.com/video/7638960228055014906
v4146,https://www.douyin.com/video/7638149088688590134
v4147,https://www.douyin.com/video/7642112735484306021
v4148,https://www.douyin.com/video/7634524823472885034
v4149,https://www.douyin.com/note/7634861548087077050
v4150,https://www.douyin.com/video/7642547033383387886
v4151,https://www.douyin.com/video/7629806342143757622
v4152,https://www.douyin.com/video/7633779076255288618
v4153,https://www.douyin.com/video/7642989429054092250
v4154,https://www.douyin.com/note/7643066288668458481
v4155,https://www.douyin.com/video/7580966721318685993
v4156,https://www.douyin.com/video/7389452283995524389
v4157,https://www.douyin.com/video/7391824037569170688
v4158,https://www.douyin.com/video/7369808976910896410
v4159,https://www.douyin.com/video/7346234202716785972
v4160,https://www.douyin.com/video/7543236759967698233
v4161,https://www.douyin.com/video/7265267850733047077
v4162,https://www.douyin.com/video/7504995274989882643
v4163,https://www.douyin.com/video/7604442479564702355
v4164,https://www.douyin.com/video/7606309839002281663
v4165,https://www.douyin.com/video/7618542663755608171
v4166,https://www.douyin.com/note/7610019984283294710
v4167,https://www.douyin.com/video/7619649335232331433
v4168,https://www.douyin.com/note/7621179240515570054
v4169,https://www.douyin.com/video/7623358259348380657
v4170,https://www.douyin.com/video/7621522825291485567
v4171,https://www.douyin.com/video/7627815840054421866
v4172,https://www.douyin.com/video/7624131825539816703
v4173,https://www.douyin.com/video/7638876294633762666
v4174,https://www.douyin.com/video/7505233385204337939
v4175,https://www.douyin.com/video/7641212590781140270
v4176,https://www.douyin.com/video/7629202616756604187
v4177,https://www.douyin.com/video/7641584918993405558
v4178,https://www.douyin.com/video/7604433936596405554
v4179,https://www.douyin.com/video/7641487673961483572
v4180,https://www.douyin.com/video/7507305498291555603
v4181,https://www.douyin.com/video/7643050510891621861
v4182,https://www.douyin.com/video/7599710263155133738
v4183,https://www.douyin.com/video/7636776116770999721
v4184,https://www.douyin.com/video/7563999787616357686
v4185,https://www.douyin.com/note/7642365811240091529
v4186,https://www.douyin.com/note/7634864762090233201
v4187,https://www.douyin.com/video/7642741703916508273
v4188,https://www.douyin.com/video/7616173136974761252
v4189,https://www.douyin.com/video/7637774675652693289
v4190,https://www.douyin.com/video/7641918182735264369
v4191,https://www.douyin.com/video/7605183726184658033
v4192,https://www.douyin.com/video/7597766213749443451
v4193,https://www.douyin.com/video/7608526867062264787
v4194,https://www.douyin.com/video/7610740746019043749
v4195,https://www.douyin.com/video/7611503840060421617
v4196,https://www.douyin.com/video/7612225783369934587
v4197,https://www.douyin.com/video/7614467247293535921
v4198,https://www.douyin.com/video/7618165153213088123
v4199,https://www.douyin.com/video/7618535043204140985
v4200,https://www.douyin.com/video/7620033379123942266
v4201,https://www.douyin.com/video/7622615728261650025
v4202,https://www.douyin.com/video/7622987145956163833
v4203,https://www.douyin.com/video/7626701394234811129
v4204,https://www.douyin.com/video/7629666996905241206
v4205,https://www.douyin.com/video/7631523826081357925
v4206,https://www.douyin.com/video/7635613061998919546
v4207,https://www.douyin.com/note/7641918875759803072
v4208,https://www.douyin.com/video/7629428098232028422
v4209,https://www.douyin.com/video/7552866748073086258
v4210,https://www.douyin.com/video/7641499004701805850
v4211,https://www.douyin.com/video/7635721827507096838
v4212,https://www.douyin.com/video/7641158411401216625
v4213,https://www.douyin.com/video/7567354797028953363
v4214,https://www.douyin.com/video/7636657671231376681
v4215,https://www.douyin.com/video/7531773193422376255
v4216,https://www.douyin.com/video/7643091207057444340
v4217,https://www.douyin.com/video/7632186311981403407
v4218,https://www.douyin.com/video/7643026372298854720
v4219,https://www.douyin.com/note/7641791502851189690
v4220,https://www.douyin.com/video/7642368756865415089
v4221,https://www.douyin.com/video/7604044766723968310
v4222,https://www.douyin.com/video/7643009020898787753
v4223,https://www.douyin.com/video/7639141722215189803
v4224,https://www.douyin.com/video/7641535899718241587
v4225,https://www.douyin.com/video/7615667736449994003
v4226,https://www.douyin.com/video/7584680759919725860
v4227,https://www.douyin.com/video/7641794339119937147
v4228,https://www.douyin.com/video/7638491557435428105
v4229,https://www.douyin.com/video/7620354687094541578
v4230,https://www.douyin.com/note/7642872450866290661
v4231,https://www.douyin.com/video/7643195775400332594
v4232,https://www.douyin.com/video/7632945831565430059
v4233,https://www.douyin.com/video/7638607216144359269
v4234,https://www.douyin.com/video/7634458517915204017
v4235,https://www.douyin.com/video/7623403257418763556
v4236,https://www.douyin.com/video/7632659582749888933
v4237,https://www.douyin.com/video/7611297958998330678
v4238,https://www.douyin.com/note/7642909674308494321
v4239,https://www.douyin.com/video/7567437805022874899
v4240,https://www.douyin.com/video/7636811320695737663
v4241,https://www.douyin.com/video/7546652137372093739
v4242,https://www.douyin.com/video/7642877520706850553
v4243,https://www.douyin.com/video/7642506209711302833
v4244,https://www.douyin.com/note/7642948423704178105
v4245,https://www.douyin.com/video/7638126518186659078
v4246,https://www.douyin.com/video/7643013326964488122
v4247,https://www.douyin.com/video/7611339439537989093
v4248,https://www.douyin.com/video/7534981177082531111
v4249,https://www.douyin.com/note/7643021570923737209
v4250,https://www.douyin.com/video/7643026659016297769
v4251,https://www.douyin.com/video/7634647256674635049
v4252,https://www.douyin.com/video/7616277720608134001
v4253,https://www.douyin.com/video/7556065557250985226
v4254,https://www.douyin.com/video/7642304683532406031
v4255,https://www.douyin.com/video/7604477242114247946
v4256,https://www.douyin.com/note/7643057220427282422
v4257,https://www.douyin.com/video/7642949188040264970
v4258,https://www.douyin.com/video/7563585673597537577
v4259,https://www.douyin.com/video/7638677691290432677
v4260,https://www.douyin.com/video/7616205328723594534
v4261,https://www.douyin.com/note/7642957711994358265
v4262,https://www.douyin.com/video/7619305954089110826
v4263,https://www.douyin.com/video/7614864174309801659
v4264,https://www.douyin.com/video/7540211510627339571
v4265,https://www.douyin.com/video/7621235851812474166
v4266,https://www.douyin.com/video/7641843819482205466
v4267,https://www.douyin.com/video/7561692166003707145
v4268,https://www.douyin.com/video/7643046038156234010
v4269,https://www.douyin.com/video/7641246404731637034
v4270,https://www.douyin.com/video/7624774831216676150
v4271,https://www.douyin.com/video/7642658302568025398
v4272,https://www.douyin.com/video/7639181213810314550
v4273,https://www.douyin.com/video/7640918292999310634
v4274,https://www.douyin.com/video/7641189585493429514
v4275,https://www.douyin.com/note/7642578321615713984
v4276,https://www.douyin.com/video/7564853881457478931
v4277,https://www.douyin.com/video/7620524555191534479
v4278,https://www.douyin.com/video/7559282771135384883
v4279,https://www.douyin.com/video/7638494566630815589
v4280,https://www.douyin.com/video/7591545873532751142
v4281,https://www.douyin.com/video/7642348668217068841
v4282,https://www.douyin.com/video/7629212994777451786
v4283,https://www.douyin.com/video/7643027889302783155
v4284,https://www.douyin.com/video/7603960132468264234
v4285,https://www.douyin.com/video/7618164299822906353
v4286,https://www.douyin.com/video/7578520301210766642
v4287,https://www.douyin.com/note/7641193888657526138
v4288,https://www.douyin.com/video/7556065569779305754
v4289,https://www.douyin.com/video/7641564243129688522
v4290,https://www.douyin.com/video/7614068029919448363
v4291,https://www.douyin.com/video/7633004976533756404
v4292,https://www.douyin.com/video/7577633363511561514
v4293,https://www.douyin.com/video/7642536738182826681
v4294,https://www.douyin.com/video/7642903216618764522
v4295,https://www.douyin.com/video/7516350998551727420
v4296,https://www.douyin.com/video/7569481262760844947
v4297,https://www.douyin.com/video/7563558254766771515
v4298,https://www.douyin.com/video/7595945344093981971
v4299,https://www.douyin.com/video/7641981845064413642
v4300,https://www.douyin.com/video/7638219489468828954
v4301,https://www.douyin.com/video/7643021462312297393
v4302,https://www.douyin.com/video/7643072914066558378
v4303,https://www.douyin.com/video/7632187046043454772
v4304,https://www.douyin.com/video/7642809790950886666
v4305,https://www.douyin.com/video/7640809795008262099
v4306,https://www.douyin.com/video/7642748364823571930
v4307,https://www.douyin.com/video/7641153118259924274
v4308,https://www.douyin.com/video/7627170948680027430
v4309,https://www.douyin.com/note/7642308747482760102
v4310,https://www.douyin.com/video/7642130610965843206
v4311,https://www.douyin.com/video/7642997764200156479
v4312,https://www.douyin.com/video/7643088179209264249
v4313,https://www.douyin.com/video/7642984336463503013
v4314,https://www.douyin.com/video/7641069160739479872
v4315,https://www.douyin.com/note/7643153369818090112
v4316,https://www.douyin.com/video/7640507072967228835
v4317,https://www.douyin.com/video/7623468263091031350
v4318,https://www.douyin.com/video/7643151206017207578
v4319,https://www.douyin.com/video/7637615062340898111
v4320,https://www.douyin.com/note/7643077047049153637
v4321,https://www.douyin.com/note/7642615223643990713
v4322,https://www.douyin.com/video/7642216510421748721
v4323,https://www.douyin.com/video/7643170587892843355
v4324,https://www.douyin.com/video/7642006746831146282
v4325,https://www.douyin.com/video/7639598445992447259
v4326,https://www.douyin.com/video/7635138288937207025
v4327,https://www.douyin.com/video/7640812784288025862
v4328,https://www.douyin.com/video/7641555294430055722
v4329,https://www.douyin.com/video/7642639575450055098
v4330,https://www.douyin.com/video/7642933449867308874
v4331,https://www.douyin.com/video/7642751752764263722
v4332,https://www.douyin.com/video/7642528651066480356
v4333,https://www.douyin.com/video/7639434383883128100
v4334,https://www.douyin.com/video/7582936724498697513
v4335,https://www.douyin.com/video/7640804546504332922
v4336,https://www.douyin.com/video/7642899825415685622
v4337,https://www.douyin.com/video/7590345401715158406
v4338,https://www.douyin.com/video/7643055034917973435
v4339,https://www.douyin.com/video/7642655197592197494
v4340,https://www.douyin.com/video/7641914456079533691
v4341,https://www.douyin.com/video/7642793066239118646
v4342,https://www.douyin.com/video/7640771031251172840
v4343,https://www.douyin.com/video/7633970942788017826
v4344,https://www.douyin.com/video/7642697162572620517
v4345,https://www.douyin.com/video/7643116951362964778
v4346,https://www.douyin.com/video/7643113777877093651
v4347,https://www.douyin.com/video/7639211023844576563
v4348,https://www.douyin.com/video/7643159331739681201
v4349,https://www.douyin.com/note/7639398367374363379
v4350,https://www.douyin.com/video/7177357079831743802
v4351,https://www.douyin.com/note/7643092428073868698
v4352,https://www.douyin.com/video/7610285350732537946
v4353,https://www.douyin.com/note/7580004457401129162
v4354,https://www.douyin.com/note/7418923813133487414
v4355,https://www.douyin.com/video/7359526071525510437
v4356,https://www.douyin.com/video/7584686254772456740
v4357,https://www.douyin.com/video/7632543388340581715
v4358,https://www.douyin.com/video/7636278507161176954
v4359,https://www.douyin.com/video/7642391795909599845
v4360,https://www.douyin.com/video/7643011853988548197
v4361,https://www.douyin.com/video/7638933807765444323
v4362,https://www.douyin.com/video/7642199966467942474
v4363,https://www.douyin.com/video/7643036821140399266
v4364,https://www.douyin.com/video/7641599380928293626
v4365,https://www.douyin.com/note/7638308403241265146
v4366,https://www.douyin.com/video/7643036949758264305
v4367,https://www.douyin.com/note/7642303394397518705
v4368,https://www.douyin.com/video/7640062561844898789
v4369,https://www.douyin.com/note/7635197044509278790
v4370,https://www.douyin.com/video/7640057488344358118
v4371,https://www.douyin.com/video/7632600740632604773
v4372,https://www.douyin.com/note/7643051698093633785
v4373,https://www.douyin.com/video/7635459537281011007
v4374,https://www.douyin.com/video/7626778180086501297
v4375,https://www.douyin.com/video/7642656432269633654
v4376,https://www.douyin.com/video/7642583389110816010
v4377,https://www.douyin.com/video/7641905321912339731
v4378,https://www.douyin.com/video/7641540319980293376
v4379,https://www.douyin.com/video/7638207902361375154
v4380,https://www.douyin.com/video/7640410778360614150
v4381,https://www.douyin.com/video/7638632657735208255
v4382,https://www.douyin.com/video/7643052942585991807
v4383,https://www.douyin.com/video/7642333599919885631
v4384,https://www.douyin.com/video/7637905000409354107
v4385,https://www.douyin.com/video/7580090837632027923
v4386,https://www.douyin.com/video/7642193124848174266
v4387,https://www.douyin.com/video/7642188844686757171
v4388,https://www.douyin.com/note/7643001980395480905
v4389,https://www.douyin.com/note/7642649510698884276
v4390,https://www.douyin.com/video/7641965722034257593
v4391,https://www.douyin.com/note/7643081388179358838
v4392,https://www.douyin.com/video/7618927349857291571
v4393,https://www.douyin.com/video/7642982834151609466
v4394,https://www.douyin.com/video/7642312951614461157
v4395,https://www.douyin.com/video/7428853281574751539
v4396,https://www.douyin.com/video/7424778911927553290
v4397,https://www.douyin.com/video/7640701376943039154
v4398,https://www.douyin.com/video/7643021785910733924
v4399,https://www.douyin.com/video/7643003119089061154
v4400,https://www.douyin.com/video/7641455660298800384
v4401,https://www.douyin.com/note/7642609079718214900
v4402,https://www.douyin.com/video/7643076788709915298
v4403,https://www.douyin.com/video/7617782999132961969
v4404,https://www.douyin.com/video/7595498678714895654
v4405,https://www.douyin.com/video/7641531580049393658
v4406,https://www.douyin.com/video/7634539781200547802
v4407,https://www.douyin.com/note/7642688457119225523
v4408,https://www.douyin.com/video/7641605661608533166
v4409,https://www.douyin.com/video/7631636939925359913
v4410,https://www.douyin.com/note/7642912331664514697
v4411,https://www.douyin.com/video/7597733118020848942
v4412,https://www.douyin.com/video/7628711639667313963
v4413,https://www.douyin.com/video/7614148409917836598
v4414,https://www.douyin.com/video/7641541582268801137
v4415,https://www.douyin.com/video/7635990051948650111
v4416,https://www.douyin.com/video/7637738884289334555
v4417,https://www.douyin.com/video/7642300587032394473
v4418,https://www.douyin.com/video/7618514882899521710
v4419,https://www.douyin.com/video/7626336934676462966
v4420,https://www.douyin.com/video/7639668078426466299
v4421,https://www.douyin.com/video/7612888281084087578
v4422,https://www.douyin.com/video/7642649501252996462
v4423,https://www.douyin.com/video/7640492741612424490
v4424,https://www.douyin.com/video/7642952215585751546
v4425,https://www.douyin.com/video/7519920875169205545
v4426,https://www.douyin.com/video/7428912006125669643
v4427,https://www.douyin.com/video/7583045884443757866
v4428,https://www.douyin.com/video/7624285112984718601
v4429,https://www.douyin.com/note/7642518422668181873
v4430,https://www.douyin.com/video/7642628131728171106
v4431,https://www.douyin.com/note/7643036700943791707
v4432,https://www.douyin.com/video/7626750876610235690
v4433,https://www.douyin.com/note/7642986789254555562
v4434,https://www.douyin.com/video/7643069341864924155
v4435,https://www.douyin.com/video/7642532371031493942
v4436,https://www.douyin.com/video/7642144099249066323
v4437,https://www.douyin.com/video/7643040572425076602
v4438,https://www.douyin.com/video/7642329949031045497
v4439,https://www.douyin.com/video/7635146183116597119
v4440,https://www.douyin.com/video/7642708759902473472
v4441,https://www.douyin.com/video/7641904229363289384
v4442,https://www.douyin.com/video/7643145121256557878
v4443,https://www.douyin.com/video/7641142352249497023
v4444,https://www.douyin.com/video/7642354707076324849
v4445,https://www.douyin.com/note/7641574202273689841
v4446,https://www.douyin.com/video/7624572802745978792
v4447,https://www.douyin.com/video/7642688934867505081
v4448,https://www.douyin.com/video/7616699717338188729
v4449,https://www.douyin.com/video/7622991658782827451
v4450,https://www.douyin.com/video/7638483010123255059
v4451,https://www.douyin.com/video/7575403387957562678
v4452,https://www.douyin.com/video/7642959838125621934
v4453,https://www.douyin.com/note/7643089581194571686
v4454,https://www.douyin.com/video/7642634804882938843
v4455,https://www.douyin.com/video/7641553519605990569
v4456,https://www.douyin.com/video/7642944430579787694
v4457,https://www.douyin.com/video/7639679368926612782
v4458,https://www.douyin.com/note/7642988643615358547
v4459,https://www.douyin.com/video/7641083937243150062
v4460,https://www.douyin.com/video/7641168218103709402
v4461,https://www.douyin.com/video/7641490303488324467
v4462,https://www.douyin.com/video/7641604799494975706
v4463,https://www.douyin.com/video/7641785461911947849
v4464,https://www.douyin.com/video/7641371765423794163
v4465,https://www.douyin.com/video/7641944098606632394
v4466,https://www.douyin.com/note/7641945265453262794
v4467,https://www.douyin.com/note/7642121125912846694
v4468,https://www.douyin.com/video/7642231344042355438
v4469,https://www.douyin.com/note/7642121394416150426
v4470,https://www.douyin.com/note/7642270472387096666
v4471,https://www.douyin.com/video/7642357612382319846
v4472,https://www.douyin.com/video/7642489298021682249
v4473,https://www.douyin.com/video/7642679414330229385
v4474,https://www.douyin.com/note/7642936185203058866
v4475,https://www.douyin.com/video/7643039819626564879
v4476,https://www.douyin.com/video/7642289198615039284
v4477,https://www.douyin.com/video/7634901537336112475
v4478,https://www.douyin.com/note/7638254117177910446
v4479,https://www.douyin.com/video/7642904057660580006
v4480,https://www.douyin.com/video/7642809753715159658
v4481,https://www.douyin.com/video/7620726973966421302
v4482,https://www.douyin.com/video/7642987026207231251
v4483,https://www.douyin.com/video/7642960460837052159
v4484,https://www.douyin.com/video/7642375270176254707
v4485,https://www.douyin.com/video/7638481668546695846
v4486,https://www.douyin.com/video/7633983974351937734
v4487,https://www.douyin.com/video/7643125172710477094
v4488,https://www.douyin.com/video/7643045208745639926
v4489,https://www.douyin.com/video/7638576529932406035
v4490,https://www.douyin.com/video/7624441186917095281
v4491,https://www.douyin.com/note/7642417730968386993
v4492,https://www.douyin.com/video/7642413777551892553
v4493,https://www.douyin.com/video/7592154913522715913
v4494,https://www.douyin.com/video/7627702271026941211
v4495,https://www.douyin.com/note/7637516077157631601
v4496,https://www.douyin.com/video/7528627539200265535
v4497,https://www.douyin.com/note/7642676408342843761
v4498,https://www.douyin.com/video/7634485562867698086
v4499,https://www.douyin.com/video/7621160242831983589
v4500,https://www.douyin.com/video/7642703800851131849
v4501,https://www.douyin.com/video/7636066101616528646
v4502,https://www.douyin.com/note/7643002441731450211
v4503,https://www.douyin.com/video/7642716136643072433
v4504,https://www.douyin.com/video/7545421384655146266
v4505,https://www.douyin.com/video/7642357696352929009
v4506,https://www.douyin.com/video/7642725621596523124
v4507,https://www.douyin.com/video/7642654672091647266
v4508,https://www.douyin.com/video/7635114909306539314
v4509,https://www.douyin.com/video/7642634808195075337
v4510,https://www.douyin.com/video/7636400059675921727
v4511,https://www.douyin.com/video/7642311438052787919
v4512,https://www.douyin.com/video/7628103156703420041
v4513,https://www.douyin.com/video/7634003639983541567
v4514,https://www.douyin.com/video/7642950475722424697
v4515,https://www.douyin.com/video/7638192981057280741
v4516,https://www.douyin.com/video/7626757195199302954
v4517,https://www.douyin.com/video/7642848057360403738
v4518,https://www.douyin.com/video/7639739819182017403
v4519,https://www.douyin.com/video/7642923574366484452
v4520,https://www.douyin.com/note/7641900616885738234
v4521,https://www.douyin.com/video/7633355743391146466
v4522,https://www.douyin.com/video/7642773789259975999
v4523,https://www.douyin.com/note/7642653882917936034
v4524,https://www.douyin.com/video/7616218864589851945
v4525,https://www.douyin.com/video/7642923404685117169
v4526,https://www.douyin.com/video/7642612564081458033
v4527,https://www.douyin.com/video/7638612810771057926
v4528,https://www.douyin.com/video/7639329215598447891
v4529,https://www.douyin.com/video/7638413521529787749
v4530,https://www.douyin.com/video/7641250277668693105
v4531,https://www.douyin.com/video/7641866478447135099
v4532,https://www.douyin.com/video/7568485870543394895
v4533,https://www.douyin.com/video/7612698057737604386
v4534,https://www.douyin.com/video/7633292762678349098
v4535,https://www.douyin.com/video/7641912139959094566
v4536,https://www.douyin.com/video/7642659250624798129
v4537,https://www.douyin.com/video/7637811200881278190
v4538,https://www.douyin.com/video/7635108449223080443
v4539,https://www.douyin.com/video/7630040400888507761
v4540,https://www.douyin.com/video/7641520292619782395
v4541,https://www.douyin.com/video/7575933319789218043
v4542,https://www.douyin.com/note/7617451167199497969
v4543,https://www.douyin.com/video/7641416633776360767
v4544,https://www.douyin.com/video/7641091328986866426
v4545,https://www.douyin.com/video/7616910591055203620
v4546,https://www.douyin.com/video/7642846477827888211
v4547,https://www.douyin.com/video/7642144431021918629
v4548,https://www.douyin.com/video/7595101568261836075
v4549,https://www.douyin.com/note/7643077968398525285
v4550,https://www.douyin.com/note/7632407555289020837
v4551,https://www.douyin.com/video/7337906282046803251
v4552,https://www.douyin.com/video/7343693451470441737
v4553,https://www.douyin.com/note/7364834299347995955
v4554,https://www.douyin.com/note/7451306258721819915
v4555,https://www.douyin.com/note/7518250994426973498
v4556,https://www.douyin.com/note/7560953230529252665
v4557,https://www.douyin.com/note/7572973516913528741
v4558,https://www.douyin.com/note/7589227639241737201
v4559,https://www.douyin.com/video/7603623242700597690
v4560,https://www.douyin.com/note/7627550948424347834
v4561,https://www.douyin.com/note/7633127994950152827
v4562,https://www.douyin.com/note/7635369550310429179
v4563,https://www.douyin.com/note/7640557723583708795
v4564,https://www.douyin.com/video/7643109935307910985
v4565,https://www.douyin.com/note/7642753521422506063
v4566,https://www.douyin.com/video/7641880911219371263
v4567,https://www.douyin.com/video/7634075109556227391
v4568,https://www.douyin.com/note/7643020452235750842
v4569,https://www.douyin.com/video/7642989651598902410
v4570,https://www.douyin.com/video/7626040201114160427
v4571,https://www.douyin.com/video/7638501329408724234
v4572,https://www.douyin.com/video/7614063122885791017
v4573,https://www.douyin.com/video/7592101073351904531
v4574,https://www.douyin.com/video/7638683914902523155
v4575,https://www.douyin.com/video/7639391960701172840
v4576,https://www.douyin.com/video/7642755531845194054
v4577,https://www.douyin.com/video/7642687111997420169
v4578,https://www.douyin.com/note/7639695334348320486
v4579,https://www.douyin.com/video/7621493888087256802
v4580,https://www.douyin.com/video/7535806492935474447
v4581,https://www.douyin.com/video/7640429695137320235
v4582,https://www.douyin.com/video/7628557450538539686
v4583,https://www.douyin.com/video/7643205404697310117
v4584,https://www.douyin.com/video/7636620475107478784
v4585,https://www.douyin.com/video/7639634785732022713
v4586,https://www.douyin.com/video/7643055119742848299
v4587,https://www.douyin.com/video/7639203261467118179
v4588,https://www.douyin.com/video/7636685751090339163
v4589,https://www.douyin.com/video/7638478765463146662
v4590,https://www.douyin.com/note/7643003724801203067
v4591,https://www.douyin.com/video/7643114667636024554
v4592,https://www.douyin.com/video/7641087105825458417
v4593,https://www.douyin.com/video/7643367691809459475
v4594,https://www.douyin.com/video/7643263036048507493
v4595,https://www.douyin.com/video/7635543292671921074
v4596,https://www.douyin.com/video/7642560211785380544
v4597,https://www.douyin.com/video/7643006414184664372
v4598,https://www.douyin.com/video/7641462626886667529
v4599,https://www.douyin.com/note/7643285214580570597
v4600,https://www.douyin.com/note/7642039047791373801
v4601,https://www.douyin.com/note/7642289491382486129
v4602,https://www.douyin.com/video/7643364817524727653
v4603,https://www.douyin.com/video/7643179041637322035
v4604,https://www.douyin.com/video/7642488033447410555
v4605,https://www.douyin.com/video/7643376872709927924
v4606,https://www.douyin.com/video/7642623147987995946
v4607,https://www.douyin.com/note/7643438014093535089
v4608,https://www.douyin.com/note/7641796717554636943
v4609,https://www.douyin.com/note/7642649164698589297
v4610,https://www.douyin.com/video/7641956184668261672
v4611,https://www.douyin.com/note/7643098437844034451
v4612,https://www.douyin.com/video/7643054619036629681
v4613,https://www.douyin.com/video/7643411388446898597
v4614,https://www.douyin.com/video/7642799041575311204
v4615,https://www.douyin.com/note/7643096502638683243
v4616,https://www.douyin.com/note/7643429532657877742
v4617,https://www.douyin.com/video/7643304320512314707
v4618,https://www.douyin.com/video/7643094439079112026
v4619,https://www.douyin.com/video/7640202266821053748
v4620,https://www.douyin.com/video/7643408859138149678
v4621,https://www.douyin.com/note/7643015638249086651
v4622,https://www.douyin.com/video/7343615383158443316
v4623,https://www.douyin.com/note/7406820910117735692
v4624,https://www.douyin.com/note/7643015095149146953
v4625,https://www.douyin.com/video/7632625730165491098
v4626,https://www.douyin.com/video/7285161111723314486
v4627,https://www.douyin.com/video/6894803537642016014
v4628,https://www.douyin.com/video/7545789474723941692
v4629,https://www.douyin.com/video/7136819967558765861
v4630,https://www.douyin.com/video/7163552011898686751
v4631,https://www.douyin.com/video/7444919329084149042
v4632,https://www.douyin.com/note/7448616446885711131
v4633,https://www.douyin.com/video/7520200482347060543
v4634,https://www.douyin.com/video/7512324551674662180
v4635,https://www.douyin.com/video/7545755595691085075
v4636,https://www.douyin.com/video/7546141543732890899
v4637,https://www.douyin.com/note/7572097382305772287
v4638,https://www.douyin.com/video/7564063858693606698
v4639,https://www.douyin.com/note/7641992284980310514
v4640,https://www.douyin.com/video/7628992378028868531
v4641,https://www.douyin.com/note/7624072778912902834
v4642,https://www.douyin.com/note/7565895232304319759
v4643,https://www.douyin.com/note/7590266373675361908
v4644,https://www.douyin.com/note/7636390789417570786
v4645,https://www.douyin.com/note/7610751809208094080
v4646,https://www.douyin.com/note/7547315980599889190
v4647,https://www.douyin.com/video/7551424055048768827
v4648,https://www.douyin.com/video/7553102356825738553
v4649,https://www.douyin.com/video/7553680680006847802
v4650,https://www.douyin.com/video/7589188246447325413
v4651,https://www.douyin.com/note/7480881323725311289
v4652,https://www.douyin.com/video/7407778338451901707
v4653,https://www.douyin.com/video/7508409469077622073
v4654,https://www.douyin.com/video/7642778762639101225
v4655,https://www.douyin.com/video/7642312415895457070
v4656,https://www.douyin.com/note/7643050942543298299
v4657,https://www.douyin.com/note/7615247839022970545
v4658,https://www.douyin.com/video/7634289902598901033
v4659,https://www.douyin.com/video/7643250591192274545
v4660,https://www.douyin.com/video/7643062204539638692
v4661,https://www.douyin.com/video/7597076774087069797
v4662,https://www.douyin.com/video/7643115121858982245
v4663,https://www.douyin.com/video/7643368401317928933
v4664,https://www.douyin.com/video/7643289760027634853
v4665,https://www.douyin.com/video/7643206304005197091
v4666,https://www.douyin.com/video/7642549506352949224
v4667,https://www.douyin.com/note/7642025871298359546
v4668,https://www.douyin.com/video/7641209217826688262
v4669,https://www.douyin.com/note/7642896279949825250
v4670,https://www.douyin.com/video/7594750545462643994
v4671,https://www.douyin.com/video/7642716463589986664
v4672,https://www.douyin.com/video/7643257401390451994
v4673,https://www.douyin.com/video/7640569465645567232
v4674,https://www.douyin.com/note/7639222615382829922
v4675,https://www.douyin.com/note/7641935607610213731
v4676,https://www.douyin.com/video/7642643740675167220
v4677,https://www.douyin.com/video/7640063097386212020
v4678,https://www.douyin.com/note/7640093233846083235
v4679,https://www.douyin.com/note/7643114262684602019
v4680,https://www.douyin.com/video/7641880332265999668
v4681,https://www.douyin.com/video/7592175763038719241
v4682,https://www.douyin.com/video/7641532549814144262
v4683,https://www.douyin.com/video/7642873644977431417
v4684,https://www.douyin.com/video/7642758080245624165
v4685,https://www.douyin.com/video/7642937233766572454
v4686,https://www.douyin.com/video/7642773868154735935
v4687,https://www.douyin.com/video/7555028293146201386
v4688,https://www.douyin.com/video/7643088058133315185
v4689,https://www.douyin.com/video/7642722634446848713
v4690,https://www.douyin.com/video/7642320880773923825
v4691,https://www.douyin.com/video/7626313613065604395
v4692,https://www.douyin.com/video/7642506817595592354
v4693,https://www.douyin.com/video/7632624979841912118
v4694,https://www.douyin.com/note/7643293102895932602
v4695,https://www.douyin.com/video/7627316708923002175
v4696,https://www.douyin.com/video/7637414485251422863
v4697,https://www.douyin.com/video/7606647320557473074
v4698,https://www.douyin.com/video/7643002079829560305
v4699,https://www.douyin.com/video/7571709129199193380
v4700,https://www.douyin.com/video/7641508957244970687
v4701,https://www.douyin.com/video/7503743029602290971
v4702,https://www.douyin.com/video/7642546929676040646
v4703,https://www.douyin.com/video/7628465021466891206
v4704,https://www.douyin.com/video/7641913401786162809
v4705,https://www.douyin.com/note/7641879745407757541
v4706,https://www.douyin.com/video/7567315801414339903
v4707,https://www.douyin.com/video/7631525137003235173
v4708,https://www.douyin.com/video/7632682976871043939
v4709,https://www.douyin.com/video/7642632366325828918
v4710,https://www.douyin.com/video/7642999470330532840
v4711,https://www.douyin.com/video/7597668302841087982
v4712,https://www.douyin.com/video/7592921864947731753
v4713,https://www.douyin.com/video/7629388389900610175
v4714,https://www.douyin.com/video/7639302457101066469
v4715,https://www.douyin.com/note/7642639007767098213
v4716,https://www.douyin.com/video/7642878688761134521
v4717,https://www.douyin.com/video/7640392971996728622
v4718,https://www.douyin.com/video/7631923804956085513
v4719,https://www.douyin.com/video/7639490883247868660
v4720,https://www.douyin.com/video/7641318424584490278
v4721,https://www.douyin.com/video/7643327182093176115
v4722,https://www.douyin.com/video/7639324918089561317
v4723,https://www.douyin.com/video/7637338418338467112
v4724,https://www.douyin.com/note/7642686251284032895
v4725,https://www.douyin.com/video/7638230533944790090
v4726,https://www.douyin.com/video/7577688867340356918
v4727,https://www.douyin.com/video/7631137624283041062
v4728,https://www.douyin.com/video/7631695492845505830
v4729,https://www.douyin.com/video/7635223927586123334
v4730,https://www.douyin.com/video/7616235961114053898
v4731,https://www.douyin.com/video/7602943035290209587
v4732,https://www.douyin.com/video/7475776905648622908
v4733,https://www.douyin.com/note/7473436733082783002
v4734,https://www.douyin.com/video/7483867758829112615
v4735,https://www.douyin.com/video/7641838334814190181
v4736,https://www.douyin.com/video/7507626432287051047
v4737,https://www.douyin.com/video/7507617826712276275
v4738,https://www.douyin.com/video/7503030026091121946
v4739,https://www.douyin.com/video/7508059442367663419
v4740,https://www.douyin.com/video/7518742831637269810
v4741,https://www.douyin.com/video/7634154941501738240
v4742,https://www.douyin.com/video/7516884434918935819
v4743,https://www.douyin.com/video/7643288062604140467
v4744,https://www.douyin.com/video/7523198466874314044
v4745,https://www.douyin.com/video/7536033583241825587
v4746,https://www.douyin.com/video/7547655776416943414
v4747,https://www.douyin.com/video/7574049722005611769
v4748,https://www.douyin.com/video/7636701921536953600
v4749,https://www.douyin.com/video/7602798948902174890
v4750,https://www.douyin.com/video/7589682738686695798
v4751,https://www.douyin.com/video/7604481253751996906
v4752,https://www.douyin.com/video/7611555502379764091
v4753,https://www.douyin.com/video/7639962031155612938
v4754,https://www.douyin.com/video/7632286019097791807
v4755,https://www.douyin.com/video/7638192357275421961
v4756,https://www.douyin.com/video/7642679258086673716
v4757,https://www.douyin.com/video/7620078381186557681
v4758,https://www.douyin.com/video/7628974655282581594
v4759,https://www.douyin.com/video/7635224982776370639
v4760,https://www.douyin.com/video/7640180255336009006
v4761,https://www.douyin.com/video/7632248665335415227
v4762,https://www.douyin.com/video/7624737317315546406
v4763,https://www.douyin.com/note/7643091222861837435
v4764,https://www.douyin.com/video/7638589959138935217
v4765,https://www.douyin.com/video/7634516507276847206
v4766,https://www.douyin.com/video/7623796825849433350
v4767,https://www.douyin.com/video/7640513017910756274
v4768,https://www.douyin.com/video/7641833234518658345
v4769,https://www.douyin.com/note/7642969146573250880
v4770,https://www.douyin.com/note/7643128779582226299
v4771,https://www.douyin.com/video/7632149632952438035
v4772,https://www.douyin.com/video/7634918333594535033
v4773,https://www.douyin.com/video/7564018343804554522
v4774,https://www.douyin.com/video/7634838384934625128
v4775,https://www.douyin.com/video/7640146784203025329
v4776,https://www.douyin.com/video/7642989445226669497
v4777,https://www.douyin.com/video/7639770915345310363
v4778,https://www.douyin.com/video/7641563327415520522
v4779,https://www.douyin.com/video/7594319885883621563
v4780,https://www.douyin.com/video/7643108114581348986
v4781,https://www.douyin.com/video/7622615373707763173
v4782,https://www.douyin.com/video/7641140763090378089
v4783,https://www.douyin.com/note/7398777219331476762
v4784,https://www.douyin.com/note/7643064659914723066
v4785,https://www.douyin.com/video/7624350348338143909
v4786,https://www.douyin.com/video/7584000392095141161
v4787,https://www.douyin.com/video/7610254989638414538
v4788,https://www.douyin.com/video/7642522327233928938
v4789,https://www.douyin.com/note/7633693969465114019
v4790,https://www.douyin.com/note/7630791057572349285
v4791,https://www.douyin.com/video/7621060284299480339
v4792,https://www.douyin.com/video/7615471451164280165
v4793,https://www.douyin.com/note/7642925918700329654
v4794,https://www.douyin.com/video/7609396781578816794
v4795,https://www.douyin.com/video/7642949007341447537
v4796,https://www.douyin.com/video/7641503572810583322
v4797,https://www.douyin.com/video/7643044249709398385
v4798,https://www.douyin.com/video/7633371432249508985
v4799,https://www.douyin.com/video/7632668558220659387
v4800,https://www.douyin.com/video/7621781456888679699
v4801,https://www.douyin.com/video/7638477890267775594
v4802,https://www.douyin.com/video/7588213390699547910
v4803,https://www.douyin.com/video/7640765413740201856
v4804,https://www.douyin.com/note/7643053584833187099
v4805,https://www.douyin.com/video/7643043436346761331
v4806,https://www.douyin.com/video/7589682851231059219
v4807,https://www.douyin.com/video/7636387857896210809
v4808,https://www.douyin.com/note/7637477462864196785
v4809,https://www.douyin.com/note/7643314802147867121
v4810,https://www.douyin.com/video/7277877783307619640
v4811,https://www.douyin.com/video/7641940103313674425
v4812,https://www.douyin.com/video/7582958104321559834
v4813,https://www.douyin.com/video/7615938365568901029
v4814,https://www.douyin.com/video/7612951183016276913
v4815,https://www.douyin.com/video/7630789432157244849
v4816,https://www.douyin.com/video/7632374352587017523
v4817,https://www.douyin.com/video/7636989263698988330
v4818,https://www.douyin.com/video/7639333602598256378
v4819,https://www.douyin.com/video/7643392285480867712
v4820,https://www.douyin.com/video/7643422025477818358
v4821,https://www.douyin.com/video/7643337899777248552
v4822,https://www.douyin.com/video/7643403505813703970
v4823,https://www.douyin.com/video/7643405557483688569
v4824,https://www.douyin.com/note/7643453665811375225
v4825,https://www.douyin.com/video/7643406979007799205
v4826,https://www.douyin.com/video/7643343348333350179
v4827,https://www.douyin.com/video/7643313587432774258
v4828,https://www.douyin.com/video/7643414358211201457
v4829,https://www.douyin.com/video/7643502313029618944
v4830,https://www.douyin.com/video/7643308131636712421
v4831,https://www.douyin.com/video/7643390001724599397
v4832,https://www.douyin.com/video/7643133979775864070
v4833,https://www.douyin.com/video/7643298193442658403
v4834,https://www.douyin.com/video/7640820856004236186
v4835,https://www.douyin.com/video/7641526116763334655
v4836,https://www.douyin.com/note/7642039996913135295
v4837,https://www.douyin.com/video/7626709383153864357
v4838,https://www.douyin.com/video/7499043376180858121
v4839,https://www.douyin.com/video/7538833118690692390
v4840,https://www.douyin.com/note/7562827603528453435
v4841,https://www.douyin.com/video/7643106988682923304
v4842,https://www.douyin.com/note/7643223215141564027
v4843,https://www.douyin.com/video/7642277169910075121
v4844,https://www.douyin.com/video/7643433677494611882
v4845,https://www.douyin.com/video/7642760444943371539
v4846,https://www.douyin.com/video/7643517448402029834
v4847,https://www.douyin.com/note/7547264227036745019
v4848,https://www.douyin.com/video/7643236729150852371
v4849,https://www.douyin.com/video/7592877342491774074
v4850,https://www.douyin.com/video/7168354427273874725
v4851,https://www.douyin.com/video/7167390580299943181
v4852,https://www.douyin.com/video/7545810393156226350
v4853,https://www.douyin.com/video/7400711943515852047
v4854,https://www.douyin.com/video/7289695901893922108
v4855,https://www.douyin.com/video/7556624724064210176
v4856,https://www.douyin.com/video/7639246071609526758
v4857,https://www.douyin.com/video/7638260409740957617
v4858,https://www.douyin.com/note/7643789957593357032
v4859,https://www.douyin.com/note/7637022301884445425
v4860,https://www.douyin.com/note/7638236319634009254
v4861,https://www.douyin.com/video/7583949691412712755
v4862,https://www.douyin.com/video/7597507095579480777
v4863,https://www.douyin.com/video/7641546006974188815
v4864,https://www.douyin.com/note/7632983828680529137
v4865,https://www.douyin.com/video/7641466531289436854
v4866,https://www.douyin.com/video/7643265010802456932
v4867,https://www.douyin.com/video/7642263534491028788
v4868,https://www.douyin.com/video/7628296914382884106
v4869,https://www.douyin.com/note/7643271038117403520
v4870,https://www.douyin.com/video/7643757691848845489
v4871,https://www.douyin.com/video/7641405076476677439
v4872,https://www.douyin.com/video/7536267045541874987
v4873,https://www.douyin.com/note/7643831597137406693
v4874,https://www.douyin.com/video/7639092306007706934
v4875,https://www.douyin.com/note/7642206418922215609
v4876,https://www.douyin.com/note/7642302099480530298
v4877,https://www.douyin.com/note/7642693294195572339
v4878,https://www.douyin.com/note/7642293214720834112
v4879,https://www.douyin.com/note/7640498892694026233
v4880,https://www.douyin.com/video/7643362614638021930
v4881,https://www.douyin.com/note/7643262900988133499
v4882,https://www.douyin.com/note/7635330957302919104
v4883,https://www.douyin.com/note/7633759112878443633
v4884,https://www.douyin.com/video/7635905118936814075
v4885,https://www.douyin.com/video/7636237728950723177
v4886,https://www.douyin.com/video/7637531624724421818
v4887,https://www.douyin.com/note/7637936730418594809
v4888,https://www.douyin.com/note/7638549883276518107
v4889,https://www.douyin.com/video/7639770184182718330
v4890,https://www.douyin.com/video/7641875165077600881
v4891,https://www.douyin.com/video/7643721422254321273
v4892,https://www.douyin.com/video/7642410269352364389
v4893,https://www.douyin.com/video/7641558030559005998
v4894,https://www.douyin.com/video/7643750037448592666
v4895,https://www.douyin.com/video/7635515526026972345
v4896,https://www.douyin.com/video/7607309973383687025
v4897,https://www.douyin.com/video/7617802286471319525
v4898,https://www.douyin.com/video/7616985251566982754
v4899,https://www.douyin.com/video/7617096558240835493
v4900,https://www.douyin.com/video/7619269728977495483
v4901,https://www.douyin.com/video/7622292415823882929
v4902,https://www.douyin.com/video/7630088198438477818
v4903,https://www.douyin.com/video/7630690651147322816
v4904,https://www.douyin.com/video/7620790368037552867
v4905,https://www.douyin.com/video/7630843436131722853
v4906,https://www.douyin.com/video/7632265555643277523
v4907,https://www.douyin.com/video/7632905981026658036
v4908,https://www.douyin.com/video/7641210223303569871
v4909,https://www.douyin.com/video/7641937546817427432
v4910,https://www.douyin.com/video/7641587374103277177
v4911,https://www.douyin.com/video/7643365108534933108
v4912,https://www.douyin.com/note/7643774109926580846
v4913,https://www.douyin.com/video/7632248345796398342
v4914,https://www.douyin.com/video/6959317719565061390
v4915,https://www.douyin.com/video/7051783116842667297
v4916,https://www.douyin.com/video/7562459461965729034
v4917,https://www.douyin.com/video/7246770971942620450
v4918,https://www.douyin.com/video/7503468492595678479
v4919,https://www.douyin.com/video/7420609524295355687
v4920,https://www.douyin.com/video/7260071480673701174
v4921,https://www.douyin.com/video/7643608507178268027
v4922,https://www.douyin.com/video/7643805974544780580
v4923,https://www.douyin.com/video/7640056763546613376
v4924,https://www.douyin.com/video/7637847843802279333
v4925,https://www.douyin.com/video/7614378228137064015
v4926,https://www.douyin.com/video/7612227508763043577
v4927,https://www.douyin.com/video/7613014144296268276
v4928,https://www.douyin.com/video/7612155633795117812
v4929,https://www.douyin.com/video/7611521113822142562
v4930,https://www.douyin.com/video/7611150507424462051
v4931,https://www.douyin.com/video/7609673537373238888
v4932,https://www.douyin.com/video/7609264956983764643
v4933,https://www.douyin.com/video/7607478180253318464
v4934,https://www.douyin.com/video/7640350503327541157
v4935,https://www.douyin.com/video/7641901038149378484
v4936,https://www.douyin.com/video/7640719664309904805
v4937,https://www.douyin.com/video/7643308705219431715
v4938,https://www.douyin.com/video/7643396327246035828
v4939,https://www.douyin.com/video/7643156570235396083
v4940,https://www.douyin.com/video/7643798981320267749
v4941,https://www.douyin.com/video/7567401214267247915
v4942,https://www.douyin.com/video/7641475323586022719
v4943,https://www.douyin.com/video/7643738588605836657
v4944,https://www.douyin.com/video/7617310197727415602
v4945,https://www.douyin.com/video/7636343249536136165
v4946,https://www.douyin.com/note/7582181085221588273
v4947,https://www.douyin.com/note/7522932519395921210
v4948,https://www.douyin.com/video/7580368890897095354
v4949,https://www.douyin.com/note/7631928473108491441
v4950,https://www.douyin.com/video/7632667799550438522
v4951,https://www.douyin.com/note/7633782829826938097
v4952,https://www.douyin.com/note/7633265964747336817
v4953,https://www.douyin.com/video/7638979743827973861
v4954,https://www.douyin.com/note/7635632851241101233
v4955,https://www.douyin.com/note/7639735987043844337
v4956,https://www.douyin.com/video/7643723497416339366
v4957,https://www.douyin.com/note/7643315149747212401
v4958,https://www.douyin.com/note/7557311789186583827
v4959,https://www.douyin.com/video/7642793498323782921
v4960,https://www.douyin.com/note/7635906201582910079
v4961,https://www.douyin.com/note/7643680220936343803
v4962,https://www.douyin.com/video/7641218754613359771
v4963,https://www.douyin.com/video/7633342844673051955
v4964,https://www.douyin.com/video/7632485093541498154
v4965,https://www.douyin.com/note/7640282051907733605
v4966,https://www.douyin.com/note/7641015678266430577
v4967,https://www.douyin.com/video/7565164259370405147
v4968,https://www.douyin.com/video/7628296897932840201
v4969,https://www.douyin.com/note/7635946284382032586
v4970,https://www.douyin.com/video/7643309050911302362
v4971,https://www.douyin.com/note/7643778461572297064
v4972,https://www.douyin.com/video/7631587782913582585
v4973,https://www.douyin.com/note/7643290945643925413
v4974,https://www.douyin.com/video/7615946557766094118
v4975,https://www.douyin.com/video/7631915892410027300
v4976,https://www.douyin.com/video/7631964643572944166
v4977,https://www.douyin.com/video/7634524426721152319
v4978,https://www.douyin.com/video/7637803327568350505
v4979,https://www.douyin.com/video/7642932959490329768
v4980,https://www.douyin.com/video/7639735527574473994
v4981,https://www.douyin.com/video/7633862015118855434
v4982,https://www.douyin.com/video/7641931151678682609
v4983,https://www.douyin.com/video/7443041063708708123
v4984,https://www.douyin.com/video/7634116332358831400
v4985,https://www.douyin.com/note/7631859477940307947
v4986,https://www.douyin.com/video/7639207586550157988
v4987,https://www.douyin.com/video/7635993692721404031
v4988,https://www.douyin.com/video/7643667551256266341
v4989,https://www.douyin.com/video/7639249764999206571
v4990,https://www.douyin.com/video/7634607573345373450
v4991,https://www.douyin.com/video/7591623227471204026
v4992,https://www.douyin.com/video/7633685765255450353
v4993,https://www.douyin.com/video/7606372189595585833
v4994,https://www.douyin.com/video/7634443067986103571
v4995,https://www.douyin.com/video/7629638409568423208
v4996,https://www.douyin.com/video/7627050392769088777
v4997,https://www.douyin.com/video/7638973781561609526
v4998,https://www.douyin.com/video/7629878876264484139
v4999,https://www.douyin.com/note/7643751332037514963
v5000,https://www.douyin.com/video/7637031268294626579
v5001,https://www.douyin.com/video/7640884368017533678
v5002,https://www.douyin.com/video/7643671935222410405
v5003,https://www.douyin.com/note/7643420688891736571
v5004,https://www.douyin.com/note/7643257758972170097
v5005,https://www.douyin.com/note/7643437624480868186
v5006,https://www.douyin.com/note/7643375074851154082
v5007,https://www.douyin.com/video/7643418975234730670
v5008,https://www.douyin.com/note/7643372169208879579
v5009,https://www.douyin.com/video/7643279920156893797
v5010,https://www.douyin.com/video/7643026711819234405
v5011,https://www.douyin.com/note/7643015657532976370
v5012,https://www.douyin.com/video/7616987802522576244
v5013,https://www.douyin.com/video/7600301252257402155
v5014,https://www.douyin.com/note/7643494231642482606
v5015,https://www.douyin.com/video/7643053406278300155
v5016,https://www.douyin.com/note/7639647031632285928
v5017,https://www.douyin.com/video/7633151454077865818
v5018,https://www.douyin.com/video/7642417034831431400
v5019,https://www.douyin.com/video/7636734476084759547
v5020,https://www.douyin.com/note/7643589127552112357
v5021,https://www.douyin.com/video/7643755838558255594
v5022,https://www.douyin.com/video/7604212797639118116
v5023,https://www.douyin.com/video/7643356048170028351
v5024,https://www.douyin.com/note/7643674616648898402
v5025,https://www.douyin.com/video/7642042819430927662
v5026,https://www.douyin.com/note/7643632842630998257
v5027,https://www.douyin.com/video/7641930263101967652
v5028,https://www.douyin.com/video/7642925688839769407
v5029,https://www.douyin.com/video/7632419514008833307
v5030,https://www.douyin.com/video/7643602686512247781
v5031,https://www.douyin.com/note/7641078781608103397
v5032,https://www.douyin.com/video/7643668253956525364
v5033,https://www.douyin.com/note/7643621171405824320
v5034,https://www.douyin.com/video/7640133725598384763
v5035,https://www.douyin.com/video/7642022291819316462
v5036,https://www.douyin.com/video/7564687516327038249
v5037,https://www.douyin.com/video/7643496424415547776
v5038,https://www.douyin.com/video/7639992575339859206
v5039,https://www.douyin.com/video/7639923355713326388
v5040,https://www.douyin.com/note/7639699812334850950
v5041,https://www.douyin.com/video/7643721022072178323
v5042,https://www.douyin.com/video/7640440711652904202
v5043,https://www.douyin.com/note/7640514253397882323
v5044,https://www.douyin.com/video/7641463190143946018
v5045,https://www.douyin.com/note/7643728522871281910
v5046,https://www.douyin.com/video/7641821714212572457
v5047,https://www.douyin.com/video/7638135728166626505
v5048,https://www.douyin.com/note/7642623998400148401
v5049,https://www.douyin.com/video/7634475558013294747
v5050,https://www.douyin.com/video/7643676444706508041
v5051,https://www.douyin.com/video/7616997669751344447
v5052,https://www.douyin.com/video/7641508560330081990
v5053,https://www.douyin.com/video/7643115336095773291
v5054,https://www.douyin.com/note/7642209049282633956
v5055,https://www.douyin.com/video/7642653915465257707
v5056,https://www.douyin.com/video/7643403424193576377
v5057,https://www.douyin.com/video/7588158295668493622
v5058,https://www.douyin.com/video/7620303245958186082
v5059,https://www.douyin.com/note/7643425630290062843
v5060,https://www.douyin.com/video/7643391956554370355
v5061,https://www.douyin.com/video/7640073951897639771
v5062,https://www.douyin.com/video/7643025449202765110
v5063,https://www.douyin.com/video/7635846254177557861
v5064,https://www.douyin.com/note/7642652276382294770
v5065,https://www.douyin.com/video/7643479823892876594
v5066,https://www.douyin.com/video/7642578737736715572
v5067,https://www.douyin.com/video/7643012813987925254
v5068,https://www.douyin.com/note/7643484602711681204
v5069,https://www.douyin.com/video/7642909490564545649
v5070,https://www.douyin.com/note/7629155056549976384
v5071,https://www.douyin.com/note/7561463263473536271
v5072,https://www.douyin.com/video/7512035753665301801
v5073,https://www.douyin.com/note/7642324745501409186
v5074,https://www.douyin.com/video/7624962559153589540
v5075,https://www.douyin.com/video/7629589454688095551
v5076,https://www.douyin.com/note/7643696378149284978
v5077,https://www.douyin.com/note/7643458138368781915
v5078,https://www.douyin.com/video/7643508658215714024
v5079,https://www.douyin.com/video/7574914517981793579
v5080,https://www.douyin.com/video/7623254770169498907
v5081,https://www.douyin.com/video/7643742148894239099
v5082,https://www.douyin.com/video/7624249457386736915
v5083,https://www.douyin.com/video/7643094168411926362
v5084,https://www.douyin.com/video/7635997098688708003
v5085,https://www.douyin.com/video/7643673046612010339
v5086,https://www.douyin.com/video/7472324547119729935
v5087,https://www.douyin.com/video/7471955700072140032
v5088,https://www.douyin.com/note/7482025198330367272
v5089,https://www.douyin.com/video/7505299215414512930
v5090,https://www.douyin.com/video/7505622219470179618
v5091,https://www.douyin.com/video/7511665343887428916
v5092,https://www.douyin.com/video/7514633876967886115
v5093,https://www.douyin.com/video/7540134631144901888
v5094,https://www.douyin.com/video/7537917653366787380
v5095,https://www.douyin.com/video/7541341403353517352
v5096,https://www.douyin.com/video/7546549708388322594
v5097,https://www.douyin.com/video/7541762590017588515
v5098,https://www.douyin.com/video/7546795057513598248
v5099,https://www.douyin.com/video/7549145491759189282
v5100,https://www.douyin.com/video/7549410412039916834
v5101,https://www.douyin.com/video/7550894409475493120
v5102,https://www.douyin.com/video/7552003988749749538
v5103,https://www.douyin.com/video/7551375777816956195
v5104,https://www.douyin.com/video/7554707254889614627
v5105,https://www.douyin.com/video/7556827802214436130
v5106,https://www.douyin.com/video/7548668868034596130
v5107,https://www.douyin.com/video/7602518299503232424
v5108,https://www.douyin.com/video/7624741444083311808
v5109,https://www.douyin.com/video/7609662035957577314
v5110,https://www.douyin.com/video/7636719062815170978
v5111,https://www.douyin.com/video/7643030584285467491
v5112,https://www.douyin.com/video/7643302136537027810
v5113,https://www.douyin.com/video/7643347682401239016
v5114,https://www.douyin.com/video/7634786809611914515
v5115,https://www.douyin.com/video/7610359344017837353
v5116,https://www.douyin.com/note/7642737390280772346
v5117,https://www.douyin.com/note/7641591652637382534
v5118,https://www.douyin.com/note/7513193435068763426
v5119,https://www.douyin.com/note/7537508511775198516
v5120,https://www.douyin.com/note/7643377107766467816
v5121,https://www.douyin.com/video/7563904024961928487
v5122,https://www.douyin.com/video/7640852486038768936
v5123,https://www.douyin.com/note/7643410740568931226
v5124,https://www.douyin.com/video/7535391214015745290
v5125,https://www.douyin.com/video/7004827130097863949
v5126,https://www.douyin.com/note/7074263409805495555
v5127,https://www.douyin.com/note/7641423777024351370
v5128,https://www.douyin.com/video/7492014899246189835
v5129,https://www.douyin.com/video/7590091093149076779
v5130,https://www.douyin.com/video/7643668118368600497
v5131,https://www.douyin.com/video/7642274233398025707
v5132,https://www.douyin.com/video/7643329227320432305
v5133,https://www.douyin.com/note/7643478021202272243
v5134,https://www.douyin.com/video/7643439184762478001
v5135,https://www.douyin.com/video/7643398525014919089
v5136,https://www.douyin.com/video/7641902178759724314
v5137,https://www.douyin.com/video/7643361941222681593
v5138,https://www.douyin.com/note/7642739137933751970
v5139,https://www.douyin.com/note/7641813889055252859
v5140,https://www.douyin.com/video/7640832660738723301
v5141,https://www.douyin.com/video/7643398334648013425
v5142,https://www.douyin.com/video/7643310555243125169
v5143,https://www.douyin.com/video/7419640181403290918
v5144,https://www.douyin.com/video/7526510903631203642
v5145,https://www.douyin.com/video/7616714268168477925
v5146,https://www.douyin.com/video/7643054353058983419
v5147,https://www.douyin.com/video/7639299165642787493
v5148,https://www.douyin.com/video/7637874540026439013
v5149,https://www.douyin.com/note/7600291377196636325
v5150,https://www.douyin.com/video/7639652451032812843
v5151,https://www.douyin.com/video/7643442217219336561
v5152,https://www.douyin.com/note/7636806538040086245
v5153,https://www.douyin.com/video/7538390954903653647
v5154,https://www.douyin.com/video/7541606735111507209
v5155,https://www.douyin.com/video/7641247594412271210
v5156,https://www.douyin.com/note/7495501336390929683
v5157,https://www.douyin.com/note/7552178020593995068
v5158,https://www.douyin.com/note/7411065950495100160
v5159,https://www.douyin.com/video/7638452694046330148
v5160,https://www.douyin.com/video/7634155500225859482
v5161,https://www.douyin.com/video/7642367451498032377
v5162,https://www.douyin.com/video/7585143165180595483
v5163,https://www.douyin.com/video/7586966365518351643
v5164,https://www.douyin.com/video/7589615351739725450
v5165,https://www.douyin.com/video/7588902025426895306
v5166,https://www.douyin.com/video/7590736428984783433
v5167,https://www.douyin.com/video/7591048389086407258
v5168,https://www.douyin.com/video/7591818717887107291
v5169,https://www.douyin.com/video/7632291091974901979
v5170,https://www.douyin.com/video/7633362346442883227
v5171,https://www.douyin.com/video/7636367020803592090
v5172,https://www.douyin.com/video/7637480798434277350
v5173,https://www.douyin.com/video/7638924085174670310
v5174,https://www.douyin.com/video/7640500486446469286
v5175,https://www.douyin.com/video/7641964874721810010
v5176,https://www.douyin.com/video/7642638160249326886
v5177,https://www.douyin.com/video/7640108740355640612
v5178,https://www.douyin.com/video/7642655241904606464
v5179,https://www.douyin.com/video/7643633308996301160
v5180,https://www.douyin.com/video/7641970760031224036
v5181,https://www.douyin.com/video/7642553809994124578
v5182,https://www.douyin.com/video/7640995557947674761
v5183,https://www.douyin.com/video/7642564563166170368
v5184,https://www.douyin.com/video/7641593021619768603
v5185,https://www.douyin.com/video/7641599029936501418
v5186,https://www.douyin.com/video/7641472450412301610
v5187,https://www.douyin.com/video/7641286227920446656
v5188,https://www.douyin.com/video/7639303765002177844
v5189,https://www.douyin.com/note/7641229336755023099
v5190,https://www.douyin.com/video/7643654299793317041
v5191,https://www.douyin.com/video/7643383199787913587
v5192,https://www.douyin.com/note/7643583988006869755
v5193,https://www.douyin.com/note/7643625808791413873
v5194,https://www.douyin.com/video/7642932233824668943
v5195,https://www.douyin.com/note/7643414516173295322
v5196,https://www.douyin.com/video/7643281670069636395
v5197,https://www.douyin.com/note/7643128438185938041
v5198,https://www.douyin.com/video/7643250424355228379
v5199,https://www.douyin.com/video/7643026079603705747
v5200,https://www.douyin.com/video/7642276967022795249
v5201,https://www.douyin.com/note/7641556662511869413
v5202,https://www.douyin.com/note/7643491771904863397
v5203,https://www.douyin.com/note/7638316618851057508
v5204,https://www.douyin.com/video/7643132505658900724
v5205,https://www.douyin.com/video/7642365036220068069
v5206,https://www.douyin.com/note/7638529155793249209
v5207,https://www.douyin.com/video/7530222971760184635
v5208,https://www.douyin.com/video/7536496898006355240
v5209,https://www.douyin.com/video/7631088448442469647
v5210,https://www.douyin.com/note/7638970453462265573
v5211,https://www.douyin.com/video/7635583164571815210
v5212,https://www.douyin.com/video/7638116520255030907
v5213,https://www.douyin.com/video/7638911699283141971
v5214,https://www.douyin.com/video/7639034891460250267
v5215,https://www.douyin.com/video/7639664134611588709
v5216,https://www.douyin.com/video/7638660929656747082
v5217,https://www.douyin.com/note/7641421280483003354
v5218,https://www.douyin.com/note/7642217348578364571
v5219,https://www.douyin.com/video/7620756531600318385
v5220,https://www.douyin.com/video/7621446351579079610
v5221,https://www.douyin.com/video/7623339389363544933
v5222,https://www.douyin.com/video/7626681950905017851
v5223,https://www.douyin.com/video/7634127431381625061
v5224,https://www.douyin.com/video/7631093629096221113
v5225,https://www.douyin.com/video/7639307110103698149
v5226,https://www.douyin.com/video/7640818280207161467
v5227,https://www.douyin.com/video/7641623780535866617
v5228,https://www.douyin.com/video/7640329418686775397
v5229,https://www.douyin.com/video/7641211571712727717
v5230,https://www.douyin.com/note/7642365508222930170
v5231,https://www.douyin.com/note/7643680962278265509
v5232,https://www.douyin.com/note/7643695627112631558
v5233,https://www.douyin.com/note/7643096937026039988
v5234,https://www.douyin.com/note/7642583234065707699
v5235,https://www.douyin.com/note/7643666940876088305
v5236,https://www.douyin.com/video/7643627724027743497
v5237,https://www.douyin.com/video/7643658447010958643
v5238,https://www.douyin.com/video/7643656342674148634
v5239,https://www.douyin.com/note/7643660598820358075
v5240,https://www.douyin.com/note/7643669957750697401
v5241,https://www.douyin.com/note/7643666541981050738
v5242,https://www.douyin.com/video/7626255728411544873
v5243,https://www.douyin.com/video/7643107424040403321
v5244,https://www.douyin.com/video/7639446108183865946
v5245,https://www.douyin.com/video/7643572316484141747
v5246,https://www.douyin.com/video/7641589515043360041
v5247,https://www.douyin.com/video/7642664774333156662
v5248,https://www.douyin.com/video/7603960137736260906
v5249,https://www.douyin.com/video/7637865349311991090
v5250,https://www.douyin.com/video/7641534558873175482
v5251,https://www.douyin.com/video/7634497641140800819
v5252,https://www.douyin.com/video/7634852838346757361
v5253,https://www.douyin.com/video/7607708844222958889
v5254,https://www.douyin.com/video/7634792218642265083
v5255,https://www.douyin.com/video/7641542873062722275
v5256,https://www.douyin.com/video/7637836234626354459
v5257,https://www.douyin.com/video/7636379767553510682
v5258,https://www.douyin.com/video/7634683162433473807
v5259,https://www.douyin.com/video/7602727969831898410
v5260,https://www.douyin.com/video/7624109370980273449
v5261,https://www.douyin.com/video/7634028879623097642
v5262,https://www.douyin.com/video/7633307533096111360
v5263,https://www.douyin.com/video/7642632739988016422
v5264,https://www.douyin.com/video/7633589779201280763
v5265,https://www.douyin.com/video/7621035272825769226
v5266,https://www.douyin.com/video/7642161558702297457
v5267,https://www.douyin.com/video/7638968975338130742
v5268,https://www.douyin.com/note/7608785584040451179
v5269,https://www.douyin.com/video/7643325015886914022
v5270,https://www.douyin.com/video/7643679677840488177
v5271,https://www.douyin.com/video/7643683331503057835
v5272,https://www.douyin.com/video/7634170380518188148
v5273,https://www.douyin.com/note/7639181897511325574
v5274,https://www.douyin.com/note/7601359718746413961
v5275,https://www.douyin.com/note/7635875024721583439
v5276,https://www.douyin.com/note/7612933269194302643
v5277,https://www.douyin.com/video/7633085964320485071
v5278,https://www.douyin.com/video/7641454350463733033
v5279,https://www.douyin.com/video/7643099144675921192
v5280,https://www.douyin.com/note/7643400875582647739
v5281,https://www.douyin.com/video/7641784623160184098
v5282,https://www.douyin.com/video/7592529154027490610
v5283,https://www.douyin.com/video/7643380728608181519
v5284,https://www.douyin.com/video/7600559478286585139
v5285,https://www.douyin.com/video/7643380720748055848
v5286,https://www.douyin.com/video/7643380717237423412
v5287,https://www.douyin.com/video/7643380706101562624
v5288,https://www.douyin.com/video/7600560987866926379
v5289,https://www.douyin.com/video/7624700487224413476
v5290,https://www.douyin.com/video/7643380690213506338
v5291,https://www.douyin.com/video/7643380682915351808
v5292,https://www.douyin.com/video/7563892449224019236
v5293,https://www.douyin.com/video/7643380674103151907
v5294,https://www.douyin.com/video/7618300290655145259
v5295,https://www.douyin.com/video/7643380673629146408
v5296,https://www.douyin.com/video/7643380655925071104
v5297,https://www.douyin.com/video/7643380544528600320
v5298,https://www.douyin.com/video/7615296850282794282
v5299,https://www.douyin.com/video/7643380647733611791
v5300,https://www.douyin.com/video/7600932561547758902
v5301,https://www.douyin.com/video/7643380644386557224
v5302,https://www.douyin.com/video/7635263972970728767
v5303,https://www.douyin.com/video/7529500041858403626
v5304,https://www.douyin.com/video/7643380642691960099
v5305,https://www.douyin.com/video/7612067194863635753
v5306,https://www.douyin.com/video/7643380629177912616
v5307,https://www.douyin.com/video/7641976854223572250
v5308,https://www.douyin.com/video/7643380626707467520
v5309,https://www.douyin.com/video/7600539451424591140
v5310,https://www.douyin.com/video/7643380611478031668
v5311,https://www.douyin.com/video/7600639844397763859
v5312,https://www.douyin.com/video/7643380600975461632
v5313,https://www.douyin.com/video/7615868593204481322
v5314,https://www.douyin.com/video/7643380598161050920
v5315,https://www.douyin.com/video/7631925557722221866
v5316,https://www.douyin.com/video/7643380585230060800
v5317,https://www.douyin.com/video/7592114682698190143
v5318,https://www.douyin.com/video/7643380581652253952
v5319,https://www.douyin.com/video/7635008360890240292
v5320,https://www.douyin.com/video/7643380574089989428
v5321,https://www.douyin.com/video/7642404876927913242
v5322,https://www.douyin.com/video/7643380564132728104
v5323,https://www.douyin.com/video/7621456118312717574
v5324,https://www.douyin.com/video/7643380564149472527
v5325,https://www.douyin.com/video/7606657122331315494
v5326,https://www.douyin.com/video/7643380558566853922
v5327,https://www.douyin.com/video/7615956150299715761
v5328,https://www.douyin.com/video/7643792457276132618
v5329,https://www.douyin.com/video/7643380536135781666
v5330,https://www.douyin.com/video/7643380526681804032
v5331,https://www.douyin.com/video/7643380527390526760
v5332,https://www.douyin.com/video/7643380514870676770
v5333,https://www.douyin.com/video/7643380510886071592
v5334,https://www.douyin.com/video/7643380498517036288
v5335,https://www.douyin.com/video/7643380491562896680
v5336,https://www.douyin.com/video/7643380480020204815
v5337,https://www.douyin.com/video/7643380469144341800
v5338,https://www.douyin.com/note/7642797588727893946
v5339,https://www.douyin.com/note/7643996055645891749
v5340,https://www.douyin.com/video/7639725393218736810
v5341,https://www.douyin.com/video/7579971208398693806
v5342,https://www.douyin.com/video/7393539367962201382
v5343,https://www.douyin.com/video/7391328850178837779
v5344,https://www.douyin.com/video/7579959531666147407
v5345,https://www.douyin.com/video/7262924733941845259
v5346,https://www.douyin.com/video/7418126361878891826
v5347,https://www.douyin.com/video/7446339213886360872
v5348,https://www.douyin.com/video/7637712018402006454
v5349,https://www.douyin.com/video/7643849365995647075
v5350,https://www.douyin.com/video/7643891047093551354
v5351,https://www.douyin.com/video/7643449613944376582
v5352,https://www.douyin.com/note/7643115138254201979
v5353,https://www.douyin.com/note/7636466991751105393
v5354,https://www.douyin.com/note/7643777180531765494
v5355,https://www.douyin.com/video/7642750350469942591
v5356,https://www.douyin.com/video/7624737849115413769
v5357,https://www.douyin.com/video/7603243037740879146
v5358,https://www.douyin.com/video/7643716786068030182
v5359,https://www.douyin.com/video/7643625485678693678
v5360,https://www.douyin.com/video/7643725023873682715
v5361,https://www.douyin.com/video/7643632679376228601
v5362,https://www.douyin.com/note/7643624980102418010
v5363,https://www.douyin.com/video/7643789771877689445
v5364,https://www.douyin.com/video/7638163455362653594
v5365,https://www.douyin.com/video/7628573860707296180
v5366,https://www.douyin.com/video/7625110029842882789
v5367,https://www.douyin.com/video/7638143434792378542
v5368,https://www.douyin.com/video/7643306464320233954
v5369,https://www.douyin.com/video/7642030141501147590
v5370,https://www.douyin.com/video/7621871220334581358
v5371,https://www.douyin.com/video/7620037677765679857
v5372,https://www.douyin.com/video/7642259477886160339
v5373,https://www.douyin.com/video/7623010147824988785
v5374,https://www.douyin.com/video/7619633815124755825
v5375,https://www.douyin.com/video/7636053220838530458
v5376,https://www.douyin.com/video/7625584286913023266
v5377,https://www.douyin.com/video/7634129756237778545
v5378,https://www.douyin.com/video/7634187829002850993
v5379,https://www.douyin.com/video/7640428845350947494
v5380,https://www.douyin.com/video/7643435310978298341
v5381,https://www.douyin.com/video/7625573577371237766
v5382,https://www.douyin.com/video/7643428126693072755
v5383,https://www.douyin.com/video/7630042428464157553
v5384,https://www.douyin.com/video/7643402146696100785
v5385,https://www.douyin.com/video/7632725849682988529
v5386,https://www.douyin.com/video/7643236523119219071
v5387,https://www.douyin.com/video/7612551912886411675
v5388,https://www.douyin.com/video/7632685388780007077
v5389,https://www.douyin.com/video/7619576880979623857
v5390,https://www.douyin.com/video/7635147412574734952
v5391,https://www.douyin.com/video/7643764934372024997
v5392,https://www.douyin.com/video/7641598344960512165
v5393,https://www.douyin.com/video/7635885708263050548
v5394,https://www.douyin.com/video/7623007546944811755
v5395,https://www.douyin.com/video/7635749351642102121
v5396,https://www.douyin.com/video/7638824409117261538
v5397,https://www.douyin.com/video/7642362633975231187
v5398,https://www.douyin.com/video/7640551785279911817
v5399,https://www.douyin.com/video/7633629338625171619
v5400,https://www.douyin.com/video/7643693333320448591
v5401,https://www.douyin.com/video/7614762758647311077
v5402,https://www.douyin.com/video/7633030268316678746
v5403,https://www.douyin.com/video/7643706057004881513
v5404,https://www.douyin.com/video/7638799602837318577
v5405,https://www.douyin.com/video/7636778676259933490
v5406,https://www.douyin.com/video/7630435057861288366
v5407,https://www.douyin.com/video/7613713593159643045
v5408,https://www.douyin.com/video/7643285959534228042
v5409,https://www.douyin.com/video/7642276239369510052
v5410,https://www.douyin.com/video/7643223492406321842
v5411,https://www.douyin.com/video/7643730607328297701
v5412,https://www.douyin.com/video/7643281992842251561
v5413,https://www.douyin.com/video/7643465617202334991
v5414,https://www.douyin.com/video/7643682722612285945
v5415,https://www.douyin.com/video/7641491254916238666
v5416,https://www.douyin.com/video/7643299593744539610
v5417,https://www.douyin.com/video/7643672445127314726
v5418,https://www.douyin.com/video/7634641268659834112
v5419,https://www.douyin.com/video/7640469517689554018
v5420,https://www.douyin.com/video/7643377871150662769
v5421,https://www.douyin.com/video/7637390466938388601
v5422,https://www.douyin.com/video/7640789430554414346
v5423,https://www.douyin.com/video/7641636851673769457
v5424,https://www.douyin.com/video/7641884027091452901
v5425,https://www.douyin.com/video/7628609788699597416
v5426,https://www.douyin.com/video/7635288172217661873
v5427,https://www.douyin.com/video/7642251942274130367
v5428,https://www.douyin.com/video/7641196637172348581
v5429,https://www.douyin.com/video/7639695919855848710
v5430,https://www.douyin.com/video/7636735438560537201
v5431,https://www.douyin.com/note/7643374474389926346
v5432,https://www.douyin.com/video/7643388694203878691
v5433,https://www.douyin.com/video/7634747953572252529
v5434,https://www.douyin.com/video/7640354947469413486
v5435,https://www.douyin.com/video/7627802877536459142
v5436,https://www.douyin.com/video/7643765931939728655
v5437,https://www.douyin.com/video/7624829032953138478
v5438,https://www.douyin.com/video/7642623775545468276
v5439,https://www.douyin.com/video/7634083576467981754
v5440,https://www.douyin.com/video/7641787377165919083
v5441,https://www.douyin.com/video/7640078791646609905
v5442,https://www.douyin.com/video/7643748846799179427
v5443,https://www.douyin.com/video/7643426949625136762
v5444,https://www.douyin.com/video/7622265797494334309
v5445,https://www.douyin.com/video/7640491488279496563
v5446,https://www.douyin.com/video/7643041701876434010
v5447,https://www.douyin.com/video/7643426089180632741
v5448,https://www.douyin.com/video/7639688415491001610
v5449,https://www.douyin.com/video/7642566211323461230
v5450,https://www.douyin.com/video/7643441822647209216
v5451,https://www.douyin.com/video/7640416191908077641
v5452,https://www.douyin.com/video/7641207507533330255
v5453,https://www.douyin.com/video/7642622983182298548
v5454,https://www.douyin.com/video/7643097835022334437
v5455,https://www.douyin.com/video/7642732696166460146
v5456,https://www.douyin.com/video/7634132781852926693
v5457,https://www.douyin.com/video/7643814521618398838
v5458,https://www.douyin.com/video/7640772480243633443
v5459,https://www.douyin.com/video/7643061556183403830
v5460,https://www.douyin.com/video/7640136712551745402
v5461,https://www.douyin.com/video/7641457521823943089
v5462,https://www.douyin.com/video/7630728147151823588
v5463,https://www.douyin.com/video/7642439648786009385
v5464,https://www.douyin.com/video/7641818308936731904
v5465,https://www.douyin.com/video/7611468040550614962
v5466,https://www.douyin.com/video/7640014191117866410
v5467,https://www.douyin.com/video/7624096162454326547
v5468,https://www.douyin.com/video/7623226529685769481
v5469,https://www.douyin.com/video/7641997621611040051
v5470,https://www.douyin.com/video/7642540073505852715
v5471,https://www.douyin.com/video/7643042398319450865
v5472,https://www.douyin.com/video/7643105679017110886
v5473,https://www.douyin.com/video/7630079656838090018
v5474,https://www.douyin.com/video/7643472852642135394
v5475,https://www.douyin.com/video/7633043306712223002
v5476,https://www.douyin.com/video/7639308170350972214
v5477,https://www.douyin.com/video/7640427407984205553
v5478,https://www.douyin.com/video/7634367968587151985
v5479,https://www.douyin.com/video/7643734408469683621
v5480,https://www.douyin.com/video/7643396424185308409
v5481,https://www.douyin.com/video/7643109003320479014
v5482,https://www.douyin.com/video/7637473909981383982
v5483,https://www.douyin.com/video/7643002757426826546
v5484,https://www.douyin.com/video/7643759096079886248
v5485,https://www.douyin.com/video/7637870244169551114
v5486,https://www.douyin.com/video/7634446470057315630
v5487,https://www.douyin.com/video/7637001925300423955
v5488,https://www.douyin.com/video/7628931070654071242
v5489,https://www.douyin.com/video/7643275341355552027
v5490,https://www.douyin.com/video/7643689482876685606
v5491,https://www.douyin.com/video/7642528687091424421
v5492,https://www.douyin.com/video/7639650905624920296
v5493,https://www.douyin.com/video/7612255357181033162
v5494,https://www.douyin.com/video/7642723072323158248
v5495,https://www.douyin.com/video/7642223240194084142
v5496,https://www.douyin.com/video/7643689787413247827
v5497,https://www.douyin.com/video/7643009830432689449
v5498,https://www.douyin.com/video/7642650507811253413
v5499,https://www.douyin.com/video/7642600577381256498
v5500,https://www.douyin.com/video/7642655704343383347
v5501,https://www.douyin.com/video/7642323733026292410
v5502,https://www.douyin.com/video/7643678594954202431
v5503,https://www.douyin.com/video/7643703131913688761
v5504,https://www.douyin.com/video/7643689950902340864
v5505,https://www.douyin.com/video/7620329811155733769
v5506,https://www.douyin.com/video/7643806306473676032
v5507,https://www.douyin.com/video/7643077042300948066
v5508,https://www.douyin.com/video/7630785831557246885
v5509,https://www.douyin.com/video/7642995906622672137
v5510,https://www.douyin.com/video/7643811786671672622
v5511,https://www.douyin.com/note/7643002259094478950
v5512,https://www.douyin.com/video/7643458576568489690
v5513,https://www.douyin.com/video/7643253663671147243
v5514,https://www.douyin.com/video/7643366709218364714
v5515,https://www.douyin.com/note/7634843331259893497
v5516,https://www.douyin.com/video/7622995313435331505
v5517,https://www.douyin.com/video/7642530581342948635
v5518,https://www.douyin.com/video/7643748395688953171
v5519,https://www.douyin.com/video/7642740297851489551
v5520,https://www.douyin.com/video/7639962583705990272
v5521,https://www.douyin.com/video/7632922262903482875
v5522,https://www.douyin.com/video/7642877825187450152
v5523,https://www.douyin.com/video/7628597725270022522
v5524,https://www.douyin.com/video/7642050788554018067
v5525,https://www.douyin.com/video/7615256589332091557
v5526,https://www.douyin.com/video/7640740937412994803
v5527,https://www.douyin.com/video/7643319789092089030
v5528,https://www.douyin.com/video/7643634173240003881
v5529,https://www.douyin.com/video/7643703513477958953
v5530,https://www.douyin.com/video/7639245725871770880
v5531,https://www.douyin.com/video/7642125868461985065
v5532,https://www.douyin.com/video/7631521244948598031
v5533,https://www.douyin.com/video/7643722462131887601
v5534,https://www.douyin.com/video/7631807894735834395
v5535,https://www.douyin.com/video/7642684767272204709
v5536,https://www.douyin.com/video/7641573742909591909
v5537,https://www.douyin.com/video/7643511848432986725
v5538,https://www.douyin.com/video/7634110362484264255
v5539,https://www.douyin.com/video/7643410357449128384
v5540,https://www.douyin.com/video/7641958851622237177
v5541,https://www.douyin.com/video/7639368488007650596
v5542,https://www.douyin.com/video/7641232160829099187
v5543,https://www.douyin.com/video/7641943656064980710
v5544,https://www.douyin.com/video/7643707674475683675
v5545,https://www.douyin.com/video/7633390018350397914
v5546,https://www.douyin.com/video/7643624428668962161
v5547,https://www.douyin.com/video/7631442561828688571
v5548,https://www.douyin.com/video/7643635695131386191
v5549,https://www.douyin.com/video/7641907982864109715
v5550,https://www.douyin.com/video/7638275226475756922
v5551,https://www.douyin.com/video/7631876620009114921
v5552,https://www.douyin.com/video/7643506739198974393
v5553,https://www.douyin.com/video/7634896392426736923
v5554,https://www.douyin.com/video/7643041694593941733
v5555,https://www.douyin.com/video/7630415926877415906
v5556,https://www.douyin.com/video/7637180011488775466
v5557,https://www.douyin.com/video/7642283025014873338
v5558,https://www.douyin.com/video/7640770772764250033
v5559,https://www.douyin.com/video/7643035865816820089
v5560,https://www.douyin.com/video/7642683924133450880
v5561,https://www.douyin.com/video/7642371255555054321
v5562,https://www.douyin.com/video/7631928068047360371
v5563,https://www.douyin.com/note/7634436123117051066
v5564,https://www.douyin.com/video/7641873807568964910
v5565,https://www.douyin.com/video/7636728362912243057
v5566,https://www.douyin.com/video/7638669620051736966
v5567,https://www.douyin.com/video/7641476925803263690
v5568,https://www.douyin.com/video/7643743859125652776
v5569,https://www.douyin.com/video/7641591767057354022
v5570,https://www.douyin.com/video/7643279152510284922
v5571,https://www.douyin.com/video/7636264659749970496
v5572,https://www.douyin.com/video/7632312261918891641
v5573,https://www.douyin.com/video/7643009484125637938
v5574,https://www.douyin.com/video/7624738767395409782
v5575,https://www.douyin.com/note/7636321832610782458
v5576,https://www.douyin.com/video/7639732083758404081
v5577,https://www.douyin.com/video/7638294522451869157
v5578,https://www.douyin.com/video/7631940911823375654
v5579,https://www.douyin.com/video/7642605463793046651
v5580,https://www.douyin.com/video/7643727992115547411
v5581,https://www.douyin.com/video/7635613917376857003
v5582,https://www.douyin.com/video/7624760880848211250
v5583,https://www.douyin.com/note/7637055048014368063
v5584,https://www.douyin.com/video/7641799063041494278
v5585,https://www.douyin.com/video/7641640732637569465
v5586,https://www.douyin.com/video/7634793378769203455
v5587,https://www.douyin.com/video/7643368442079185627
v5588,https://www.douyin.com/video/7643852208736718309
v5589,https://www.douyin.com/video/7643422389355226472
v5590,https://www.douyin.com/video/7643811338167551162
v5591,https://www.douyin.com/video/7643662283486472827
v5592,https://www.douyin.com/video/7633434824972680942
v5593,https://www.douyin.com/video/7643391043875287771
v5594,https://www.douyin.com/video/7643068582083863281
v5595,https://www.douyin.com/video/7615779604997939919
v5596,https://www.douyin.com/video/7643649884385985914
v5597,https://www.douyin.com/video/7643611043621145779
v5598,https://www.douyin.com/video/7642616872420035881
v5599,https://www.douyin.com/video/7626245237539176934
v5600,https://www.douyin.com/video/7640176533194268352
v5601,https://www.douyin.com/video/7643751541366705443
v5602,https://www.douyin.com/video/7628557230782688241
v5603,https://www.douyin.com/video/7637895515032186098
v5604,https://www.douyin.com/video/7643387098888626619
v5605,https://www.douyin.com/video/7636671097715234303
v5606,https://www.douyin.com/video/7641173781033438502
v5607,https://www.douyin.com/video/7638897730961973467
v5608,https://www.douyin.com/video/7643371037304285043
v5609,https://www.douyin.com/video/7642209840177122596
v5610,https://www.douyin.com/video/7643440441077198513
v5611,https://www.douyin.com/video/7643391101780655717
v5612,https://www.douyin.com/video/7641517583397309541
v5613,https://www.douyin.com/video/7643049813973772874
v5614,https://www.douyin.com/video/7636313139563611761
v5615,https://www.douyin.com/video/7643453645820972393
v5616,https://www.douyin.com/video/7643508897663206322
v5617,https://www.douyin.com/video/7643345069453470954
v5618,https://www.douyin.com/video/7635296188108222186
v5619,https://www.douyin.com/video/7636349238302227547
v5620,https://www.douyin.com/video/7643783376142762417
v5621,https://www.douyin.com/video/7643446982959632997
v5622,https://www.douyin.com/video/7643446923407428914
v5623,https://www.douyin.com/video/7636003170154986609
v5624,https://www.douyin.com/video/7643659234630093748
v5625,https://www.douyin.com/video/7637710873285702139
v5626,https://www.douyin.com/video/7641307424536729841
v5627,https://www.douyin.com/video/7641908862933784953
v5628,https://www.douyin.com/note/7631136101079802981
v5629,https://www.douyin.com/video/7634925794058227919
v5630,https://www.douyin.com/video/7629633993932333800
v5631,https://www.douyin.com/video/7613714539276195195
v5632,https://www.douyin.com/video/7643853272374251913
v5633,https://www.douyin.com/video/7642181159040902568
v5634,https://www.douyin.com/video/7641216994604246243
v5635,https://www.douyin.com/video/7641922921803821297
v5636,https://www.douyin.com/video/7643774690675273210
v5637,https://www.douyin.com/video/7637822948481752730
v5638,https://www.douyin.com/video/7642930630242681529
v5639,https://www.douyin.com/video/7642893438518154875
v5640,https://www.douyin.com/video/7621877703666640552
v5641,https://www.douyin.com/video/7638478659712602617
v5642,https://www.douyin.com/video/7643760351024614004
v5643,https://www.douyin.com/video/7637038994476173544
v5644,https://www.douyin.com/video/7642911829765015418
v5645,https://www.douyin.com/video/7643085338940064249
v5646,https://www.douyin.com/video/7643296454928745417
v5647,https://www.douyin.com/video/7642632259857698088
v5648,https://www.douyin.com/video/7643771474751102810
v5649,https://www.douyin.com/video/7637471002629106790
v5650,https://www.douyin.com/video/7640056677324938331
v5651,https://www.douyin.com/video/7641635757169380662
v5652,https://www.douyin.com/video/7640045854069492992
v5653,https://www.douyin.com/video/7644221428866338054
v5654,https://www.douyin.com/video/7642340419216936891
v5655,https://www.douyin.com/note/7644011874123885541
v5656,https://www.douyin.com/video/7642261821743476859
v5657,https://www.douyin.com/video/7642976138884599094
v5658,https://www.douyin.com/video/7638316902272605594
v5659,https://www.douyin.com/video/7642660302605028627
v5660,https://www.douyin.com/video/7643772367755365668
v5661,https://www.douyin.com/video/7640497030410992113
v5662,https://www.douyin.com/video/7629766076515077427
v5663,https://www.douyin.com/note/7641618680963090417
v5664,https://www.douyin.com/video/7632240809693269267
v5665,https://www.douyin.com/video/7586549263849606443
v5666,https://www.douyin.com/video/7643942450830455281
v5667,https://www.douyin.com/video/7643810414333070638
v5668,https://www.douyin.com/video/7530430665498594614
v5669,https://www.douyin.com/video/7644110221891368937
v5670,https://www.douyin.com/video/7640416022554160625
v5671,https://www.douyin.com/video/7612890852951641363
v5672,https://www.douyin.com/video/7644035040195792180
v5673,https://www.douyin.com/video/7633239131745559202
v5674,https://www.douyin.com/video/7619964450238230267
v5675,https://www.douyin.com/video/7639543665573440681
v5676,https://www.douyin.com/video/7644078686475629242
v5677,https://www.douyin.com/video/7641634478372953445
v5678,https://www.douyin.com/video/7171430312797343009
v5679,https://www.douyin.com/note/7622352422183087507
v5680,https://www.douyin.com/video/7640288447651663717
v5681,https://www.douyin.com/note/7643503378296075667
v5682,https://www.douyin.com/video/7643795324314207397
v5683,https://www.douyin.com/video/7631926253129370920
v5684,https://www.douyin.com/video/7643939169508527398
v5685,https://www.douyin.com/video/7643788361286683923
v5686,https://www.douyin.com/video/7643801587999067446
v5687,https://www.douyin.com/video/7644180626484259813
v5688,https://www.douyin.com/video/7626844829766405430
v5689,https://www.douyin.com/video/7633711725962874158
v5690,https://www.douyin.com/video/7642576155267486582
v5691,https://www.douyin.com/video/7644060333983686565
v5692,https://www.douyin.com/video/7619389970486904762
v5693,https://www.douyin.com/video/7637222609700048138
v5694,https://www.douyin.com/video/7643793389502199205
v5695,https://www.douyin.com/video/7639049120732627690
v5696,https://www.douyin.com/video/7641178195617680667
v5697,https://www.douyin.com/video/7629299492923182336
v5698,https://www.douyin.com/video/7629634617133321506
v5699,https://www.douyin.com/video/7644139420412579114
v5700,https://www.douyin.com/video/7591288280571843067
v5701,https://www.douyin.com/video/7228507224082009403
v5702,https://www.douyin.com/video/7226792066301398331
v5703,https://www.douyin.com/video/7579477270629867955
v5704,https://www.douyin.com/video/7380849163514187018
v5705,https://www.douyin.com/video/7313144487444778277
v5706,https://www.douyin.com/video/7488182924383128890
v5707,https://www.douyin.com/video/7633384939081272616
v5708,https://www.douyin.com/video/7633451911437454627
v5709,https://www.douyin.com/video/7634474071283043624
v5710,https://www.douyin.com/video/7642769742738001193
v5711,https://www.douyin.com/video/7635992288702827839
v5712,https://www.douyin.com/video/7637139283656052010
v5713,https://www.douyin.com/note/7644087663653307118
v5714,https://www.douyin.com/note/7643843932506742642
v5715,https://www.douyin.com/video/7638374452992019775
v5716,https://www.douyin.com/video/7643524927975723471
v5717,https://www.douyin.com/video/7643689440484822322
v5718,https://www.douyin.com/video/7637409358154891427
v5719,https://www.douyin.com/video/7638126099810362595
v5720,https://www.douyin.com/video/7638566140515661283
v5721,https://www.douyin.com/video/7640196629581521908
v5722,https://www.douyin.com/video/7641324516560134587
v5723,https://www.douyin.com/video/7641802129095804495
v5724,https://www.douyin.com/video/7641949342190014818
v5725,https://www.douyin.com/video/7642096810191220712
v5726,https://www.douyin.com/video/7628188078703725858
v5727,https://www.douyin.com/video/7641839961830234981
v5728,https://www.douyin.com/note/7641341650300272753
v5729,https://www.douyin.com/note/7644026025545892529
v5730,https://www.douyin.com/video/7606654263548251419
v5731,https://www.douyin.com/video/7642280954283347634
v5732,https://www.douyin.com/video/7643847275831100026
v5733,https://www.douyin.com/video/7638953821804301578
v5734,https://www.douyin.com/video/7640072124060798260
v5735,https://www.douyin.com/video/7641182265149525298
v5736,https://www.douyin.com/video/7642263104184798504
v5737,https://www.douyin.com/video/7642668665862622498
v5738,https://www.douyin.com/video/7580767378661707042
v5739,https://www.douyin.com/note/7643685149074979496
v5740,https://www.douyin.com/note/7346776988570488115
v5741,https://www.douyin.com/video/7530564293352967470
v5742,https://www.douyin.com/video/7587231760754183465
v5743,https://www.douyin.com/video/7580374562702630905
v5744,https://www.douyin.com/video/7577732930378832354
v5745,https://www.douyin.com/video/7496437143104408883
v5746,https://www.douyin.com/video/7594823144948063409
v5747,https://www.douyin.com/video/7597763522944051707
v5748,https://www.douyin.com/video/7643744954602261812
v5749,https://www.douyin.com/video/7642602438482017190
v5750,https://www.douyin.com/video/7628660809215839534
v5751,https://www.douyin.com/video/7641580346147900687
v5752,https://www.douyin.com/video/7641252162185563443
v5753,https://www.douyin.com/video/7642466987591199945
v5754,https://www.douyin.com/video/7642399270733194353
v5755,https://www.douyin.com/video/7633468886960180486
v5756,https://www.douyin.com/video/7643816605721447716
v5757,https://www.douyin.com/video/7643813950802496768
v5758,https://www.douyin.com/video/7641382061379641444
v5759,https://www.douyin.com/video/7643686422650306410
v5760,https://www.douyin.com/video/7643883001457151251
v5761,https://www.douyin.com/video/7634856311645048105
v5762,https://www.douyin.com/video/7642324981595420154
v5763,https://www.douyin.com/note/7643781794999282350
v5764,https://www.douyin.com/video/7643107231969463606
v5765,https://www.douyin.com/video/7643997246128575858
v5766,https://www.douyin.com/video/7643861712299527782
v5767,https://www.douyin.com/video/7644024969018364922
v5768,https://www.douyin.com/video/7639256081914432818
v5769,https://www.douyin.com/video/7643287224524695387
v5770,https://www.douyin.com/note/7609352263265809000
v5771,https://www.douyin.com/video/7592654671710770920
v5772,https://www.douyin.com/note/7632378862248201515
v5773,https://www.douyin.com/video/7644476223586284731
v5774,https://www.douyin.com/video/7630080864630679985
v5775,https://www.douyin.com/video/7644446589330656550
v5776,https://www.douyin.com/video/7644535415189343522
v5777,https://www.douyin.com/video/7634520026292409762
v5778,https://www.douyin.com/video/7644138011399097642
v5779,https://www.douyin.com/video/7632362257846669809
v5780,https://www.douyin.com/note/7630732973100548047
v5781,https://www.douyin.com/video/7640078878282648851
v5782,https://www.douyin.com/video/7640997054647395505
v5783,https://www.douyin.com/video/7642658128631660250
v5784,https://www.douyin.com/video/7644140883683642650
v5785,https://www.douyin.com/video/7644163188556210314
v5786,https://www.douyin.com/video/7638745970796572389
v5787,https://www.douyin.com/video/7640181134604635398
v5788,https://www.douyin.com/video/7632733159234260274
v5789,https://www.douyin.com/video/7636236568877304826
v5790,https://www.douyin.com/video/7624856761401374585
v5791,https://www.douyin.com/video/7643418101077995749
v5792,https://www.douyin.com/video/7624675192991698186
v5793,https://www.douyin.com/note/7637828707370098278
v5794,https://www.douyin.com/video/7637814582149825766
v5795,https://www.douyin.com/video/7634768186748246362
v5796,https://www.douyin.com/video/7644239161180026011
v5797,https://www.douyin.com/video/7578445992535119689
v5798,https://www.douyin.com/video/7620712915523423542
v5799,https://www.douyin.com/video/7644550218410675462
v5800,https://www.douyin.com/note/7644227782982413553
v5801,https://www.douyin.com/video/7640445409559762566
v5802,https://www.douyin.com/note/7640754875501347697
v5803,https://www.douyin.com/note/7643431502362412678
v5804,https://www.douyin.com/video/7641183091075594105
v5805,https://www.douyin.com/video/7631490901428243764
v5806,https://www.douyin.com/video/7639546443023345082
v5807,https://www.douyin.com/video/7625998545748905256
v5808,https://www.douyin.com/video/7615551503890314734
v5809,https://www.douyin.com/video/7639001085697099377
v5810,https://www.douyin.com/video/7631921570400090597
v5811,https://www.douyin.com/video/7618253785420829171
v5812,https://www.douyin.com/video/7644157641375827451
v5813,https://www.douyin.com/video/7643734432587024357
v5814,https://www.douyin.com/video/7498663844039331123
v5815,https://www.douyin.com/video/7639657556982144704
v5816,https://www.douyin.com/video/7633405523844517156
v5817,https://www.douyin.com/video/7644139649610643185
v5818,https://www.douyin.com/note/7643100550938286985
v5819,https://www.douyin.com/note/7644068981565923977
v5820,https://www.douyin.com/video/7610803242478494650
v5821,https://www.douyin.com/video/7407962177920945434
v5822,https://www.douyin.com/video/7155473152116591905
v5823,https://www.douyin.com/video/7583775647286201638
v5824,https://www.douyin.com/video/7230257068358421821
v5825,https://www.douyin.com/video/7465916650366274852
v5826,https://www.douyin.com/video/7306450791022333223
v5827,https://www.douyin.com/video/7642552318130782450
v5828,https://www.douyin.com/video/7643672437011270953
v5829,https://www.douyin.com/video/7644505154595670522
v5830,https://www.douyin.com/video/7641613526625439912
v5831,https://www.douyin.com/note/7644441902566288511
v5832,https://www.douyin.com/video/7639987258712836490
v5833,https://www.douyin.com/note/7644422846114960805
v5834,https://www.douyin.com/video/7642743296225792438
v5835,https://www.douyin.com/video/7635970601383870580
v5836,https://www.douyin.com/video/7637486114835565878
v5837,https://www.douyin.com/note/7644369062063407589
v5838,https://www.douyin.com/video/7636051593549602447
v5839,https://www.douyin.com/note/7644433433171180468
v5840,https://www.douyin.com/video/7643117612206181617
v5841,https://www.douyin.com/video/7642268326107955377
v5842,https://www.douyin.com/video/7643754397503308906
v5843,https://www.douyin.com/video/7641983165599281275
v5844,https://www.douyin.com/video/7644416745340290810
v5845,https://www.douyin.com/video/7643026516129638386
v5846,https://www.douyin.com/note/7642688291187837361
v5847,https://www.douyin.com/video/7635438992267519168
v5848,https://www.douyin.com/video/7642934509998852529
v5849,https://www.douyin.com/note/7644496270334173327
v5850,https://www.douyin.com/note/7643710813581418225
v5851,https://www.douyin.com/video/7643302894893596642
v5852,https://www.douyin.com/video/7643445801336179919
v5853,https://www.douyin.com/video/7627427358097955173
v5854,https://www.douyin.com/video/7624610523208866021
v5855,https://www.douyin.com/video/7643748599919455552
v5856,https://www.douyin.com/video/7640429073504820132
v5857,https://www.douyin.com/video/7640072821897741230
v5858,https://www.douyin.com/video/7644347037009366326
v5859,https://www.douyin.com/note/7643419600830982118
v5860,https://www.douyin.com/note/7641625459034194609
v5861,https://www.douyin.com/video/7634901239284809209
v5862,https://www.douyin.com/note/7644254481890736831
v5863,https://www.douyin.com/video/7641223001077384805
v5864,https://www.douyin.com/video/7637885834524078207
v5865,https://www.douyin.com/video/7644250685361731685
v5866,https://www.douyin.com/note/7628943234496597425
v5867,https://www.douyin.com/note/7641521355230558705
v5868,https://www.douyin.com/note/7644430485418979018
v5869,https://www.douyin.com/note/7598874024471944186
v5870,https://www.douyin.com/note/7639244042895247203
v5871,https://www.douyin.com/video/7638245960669851131
v5872,https://www.douyin.com/note/7644461227648985258
v5873,https://www.douyin.com/video/7642320804533788155
v5874,https://www.douyin.com/video/7634490645498875155
v5875,https://www.douyin.com/video/7642630282252045563
v5876,https://www.douyin.com/video/7642247687845056936
v5877,https://www.douyin.com/video/7639996320728435816
v5878,https://www.douyin.com/note/7644509530203076707
v5879,https://www.douyin.com/note/7643334567261193467
v5880,https://www.douyin.com/video/7639940448395480370
v5881,https://www.douyin.com/video/7641859373145783226
v5882,https://www.douyin.com/video/7639307074669499557
v5883,https://www.douyin.com/video/7635733700681209033
v5884,https://www.douyin.com/note/7644258230018181489
v5885,https://www.douyin.com/video/7627754424328375588
v5886,https://www.douyin.com/video/7643881623255154661
v5887,https://www.douyin.com/note/7644454745172947940
v5888,https://www.douyin.com/video/7639676541261350009
v5889,https://www.douyin.com/note/7643721835456949594
v5890,https://www.douyin.com/video/7640342104359616889
v5891,https://www.douyin.com/video/7636735264434527906
v5892,https://www.douyin.com/video/7644256421588012297
v5893,https://www.douyin.com/video/7644025723020366821
v5894,https://www.douyin.com/video/7611890529156231604
v5895,https://www.douyin.com/video/7639274646819616986
v5896,https://www.douyin.com/note/7644435123706939813
v5897,https://www.douyin.com/note/7640215970883620480
v5898,https://www.douyin.com/video/7633635468148062894
v5899,https://www.douyin.com/video/7637836014752501018
v5900,https://www.douyin.com/note/7642547374287695035
v5901,https://www.douyin.com/video/7644494573963614580
v5902,https://www.douyin.com/video/7639009802278014250
v5903,https://www.douyin.com/note/7642965536800906191
v5904,https://www.douyin.com/video/7638906995315051818
v5905,https://www.douyin.com/note/7643385433799483313
v5906,https://www.douyin.com/note/7644513512836806885
v5907,https://www.douyin.com/note/7640120520978094257
v5908,https://www.douyin.com/note/7641074504768179494
v5909,https://www.douyin.com/video/7642164972563275418
v5910,https://www.douyin.com/note/7627146013513764970
v5911,https://www.douyin.com/video/7642930011234315493
v5912,https://www.douyin.com/note/7642522790340220846
v5913,https://www.douyin.com/video/7635733115964576116
v5914,https://www.douyin.com/note/7644458797011974115
v5915,https://www.douyin.com/video/7637053514208111217
v5916,https://www.douyin.com/video/7638233567566863970
v5917,https://www.douyin.com/video/7644532091291676262
v5918,https://www.douyin.com/note/7638137100823031140
v5919,https://www.douyin.com/note/7636346976879962745
v5920,https://www.douyin.com/video/7622255200593921961
v5921,https://www.douyin.com/note/7643391433591972426
v5922,https://www.douyin.com/note/7641593513537349542
v5923,https://www.douyin.com/video/7644492554091678982
v5924,https://www.douyin.com/video/7644192704453483621
v5925,https://www.douyin.com/video/7631890877845275569
v5926,https://www.douyin.com/video/7620457235382013211
v5927,https://www.douyin.com/video/7641627859530145935
v5928,https://www.douyin.com/video/7643327228366210387
v5929,https://www.douyin.com/video/7619553077746453750
v5930,https://www.douyin.com/video/7642287857662505582
v5931,https://www.douyin.com/note/7643794166690527409
v5932,https://www.douyin.com/video/7644476203852989898
v5933,https://www.douyin.com/video/7619994444514757914
v5934,https://www.douyin.com/video/7641969492163074682
v5935,https://www.douyin.com/note/7637150871932018169
v5936,https://www.douyin.com/note/7629593383548321657
v5937,https://www.douyin.com/note/7640858597685881841
v5938,https://www.douyin.com/video/7638008883272879398
v5939,https://www.douyin.com/note/7635857380873358587
v5940,https://www.douyin.com/note/7630675869006195136
v5941,https://www.douyin.com/note/7629926275084011177
v5942,https://www.douyin.com/note/7644469822890016867
v5943,https://www.douyin.com/note/7640149790780874405
v5944,https://www.douyin.com/note/7638819291530754468
v5945,https://www.douyin.com/note/7631545281020239275
v5946,https://www.douyin.com/video/7640037716008209705
v5947,https://www.douyin.com/note/7643017480151354020
v5948,https://www.douyin.com/video/7621762682895484918
v5949,https://www.douyin.com/note/7642703513579077990
v5950,https://www.douyin.com/video/7638465368080233958
v5951,https://www.douyin.com/note/7640015795984997258
v5952,https://www.douyin.com/note/7640541191629010534
v5953,https://www.douyin.com/video/7641225137458629934
v5954,https://www.douyin.com/video/7633342332473076729
v5955,https://www.douyin.com/note/7626104994227412166
v5956,https://www.douyin.com/video/7643711077238230308
v5957,https://www.douyin.com/note/7644090457480586426
v5958,https://www.douyin.com/note/7643632659251653818
v5959,https://www.douyin.com/note/7634718968175975601
v5960,https://www.douyin.com/note/7643358928701782897
v5961,https://www.douyin.com/note/7644246745053455342
v5962,https://www.douyin.com/note/7629589000664318426
v5963,https://www.douyin.com/video/7638126281246562213
v5964,https://www.douyin.com/video/7639306014277473209
v5965,https://www.douyin.com/video/7640876841301356473
v5966,https://www.douyin.com/video/7642267301357579483
v5967,https://www.douyin.com/video/7644440050168180466
v5968,https://www.douyin.com/note/7530945299498454314
v5969,https://www.douyin.com/note/7639627619499152037
v5970,https://www.douyin.com/note/7580229021969401299
v5971,https://www.douyin.com/note/7640390452252157403
v5972,https://www.douyin.com/note/7643755961521448058
v5973,https://www.douyin.com/video/7644030834437441265
v5974,https://www.douyin.com/video/7480126420560186633
v5975,https://www.douyin.com/video/7642888967217719209
v5976,https://www.douyin.com/video/7635935387558350086
v5977,https://www.douyin.com/video/7640813402886459987
v5978,https://www.douyin.com/video/7639977546767403658
v5979,https://www.douyin.com/video/7642332719355703410
v5980,https://www.douyin.com/note/7644422189034506619
v5981,https://www.douyin.com/video/7638913149387974830
v5982,https://www.douyin.com/video/7627041375862656290
v5983,https://www.douyin.com/video/7640349184466002534
v5984,https://www.douyin.com/video/7622699422626975012
v5985,https://www.douyin.com/video/7643940589666422057
v5986,https://www.douyin.com/video/7644475155518901567
v5987,https://www.douyin.com/video/7643753630230678830
v5988,https://www.douyin.com/video/7638173651791105334
v5989,https://www.douyin.com/video/7634864881892610659
v5990,https://www.douyin.com/video/7644433034585836854
v5991,https://www.douyin.com/video/7640664839983279846
v5992,https://www.douyin.com/video/7604950866194140155
v5993,https://www.douyin.com/video/7545542742542552378
v5994,https://www.douyin.com/video/7497633381930601788
v5995,https://www.douyin.com/note/7580430870429087985
v5996,https://www.douyin.com/video/7604936725995466939
v5997,https://www.douyin.com/video/7625625581094365425
v5998,https://www.douyin.com/video/7644070091021110569
v5999,https://www.douyin.com/video/7644542428606758132
v6000,https://www.douyin.com/video/7642933373473185893
v6001,https://www.douyin.com/video/7635942583789784229
v6002,https://www.douyin.com/video/7643367949650693322
v6003,https://www.douyin.com/note/7641309195937424738
v6004,https://www.douyin.com/video/7643878796105654382
v6005,https://www.douyin.com/video/7644425558168649894
v6006,https://www.douyin.com/video/7644087541234198694
v6007,https://www.douyin.com/video/7644573266904314798
v6008,https://www.douyin.com/note/7644468145768183670
v6009,https://www.douyin.com/video/7644171720551031706
v6010,https://www.douyin.com/video/7642356266611208841
v6011,https://www.douyin.com/video/7643277669011279013
v6012,https://www.douyin.com/video/7638232520841476987
v6013,https://www.douyin.com/video/7625286996763781312
v6014,https://www.douyin.com/video/7622952004851076403
v6015,https://www.douyin.com/note/7631910267106715066
v6016,https://www.douyin.com/video/7644508522986291188
v6017,https://www.douyin.com/video/7638155396062826725
v6018,https://www.douyin.com/video/7644435633234087210
v6019,https://www.douyin.com/video/7613463691379412267
v6020,https://www.douyin.com/note/7638253667737233326
v6021,https://www.douyin.com/note/7642011418132773051
v6022,https://www.douyin.com/video/7585274495447944475
v6023,https://www.douyin.com/video/7644068763142196530
v6024,https://www.douyin.com/video/7624199282492509483
v6025,https://www.douyin.com/video/7615953443489131866
v6026,https://www.douyin.com/video/7633439189292785073
v6027,https://www.douyin.com/note/7642206625827421105
v6028,https://www.douyin.com/video/7638080875272869883
v6029,https://www.douyin.com/video/7634512245993947109
v6030,https://www.douyin.com/note/7630322104018657125
v6031,https://www.douyin.com/note/7632996470304947846
v6032,https://www.douyin.com/note/7644498180491076857
v6033,https://www.douyin.com/note/7644515746886770356
v6034,https://www.douyin.com/video/7639703679935001935
v6035,https://www.douyin.com/video/7644483245035375878
v6036,https://www.douyin.com/note/7644552379694574784
v6037,https://www.douyin.com/video/7644087842334985526
v6038,https://www.douyin.com/video/7643299266602475840
v6039,https://www.douyin.com/video/7615225650021993770
v6040,https://www.douyin.com/note/7638998256172767424
v6041,https://www.douyin.com/video/7644481520584969491
v6042,https://www.douyin.com/note/7640029270325489785
v6043,https://www.douyin.com/note/7638176297495429193
v6044,https://www.douyin.com/video/7619385483805625636
v6045,https://www.douyin.com/video/7644132127030071225
v6046,https://www.douyin.com/video/7643479247457870196
v6047,https://www.douyin.com/video/7642292085906836786
v6048,https://www.douyin.com/video/7641491697441475067
v6049,https://www.douyin.com/note/7634521400166738341
v6050,https://www.douyin.com/video/7629681391186270825
v6051,https://www.douyin.com/video/7644447474924623205
v6052,https://www.douyin.com/note/7643722638234750442
v6053,https://www.douyin.com/video/7644507261846555942
v6054,https://www.douyin.com/video/7644175467164008421
v6055,https://www.douyin.com/note/7644350419829150400
v6056,https://www.douyin.com/video/7634973654690446321
v6057,https://www.douyin.com/video/7644075268626719145
v6058,https://www.douyin.com/video/7636403189847198961
v6059,https://www.douyin.com/video/7635190185752280763
v6060,https://www.douyin.com/video/7639990967794641785
v6061,https://www.douyin.com/video/7215401967970045241
v6062,https://www.douyin.com/note/7632562886061605449
v6063,https://www.douyin.com/note/7249894079218208033
v6064,https://www.douyin.com/note/7613537619150732403
v6065,https://www.douyin.com/note/7633075385610409329
v6066,https://www.douyin.com/video/7643082733240989681
v6067,https://www.douyin.com/note/7644267215139971685
v6068,https://www.douyin.com/note/7643734311179639921
v6069,https://www.douyin.com/video/7642963886849827429
v6070,https://www.douyin.com/note/7639375257023854324
v6071,https://www.douyin.com/note/7641995285862797753
v6072,https://www.douyin.com/video/7642006556620013675
v6073,https://www.douyin.com/video/7643386842821362865
v6074,https://www.douyin.com/note/7639921922666819825
v6075,https://www.douyin.com/video/7644481336371874277
v6076,https://www.douyin.com/note/7378078683078085925
v6077,https://www.douyin.com/note/7640333861414595685
v6078,https://www.douyin.com/video/7601658632815587954
v6079,https://www.douyin.com/note/7456593641579040035
v6080,https://www.douyin.com/video/7398463833183948066
v6081,https://www.douyin.com/note/7637544444057259594
v6082,https://www.douyin.com/video/7633673289830828962
v6083,https://www.douyin.com/note/7635675438773469294
v6084,https://www.douyin.com/note/7605936422819000177
v6085,https://www.douyin.com/note/7643863547894079141
v6086,https://www.douyin.com/video/7644112492905591011
v6087,https://www.douyin.com/note/7620080683130569081
v6088,https://www.douyin.com/note/7642250138153597504
v6089,https://www.douyin.com/video/7635209984063058411
v6090,https://www.douyin.com/video/7642601296777104305
v6091,https://www.douyin.com/note/7643820000289597809
v6092,https://www.douyin.com/note/7637414538623881393
v6093,https://www.douyin.com/video/7583357338413829418
v6094,https://www.douyin.com/note/7640863841736054757
v6095,https://www.douyin.com/video/7643306806336359721
v6096,https://www.douyin.com/video/7644095556410959835
v6097,https://www.douyin.com/video/7644219245748310626
v6098,https://www.douyin.com/video/7643118393393990963
v6099,https://www.douyin.com/video/7643765333179256410
v6100,https://www.douyin.com/video/7644411607191912164
v6101,https://www.douyin.com/video/7642654926489457251
v6102,https://www.douyin.com/video/7644139094973001329
v6103,https://www.douyin.com/video/7641057159811408485
v6104,https://www.douyin.com/video/7641817331710865509
v6105,https://www.douyin.com/video/7640271779994406195
v6106,https://www.douyin.com/video/7643283091561447397
v6107,https://www.douyin.com/note/7643733162845420453
v6108,https://www.douyin.com/video/7638131532687593658
v6109,https://www.douyin.com/video/7644189215135971195
v6110,https://www.douyin.com/note/7643714197720665387
v6111,https://www.douyin.com/video/7612600052074237203
v6112,https://www.douyin.com/video/7644151310899777403
v6113,https://www.douyin.com/note/7644432083062300850
v6114,https://www.douyin.com/video/7643432198309613638
v6115,https://www.douyin.com/video/7644185676375706889
v6116,https://www.douyin.com/video/7642681816756180479
v6117,https://www.douyin.com/video/7637850334316072219
v6118,https://www.douyin.com/video/7643715779778797705
v6119,https://www.douyin.com/video/7643028120417824155
v6120,https://www.douyin.com/video/7636395454451723707
v6121,https://www.douyin.com/note/7643897054058438777
v6122,https://www.douyin.com/video/7641408068655449585
v6123,https://www.douyin.com/video/7638126513833605489
v6124,https://www.douyin.com/note/7568353962555072101
v6125,https://www.douyin.com/video/7225996097922092299
v6126,https://www.douyin.com/video/7643684686733471994
v6127,https://www.douyin.com/video/7638635701122939621
v6128,https://www.douyin.com/video/7644423500366630178
v6129,https://www.douyin.com/video/7642659323499801849
v6130,https://www.douyin.com/video/7640691853289470884
v6131,https://www.douyin.com/video/7644006107782746235
v6132,https://www.douyin.com/video/7642734766965542187
v6133,https://www.douyin.com/video/7644419413952761122
v6134,https://www.douyin.com/video/7642630603381067135
v6135,https://www.douyin.com/note/7644518357118582435
v6136,https://www.douyin.com/video/7643100752978642938
v6137,https://www.douyin.com/video/7617312561284828452
v6138,https://www.douyin.com/video/7644340079754864838
v6139,https://www.douyin.com/video/7624412362251432422
v6140,https://www.douyin.com/video/7635258871725426152
v6141,https://www.douyin.com/note/7644164917251097595
v6142,https://www.douyin.com/note/7643511447608375717
v6143,https://www.douyin.com/note/7639335606166218099
v6144,https://www.douyin.com/note/7643179864238017201
v6145,https://www.douyin.com/note/7643812312764201966
v6146,https://www.douyin.com/note/7644406921306646778
v6147,https://www.douyin.com/note/7644461652423393524
v6148,https://www.douyin.com/note/7643325020207799739
v6149,https://www.douyin.com/video/7638865281301961659
v6150,https://www.douyin.com/video/7639933815012280719
v6151,https://www.douyin.com/video/7642584149877984558
v6152,https://www.douyin.com/video/7644133958141087003
v6153,https://www.douyin.com/video/7636007978857043813
v6154,https://www.douyin.com/note/7643680482518143474
v6155,https://www.douyin.com/video/7644156227005566271
v6156,https://www.douyin.com/note/7643739016530268585
v6157,https://www.douyin.com/note/7567413087960763706
v6158,https://www.douyin.com/video/7548171041307135271
v6159,https://www.douyin.com/video/7063225659245497603
v6160,https://www.douyin.com/video/6921626331985743115
v6161,https://www.douyin.com/note/7613445773208993509
v6162,https://www.douyin.com/video/7113127294293593352
v6163,https://www.douyin.com/video/6936392683652943118
v6164,https://www.douyin.com/video/6893788584684293389
v6165,https://www.douyin.com/video/6971347557859609870
v6166,https://www.douyin.com/video/6950563833194876197
v6167,https://www.douyin.com/video/7636047639708328613
v6168,https://www.douyin.com/video/7644489421751995657
v6169,https://www.douyin.com/video/7634365592870456618
v6170,https://www.douyin.com/video/7644139742062062065
v6171,https://www.douyin.com/note/7644464534535005937
v6172,https://www.douyin.com/video/7622299014893939625
v6173,https://www.douyin.com/video/7640377466539902130
v6174,https://www.douyin.com/video/7644479327136708169
v6175,https://www.douyin.com/video/7643763000834379023
v6176,https://www.douyin.com/video/7644521053264664975
v6177,https://www.douyin.com/video/7637551026668686611
v6178,https://www.douyin.com/video/7644173977828543177
v6179,https://www.douyin.com/video/7643449491680981193
v6180,https://www.douyin.com/video/7643285150763910214
v6181,https://www.douyin.com/video/7644424981346317737
v6182,https://www.douyin.com/video/7641180215960214938
v6183,https://www.douyin.com/video/7623976553231496571
v6184,https://www.douyin.com/video/7644248437462728627
v6185,https://www.douyin.com/note/7640687996559689211
v6186,https://www.douyin.com/video/7638999780605037824
v6187,https://www.douyin.com/video/7644405427195152825
v6188,https://www.douyin.com/video/7631948423197464507
v6189,https://www.douyin.com/note/7641971766198173285
v6190,https://www.douyin.com/video/7630424580510859001
v6191,https://www.douyin.com/note/7627012466405164453
v6192,https://www.douyin.com/video/7629305932418677882
v6193,https://www.douyin.com/video/7642617623822751355
v6194,https://www.douyin.com/video/7638553231149289710
v6195,https://www.douyin.com/note/7639298858099818481
v6196,https://www.douyin.com/note/7639592049083800906
v6197,https://www.douyin.com/note/7643085147503453322
v6198,https://www.douyin.com/note/7639620225440959667
v6199,https://www.douyin.com/note/7640444110327381683
v6200,https://www.douyin.com/note/7640483029273821555
v6201,https://www.douyin.com/video/7639683145701543142
v6202,https://www.douyin.com/note/7637477925789493234
v6203,https://www.douyin.com/video/7499811120552922428
v6204,https://www.douyin.com/video/7644104196602125809
v6205,https://www.douyin.com/video/7642554149925854201
v6206,https://www.douyin.com/video/7644510786316735397
v6207,https://www.douyin.com/video/7622586331570887923
v6208,https://www.douyin.com/note/7643734398386464147
v6209,https://www.douyin.com/note/7644190879121343150
v6210,https://www.douyin.com/video/7644433275428081317
v6211,https://www.douyin.com/video/7644374155160271601
v6212,https://www.douyin.com/video/7641089903010385194
v6213,https://www.douyin.com/video/7642985347123936371
v6214,https://www.douyin.com/video/7622988527164672838
v6215,https://www.douyin.com/video/7642964928827018502
v6216,https://www.douyin.com/video/7643877962609594810
v6217,https://www.douyin.com/note/7643503218567493800
v6218,https://www.douyin.com/note/7643015056347710651
v6219,https://www.douyin.com/video/7642626230159878824
v6220,https://www.douyin.com/video/7638150549951144434
v6221,https://www.douyin.com/video/7633484823088221503
v6222,https://www.douyin.com/video/7624672793170316580
v6223,https://www.douyin.com/video/7641769950252749163
v6224,https://www.douyin.com/video/7639387114166194673
v6225,https://www.douyin.com/video/7643096285637489562
v6226,https://www.douyin.com/video/7644079770891943546
v6227,https://www.douyin.com/video/7636092003906542693
v6228,https://www.douyin.com/video/7643052782555465850
v6229,https://www.douyin.com/video/7644125190993229669
v6230,https://www.douyin.com/note/7642999874409207722
v6231,https://www.douyin.com/video/7641610950584164579
v6232,https://www.douyin.com/video/7642644364463820073
v6233,https://www.douyin.com/video/7644156924988755322
v6234,https://www.douyin.com/video/7642653142944992539
v6235,https://www.douyin.com/video/7644160950630731027
v6236,https://www.douyin.com/video/7611802827320593673
v6237,https://www.douyin.com/video/7643744776069027498
v6238,https://www.douyin.com/video/7643321907156756977
v6239,https://www.douyin.com/video/7644243263989353778
v6240,https://www.douyin.com/video/7623828035317419290
v6241,https://www.douyin.com/video/7626011195497008410
v6242,https://www.douyin.com/video/7628145568694537487
v6243,https://www.douyin.com/video/7630784860914781474
v6244,https://www.douyin.com/video/7644080327861800192
v6245,https://www.douyin.com/video/7635564067071053091
v6246,https://www.douyin.com/video/7634065029469457683
v6247,https://www.douyin.com/video/7642035603583929606
v6248,https://www.douyin.com/video/7633379777940045555
v6249,https://www.douyin.com/video/7637920249727241499
v6250,https://www.douyin.com/video/7633279363160978363
v6251,https://www.douyin.com/video/7644286303441374527
v6252,https://www.douyin.com/video/7633020867677768686
v6253,https://www.douyin.com/video/7638623356581062299
v6254,https://www.douyin.com/video/7619014434224082227
v6255,https://www.douyin.com/video/7644522838162327714
v6256,https://www.douyin.com/video/7642680235586047251
v6257,https://www.douyin.com/video/7642967735987141602
v6258,https://www.douyin.com/video/7597855708343799055
v6259,https://www.douyin.com/video/7303441577727249698
v6260,https://www.douyin.com/video/7311914000005090560
v6261,https://www.douyin.com/video/7580388710261791202
v6262,https://www.douyin.com/video/7142294906889850151
v6263,https://www.douyin.com/video/7289658917527883063
v6264,https://www.douyin.com/video/7132566770698734881
v6265,https://www.douyin.com/video/7644565040809794737
v6266,https://www.douyin.com/video/7642650419973377295
v6267,https://www.douyin.com/video/7611686922473327922
v6268,https://www.douyin.com/note/7644151379573233009
v6269,https://www.douyin.com/video/7643376489740486058
v6270,https://www.douyin.com/video/7643373050507370341
v6271,https://www.douyin.com/video/7644476841206031238
v6272,https://www.douyin.com/video/7644563521771149183
v6273,https://www.douyin.com/video/7644473431257337088
v6274,https://www.douyin.com/video/7617082729775058191
v6275,https://www.douyin.com/video/7642760355370387050
v6276,https://www.douyin.com/video/7643635722596219817
v6277,https://www.douyin.com/video/7643790931695700095
v6278,https://www.douyin.com/video/7644214213585827749
v6279,https://www.douyin.com/video/7644461442846035200
v6280,https://www.douyin.com/note/7643528321317708529
v6281,https://www.douyin.com/video/7642697176539221275
v6282,https://www.douyin.com/video/7642272780507318757
v6283,https://www.douyin.com/video/7639153613960751610
v6284,https://www.douyin.com/video/7622119655854869770
v6285,https://www.douyin.com/note/7639325369976348338
v6286,https://www.douyin.com/video/7644123472012102947
v6287,https://www.douyin.com/video/7644179856615361833
v6288,https://www.douyin.com/video/7562268925791161636
v6289,https://www.douyin.com/video/7644070008963861802
v6290,https://www.douyin.com/video/7638095084273492586
v6291,https://www.douyin.com/note/7644560142754958437
v6292,https://www.douyin.com/video/7642196014228655414
v6293,https://www.douyin.com/video/7623337656381934857
v6294,https://www.douyin.com/video/7641525074339597619
v6295,https://www.douyin.com/video/7641525066861202739
v6296,https://www.douyin.com/video/7640035133533722345
v6297,https://www.douyin.com/video/7644094058389998886
v6298,https://www.douyin.com/note/7643805042957465562
v6299,https://www.douyin.com/video/7642002226827531121
v6300,https://www.douyin.com/video/7634518391910354230
v6301,https://www.douyin.com/video/7640451417245827066
v6302,https://www.douyin.com/video/7596291480906926714
v6303,https://www.douyin.com/video/7551760722565565754
v6304,https://www.douyin.com/video/7627407602897614513
v6305,https://www.douyin.com/video/7644214785987129706
v6306,https://www.douyin.com/video/7613816044490149163
v6307,https://www.douyin.com/video/7644536436221332774
v6308,https://www.douyin.com/video/7644615535388482548
v6309,https://www.douyin.com/video/7639829300237192467
v6310,https://www.douyin.com/video/7644701988706864485
v6311,https://www.douyin.com/video/7644615096571923722
v6312,https://www.douyin.com/video/7644034635814440230
v6313,https://www.douyin.com/video/7643748962612120883
v6314,https://www.douyin.com/video/7644134910050962731
v6315,https://www.douyin.com/video/7644849464116579611
v6316,https://www.douyin.com/video/7632262063548534052
v6317,https://www.douyin.com/video/7644880278616558025
v6318,https://www.douyin.com/video/7644512163919516331
v6319,https://www.douyin.com/video/7644810832857235449
v6320,https://www.douyin.com/video/7633362158600980913
v6321,https://www.douyin.com/video/7617339244419255571
v6322,https://www.douyin.com/video/7636220209305282441
v6323,https://www.douyin.com/note/7644996941668410809
v6324,https://www.douyin.com/video/7532500704099863817
v6325,https://www.douyin.com/video/7605090912092597928
v6326,https://www.douyin.com/note/7644991116140127707
v6327,https://www.douyin.com/video/7644987582027189523
v6328,https://www.douyin.com/video/7572594406822300982
v6329,https://www.douyin.com/video/7644764070222308785
v6330,https://www.douyin.com/note/7644797659388514036
v6331,https://www.douyin.com/note/7644905875673955057
v6332,https://www.douyin.com/video/7644790003465276707
v6333,https://www.douyin.com/video/7643811559341469353
v6334,https://www.douyin.com/video/7644563352496503423
v6335,https://www.douyin.com/video/7644994034401953856
v6336,https://www.douyin.com/video/7643899284554911022
v6337,https://www.douyin.com/video/7644940296937033023
v6338,https://www.douyin.com/video/7644907085943164198
v6339,https://www.douyin.com/note/7644484102975937137
v6340,https://www.douyin.com/video/7624462419888196883
v6341,https://www.douyin.com/video/7634445009168665856
v6342,https://www.douyin.com/video/7641924222223002853
v6343,https://www.douyin.com/video/7642357239113665833
v6344,https://www.douyin.com/video/7644865749983357044
v6345,https://www.douyin.com/note/7644040910522640756
v6346,https://www.douyin.com/note/7642606275381339483
v6347,https://www.douyin.com/note/7644724076733811155
v6348,https://www.douyin.com/video/7644869695744527679
v6349,https://www.douyin.com/video/7644928421248304723
v6350,https://www.douyin.com/note/7644576054754027877
v6351,https://www.douyin.com/video/7643292217586519296
v6352,https://www.douyin.com/video/7644925692580346850
v6353,https://www.douyin.com/video/7644810052062301455
v6354,https://www.douyin.com/note/7644880067529696634
v6355,https://www.douyin.com/video/7642309827720416555
v6356,https://www.douyin.com/video/7644803985723235685
v6357,https://www.douyin.com/note/7643414994797792906
v6358,https://www.douyin.com/video/7643382658910653734
v6359,https://www.douyin.com/video/7486529471604919571
v6360,https://www.douyin.com/video/7633625313977734385
v6361,https://www.douyin.com/video/7643870868703071534
v6362,https://www.douyin.com/video/7605445899019390254
v6363,https://www.douyin.com/video/7610452938749775130
v6364,https://www.douyin.com/video/7611215795447762203
v6365,https://www.douyin.com/video/7613429478643043618
v6366,https://www.douyin.com/video/7612641317293706523
v6367,https://www.douyin.com/video/7614030681487756578
v6368,https://www.douyin.com/video/7644929005434457350
v6369,https://www.douyin.com/note/7644867267167166577
v6370,https://www.douyin.com/video/7620742250947677859
v6371,https://www.douyin.com/video/7316751621457775926
v6372,https://www.douyin.com/video/7319776966771543322
v6373,https://www.douyin.com/video/7588009058197874611
v6374,https://www.douyin.com/video/7373902077577153844
v6375,https://www.douyin.com/video/7204030676784418104
v6376,https://www.douyin.com/video/7445256890273008930
v6377,https://www.douyin.com/video/7641159106246856155
v6378,https://www.douyin.com/video/7642334857998329167
v6379,https://www.douyin.com/video/7641107262304378990
v6380,https://www.douyin.com/video/7641201538748155313
v6381,https://www.douyin.com/video/7633851075459681574
v6382,https://www.douyin.com/video/7640452483545943334
v6383,https://www.douyin.com/note/7644535321967096744
v6384,https://www.douyin.com/note/7634458544431641030
v6385,https://www.douyin.com/video/7637858781308919945
v6386,https://www.douyin.com/video/7555373689408195883
v6387,https://www.douyin.com/video/7644540529279823857
v6388,https://www.douyin.com/video/7637762668262100262
v6389,https://www.douyin.com/note/7635543267664394344
v6390,https://www.douyin.com/note/7636799853401476362
v6391,https://www.douyin.com/note/7644756526532083391
v6392,https://www.douyin.com/video/7644789246725601231
v6393,https://www.douyin.com/video/7635941186280213786
v6394,https://www.douyin.com/video/7622975631860550952
v6395,https://www.douyin.com/video/7644477699708606117
v6396,https://www.douyin.com/video/7644550633252474131
v6397,https://www.douyin.com/video/7592991431892028678
v6398,https://www.douyin.com/note/7643062571066954734
v6399,https://www.douyin.com/note/7644137857371723106
v6400,https://www.douyin.com/note/7644806749141000805
v6401,https://www.douyin.com/note/7644659630639025408
v6402,https://www.douyin.com/note/7643821229766786978
v6403,https://www.douyin.com/note/7644807512319323321
v6404,https://www.douyin.com/video/7600846427710934299
v6405,https://www.douyin.com/note/7641198507663230843
v6406,https://www.douyin.com/note/7644624967410490481
v6407,https://www.douyin.com/note/7644160833292184805
v6408,https://www.douyin.com/note/7638932599117288805
v6409,https://www.douyin.com/video/7643824918689254697
v6410,https://www.douyin.com/note/7644191684486198651
v6411,https://www.douyin.com/video/7630505714880133107
v6412,https://www.douyin.com/note/7643753120443690943
v6413,https://www.douyin.com/video/7643061667651759450
v6414,https://www.douyin.com/video/7639295602560574336
v6415,https://www.douyin.com/note/7641245060659822195
v6416,https://www.douyin.com/video/7644876785625360037
v6417,https://www.douyin.com/video/7644880731029654818
v6418,https://www.douyin.com/note/7643374907803812590
v6419,https://www.douyin.com/note/7571454036835421851
v6420,https://www.douyin.com/note/7558070626650590474
v6421,https://www.douyin.com/note/7528577918358162697
v6422,https://www.douyin.com/note/7526074978103774502
v6423,https://www.douyin.com/video/7565480981848608046
v6424,https://www.douyin.com/note/7637143401276507874
v6425,https://www.douyin.com/video/7644502300895544484
v6426,https://www.douyin.com/note/7644625360815377393
v6427,https://www.douyin.com/note/7644886191665489573
v6428,https://www.douyin.com/note/7644463296074126506
v6429,https://www.douyin.com/video/7636020198668305529
v6430,https://www.douyin.com/video/7643664190566514579
v6431,https://www.douyin.com/video/7642253565160150442
v6432,https://www.douyin.com/video/7643733388461701733
v6433,https://www.douyin.com/video/7624763775333906127
v6434,https://www.douyin.com/video/7625098476845600073
v6435,https://www.douyin.com/video/7584816314058198324
v6436,https://www.douyin.com/video/7634867326617255089
v6437,https://www.douyin.com/note/7644061043552360057
v6438,https://www.douyin.com/video/7644850255900474249
v6439,https://www.douyin.com/video/7644823744162802149
v6440,https://www.douyin.com/video/7641884336267488890
v6441,https://www.douyin.com/video/7644794318078978290
v6442,https://www.douyin.com/note/7641585542413171828
v6443,https://www.douyin.com/video/7626232395615718698
v6444,https://www.douyin.com/note/7644519627612478415
v6445,https://www.douyin.com/note/7644501929091055715
v6446,https://www.douyin.com/video/7639664447569770098
v6447,https://www.douyin.com/video/7639389416477248774
v6448,https://www.douyin.com/video/7508636406512717110
v6449,https://www.douyin.com/video/7644526325697116282
v6450,https://www.douyin.com/video/7644144186724082609
v6451,https://www.douyin.com/video/7642644565908009403
v6452,https://www.douyin.com/video/7632616596346834230
v6453,https://www.douyin.com/video/7642630580776996138
v6454,https://www.douyin.com/video/7640049847575301422
v6455,https://www.douyin.com/video/7643774406250040614
v6456,https://www.douyin.com/video/7629647549851577961
v6457,https://www.douyin.com/video/7618956773353802323
v6458,https://www.douyin.com/note/7639762523814428139
v6459,https://www.douyin.com/video/7636674299558461625
v6460,https://www.douyin.com/note/7644835088492150875
v6461,https://www.douyin.com/video/7644611966921855487
v6462,https://www.douyin.com/note/7643785120487865791
v6463,https://www.douyin.com/video/7640331726787901561
v6464,https://www.douyin.com/video/7644650678975966641
v6465,https://www.douyin.com/note/7643111294581439936
v6466,https://www.douyin.com/video/7643814315502259057
v6467,https://www.douyin.com/video/7643636223654991066
v6468,https://www.douyin.com/video/7643766628027358080
v6469,https://www.douyin.com/video/7644811137024695488
v6470,https://www.douyin.com/video/7644133967918058795
v6471,https://www.douyin.com/note/7642557978004814464
v6472,https://www.douyin.com/video/7644510712370302246
v6473,https://www.douyin.com/video/7642666440839850661
v6474,https://www.douyin.com/video/7636449536635210570
v6475,https://www.douyin.com/note/7644527802175754920
v6476,https://www.douyin.com/video/7644610649200827123
v6477,https://www.douyin.com/video/7644167047894551851
v6478,https://www.douyin.com/note/7621051595560213083
v6479,https://www.douyin.com/video/7634503365082249203
v6480,https://www.douyin.com/video/7643774342974938522
v6481,https://www.douyin.com/video/7641850840143716954
v6482,https://www.douyin.com/video/7644549241720933642
v6483,https://www.douyin.com/note/7644776338020115314
v6484,https://www.douyin.com/video/7644217471474521713
v6485,https://www.douyin.com/video/7132858927443610884
v6486,https://www.douyin.com/video/7131697565711469856
v6487,https://www.douyin.com/note/7130474818150862119
v6488,https://www.douyin.com/video/7613015629386022566
v6489,https://www.douyin.com/video/7623990231351810426
v6490,https://www.douyin.com/video/7631777971765841161
v6491,https://www.douyin.com/video/7146059997502344459
v6492,https://www.douyin.com/note/7200713994452225318
v6493,https://www.douyin.com/video/7146210879330143526
v6494,https://www.douyin.com/video/7638476530645213544
v6495,https://www.douyin.com/note/7213663231183736103
v6496,https://www.douyin.com/note/7202070798901710091
v6497,https://www.douyin.com/video/7623677740697605952
v6498,https://www.douyin.com/note/7643530825342418097
v6499,https://www.douyin.com/note/7420427321103977782
v6500,https://www.douyin.com/video/7642297136188809835
v6501,https://www.douyin.com/note/7518345059088715062
v6502,https://www.douyin.com/note/7424845006126566695
v6503,https://www.douyin.com/video/7624481673651948809
v6504,https://www.douyin.com/video/7644442385246917318
v6505,https://www.douyin.com/note/7524965729814613287
v6506,https://www.douyin.com/video/7623422678783617990
v6507,https://www.douyin.com/video/7644419786130774463
v6508,https://www.douyin.com/note/7629225344550245779
v6509,https://www.douyin.com/video/7644497851275431174
v6510,https://www.douyin.com/note/7631190981778425195
v6511,https://www.douyin.com/note/7631064232608086262
v6512,https://www.douyin.com/video/7625492047457176858
v6513,https://www.douyin.com/video/7611867596534713643
v6514,https://www.douyin.com/video/7643750617730834277
v6515,https://www.douyin.com/video/7613248438851364017
v6516,https://www.douyin.com/video/7634934233669153125
v6517,https://www.douyin.com/video/7634076330392986533
v6518,https://www.douyin.com/video/7615595798633955057
v6519,https://www.douyin.com/video/7642184685125591651
v6520,https://www.douyin.com/video/7639298673129573682
v6521,https://www.douyin.com/video/7641874772905754862
v6522,https://www.douyin.com/video/7644222140845251054
v6523,https://www.douyin.com/video/7643438586679855205
v6524,https://www.douyin.com/video/7642661608740687123
v6525,https://www.douyin.com/video/7642548333763956020
v6526,https://www.douyin.com/video/7643839562011135286
v6527,https://www.douyin.com/video/7632313081604380850
v6528,https://www.douyin.com/video/7644789052247775930
v6529,https://www.douyin.com/video/7640327854010898033
v6530,https://www.douyin.com/video/7622353782819117184
v6531,https://www.douyin.com/video/7637458796381706417
v6532,https://www.douyin.com/video/7644866745513086262
v6533,https://www.douyin.com/video/7622516735949925797
v6534,https://www.douyin.com/video/7642817069871942927
v6535,https://www.douyin.com/video/7643749570102430982
v6536,https://www.douyin.com/video/7639762628499279130
v6537,https://www.douyin.com/video/7642566625564167470
v6538,https://www.douyin.com/video/7625095282661949946
v6539,https://www.douyin.com/video/7644701435858341160
v6540,https://www.douyin.com/note/7643436042460858728
v6541,https://www.douyin.com/video/7644167982414925083
v6542,https://www.douyin.com/video/7638624423302181361
v6543,https://www.douyin.com/video/7615937171366628646
v6544,https://www.douyin.com/note/7509129571460238646
v6545,https://www.douyin.com/video/7460422048888671525
v6546,https://www.douyin.com/note/7510518300444413195
v6547,https://www.douyin.com/video/7637803415581607305
v6548,https://www.douyin.com/note/7643326142292390900
v6549,https://www.douyin.com/video/7588927273374380458
v6550,https://www.douyin.com/video/7369859648339397923
v6551,https://www.douyin.com/video/7637110951577226511
v6552,https://www.douyin.com/note/7630464952368704484
v6553,https://www.douyin.com/video/7636731000429939813
v6554,https://www.douyin.com/video/7644469169710959346
v6555,https://www.douyin.com/video/7616076057787608694
v6556,https://www.douyin.com/video/7643782972412041103
v6557,https://www.douyin.com/video/7641788223353638198
v6558,https://www.douyin.com/video/7635195770815204662
v6559,https://www.douyin.com/video/7643830049145182056
v6560,https://www.douyin.com/video/7634456665043127602
v6561,https://www.douyin.com/video/7644818480387003322
v6562,https://www.douyin.com/video/7639033650469987429
v6563,https://www.douyin.com/video/7634493087124901172
v6564,https://www.douyin.com/video/7644489210247313910
v6565,https://www.douyin.com/video/7644589061633527094
v6566,https://www.douyin.com/video/7638933648774794511
v6567,https://www.douyin.com/video/7641478521591827775
v6568,https://www.douyin.com/video/7644192385517243682
v6569,https://www.douyin.com/video/7627781410161771698
v6570,https://www.douyin.com/video/7644098530042266792
v6571,https://www.douyin.com/video/7644525711243463979
v6572,https://www.douyin.com/video/7643409066911370537
v6573,https://www.douyin.com/video/7634553539649427045
v6574,https://www.douyin.com/video/7644862219759543990
v6575,https://www.douyin.com/video/7644554383627481521
v6576,https://www.douyin.com/video/7641764474449485929
v6577,https://www.douyin.com/video/7641541235869551935
v6578,https://www.douyin.com/video/7644809849088235705
v6579,https://www.douyin.com/video/7643696527331888418
v6580,https://www.douyin.com/video/7618116094112337202
v6581,https://www.douyin.com/video/7638214724421012598
v6582,https://www.douyin.com/video/7644559821101927715
v6583,https://www.douyin.com/video/7630776749345796218
v6584,https://www.douyin.com/video/7642358286011895040
v6585,https://www.douyin.com/video/7642004130881342720
v6586,https://www.douyin.com/video/7644187966939680041
v6587,https://www.douyin.com/video/7628923991461268736
v6588,https://www.douyin.com/video/7619254119567527168
v6589,https://www.douyin.com/video/7644105329566944521
v6590,https://www.douyin.com/video/7643744480314576147
v6591,https://www.douyin.com/video/7642617984091659364
v6592,https://www.douyin.com/video/7644829300688014642
v6593,https://www.douyin.com/video/7644204217778834722
v6594,https://www.douyin.com/video/7644503956501416622
v6595,https://www.douyin.com/video/7615564806694917499
v6596,https://www.douyin.com/video/7644464895182297435
v6597,https://www.douyin.com/video/7639679869873376566
v6598,https://www.douyin.com/video/7644789346865269114
v6599,https://www.douyin.com/video/7644536420233546203
v6600,https://www.douyin.com/video/7612699438192637888
v6601,https://www.douyin.com/video/7644571541783679567
v6602,https://www.douyin.com/video/7644050328719002880
v6603,https://www.douyin.com/video/7643757953010470154
v6604,https://www.douyin.com/video/7641164556509968622
v6605,https://www.douyin.com/video/7634153199766654250
v6606,https://www.douyin.com/video/7644549520142912809
v6607,https://www.douyin.com/video/7643752137746369846
v6608,https://www.douyin.com/video/7644119695234272564
v6609,https://www.douyin.com/video/7644131111900383345
v6610,https://www.douyin.com/video/7644866846626295909
v6611,https://www.douyin.com/video/7644542317887049010
v6612,https://www.douyin.com/video/7643093522064641323
v6613,https://www.douyin.com/video/7643480219172506890
v6614,https://www.douyin.com/video/7643685786155552034
v6615,https://www.douyin.com/video/7611482760678509851
v6616,https://www.douyin.com/video/7634467006221208859
v6617,https://www.douyin.com/video/7643443183083663488
v6618,https://www.douyin.com/video/7642672039781829942
v6619,https://www.douyin.com/video/7641551442746243045
v6620,https://www.douyin.com/note/7643737849477822888
v6621,https://www.douyin.com/video/7615564312421260096
v6622,https://www.douyin.com/video/7645219425721947057
v6623,https://www.douyin.com/video/7642758634484550953
v6624,https://www.douyin.com/video/7644802504073384098
v6625,https://www.douyin.com/note/7645152256480921408
v6626,https://www.douyin.com/video/7639799688007044544
v6627,https://www.douyin.com/video/7644957700766173898
v6628,https://www.douyin.com/video/7640409894830542134
v6629,https://www.douyin.com/note/7645215791118295963
v6630,https://www.douyin.com/video/7643780067051201913
v6631,https://www.douyin.com/video/7636717935789563621
v6632,https://www.douyin.com/note/7637142437551435249
v6633,https://www.douyin.com/video/7641807130638519578
v6634,https://www.douyin.com/note/7644135571284318662
v6635,https://www.douyin.com/video/7606931434577661203
v6636,https://www.douyin.com/note/7645240290408209062
v6637,https://www.douyin.com/video/7644845004019617043
v6638,https://www.douyin.com/note/7644435825551410854
v6639,https://www.douyin.com/video/7641513383288594858
v6640,https://www.douyin.com/video/7639313815766699315
v6641,https://www.douyin.com/video/7638550350837223412
v6642,https://www.douyin.com/video/7622979369044086057
v6643,https://www.douyin.com/video/7644618363004083603
v6644,https://www.douyin.com/video/7644373982258531624
v6645,https://www.douyin.com/video/7636402601549974818
v6646,https://www.douyin.com/video/7644202289724427526
v6647,https://www.douyin.com/video/7643428203651306859
v6648,https://www.douyin.com/video/7636989794593033514
v6649,https://www.douyin.com/video/7628558211784632434
v6650,https://www.douyin.com/video/7640056852806889849
v6651,https://www.douyin.com/video/7635972159143341283
v6652,https://www.douyin.com/video/7643461773937637108
v6653,https://www.douyin.com/video/7638174566502487631
v6654,https://www.douyin.com/video/7256221045760249125
v6655,https://www.douyin.com/video/7331136034987625737
v6656,https://www.douyin.com/video/7274124337009970489
v6657,https://www.douyin.com/video/7641446218812448866
v6658,https://www.douyin.com/video/7643772949917714810
v6659,https://www.douyin.com/video/7637087601022931697
v6660,https://www.douyin.com/video/7638587369713283557
v6661,https://www.douyin.com/video/7639688688591623601
v6662,https://www.douyin.com/video/7228110643096849664
v6663,https://www.douyin.com/video/7314679270150901011
v6664,https://www.douyin.com/video/7078611876317285673
v6665,https://www.douyin.com/video/7615233308418423217
v6666,https://www.douyin.com/video/7644063314445104241
v6667,https://www.douyin.com/video/7643774799994424617
v6668,https://www.douyin.com/note/7643705406909080034
v6669,https://www.douyin.com/video/7644543281228958986
v6670,https://www.douyin.com/note/7642714116553291465
v6671,https://www.douyin.com/video/7644407475105516809
v6672,https://www.douyin.com/video/7642067774084287798
v6673,https://www.douyin.com/video/7644714563183546953
v6674,https://www.douyin.com/note/7645147774362755014
v6675,https://www.douyin.com/video/7645244601003762536
v6676,https://www.douyin.com/video/7645030781728217542
v6677,https://www.douyin.com/video/7644500055826648360
v6678,https://www.douyin.com/video/7634530177753840448
v6679,https://www.douyin.com/video/7644303892167150890
v6680,https://www.douyin.com/video/7644881880290428751
v6681,https://www.douyin.com/video/7644185242382667059
v6682,https://www.douyin.com/video/7209209031162989863
v6683,https://www.douyin.com/video/7011759456526552333
v6684,https://www.douyin.com/video/7585517986992475429
v6685,https://www.douyin.com/video/7450642522759531785
v6686,https://www.douyin.com/video/7155416025234771237
v6687,https://www.douyin.com/video/7152838387727093027
v6688,https://www.douyin.com/video/7644911269476191551
v6689,https://www.douyin.com/video/7644227300896066825
v6690,https://www.douyin.com/note/7644608445714602682
v6691,https://www.douyin.com/note/7645152814537444072
v6692,https://www.douyin.com/video/7644829476458843430
v6693,https://www.douyin.com/video/7621382388542672128
v6694,https://www.douyin.com/video/7644433291848902735
v6695,https://www.douyin.com/video/7641981745420353787
v6696,https://www.douyin.com/video/7645087185066085686
v6697,https://www.douyin.com/video/7642653656995690341
v6698,https://www.douyin.com/video/7644510399526631290
v6699,https://www.douyin.com/video/7645167150663028003
v6700,https://www.douyin.com/video/7644488434678434408
v6701,https://www.douyin.com/video/7645177472813149105
v6702,https://www.douyin.com/video/7645173503893855720
v6703,https://www.douyin.com/video/7645231193038090851
v6704,https://www.douyin.com/video/7645159675486309632
v6705,https://www.douyin.com/video/7645214361262872570
v6706,https://www.douyin.com/video/7643813145689836283
v6707,https://www.douyin.com/note/7644524739939541753
v6708,https://www.douyin.com/video/7645149063089055345
v6709,https://www.douyin.com/video/7644909227412513690
v6710,https://www.douyin.com/video/7644481135703002404
v6711,https://www.douyin.com/video/7644912571472204495
v6712,https://www.douyin.com/video/7641212663054086757
v6713,https://www.douyin.com/note/7644541626220759689
v6714,https://www.douyin.com/note/7596753487221699914
v6715,https://www.douyin.com/note/7645142379980236672
v6716,https://www.douyin.com/video/7644470530975812904
v6717,https://www.douyin.com/video/7622554475270611875
v6718,https://www.douyin.com/video/7644788367774770105
v6719,https://www.douyin.com/note/7644748183448697509
v6720,https://www.douyin.com/video/7644260861033526122
v6721,https://www.douyin.com/video/7645026549455998235
v6722,https://www.douyin.com/video/7644866120071056703
v6723,https://www.douyin.com/video/7644772793908841770
v6724,https://www.douyin.com/video/7644495284898188585
v6725,https://www.douyin.com/video/7644574153227823802
v6726,https://www.douyin.com/note/7644885643387288232
v6727,https://www.douyin.com/note/7644981210456440037
v6728,https://www.douyin.com/video/7642518069306248500
v6729,https://www.douyin.com/video/7644530995743460660
v6730,https://www.douyin.com/video/7639967518064381220
v6731,https://www.douyin.com/video/7638881231367992163
v6732,https://www.douyin.com/video/7637086201979120233
v6733,https://www.douyin.com/video/7637386105012686463
v6734,https://www.douyin.com/video/7645219206431393999
v6735,https://www.douyin.com/video/7638164618040413446
v6736,https://www.douyin.com/video/7636702202467782838
v6737,https://www.douyin.com/video/7645175215873428763
v6738,https://www.douyin.com/video/7645216409182833337
v6739,https://www.douyin.com/video/7642592154237357348
v6740,https://www.douyin.com/note/7644973746629092773
v6741,https://www.douyin.com/video/7643784946922715875
v6742,https://www.douyin.com/video/7618593313003785499
v6743,https://www.douyin.com/note/7641342075073686650
v6744,https://www.douyin.com/video/7645062881054950016
v6745,https://www.douyin.com/video/7642916611330278513
v6746,https://www.douyin.com/video/7644410841496385787
v6747,https://www.douyin.com/video/7645247497417329971
v6748,https://www.douyin.com/video/7636280948417400064
v6749,https://www.douyin.com/video/7644227371272277291
v6750,https://www.douyin.com/video/7615596471098495208
v6751,https://www.douyin.com/video/7644204193800881073
v6752,https://www.douyin.com/video/7641125628581793065
v6753,https://www.douyin.com/note/7642944100765376421
v6754,https://www.douyin.com/video/7645121917410855290
v6755,https://www.douyin.com/video/7642657800296886629
v6756,https://www.douyin.com/note/7643369679176675042
v6757,https://www.douyin.com/video/7645203889066724646
v6758,https://www.douyin.com/note/7645199228436324986
v6759,https://www.douyin.com/note/7644991129306804453
v6760,https://www.douyin.com/note/7645246061414111845
v6761,https://www.douyin.com/video/7645139602272980275
v6762,https://www.douyin.com/note/7645190325816411643
v6763,https://www.douyin.com/note/7644950615982516901
v6764,https://www.douyin.com/video/7644900372229716965
v6765,https://www.douyin.com/note/7645117803876538993
v6766,https://www.douyin.com/video/7645153308977466666
v6767,https://www.douyin.com/video/7645190429004057899
v6768,https://www.douyin.com/video/7643019693415444923
v6769,https://www.douyin.com/video/7644966499274213809
v6770,https://www.douyin.com/video/7600615406067404083
v6771,https://www.douyin.com/note/7644560181016676453
v6772,https://www.douyin.com/note/7390671787060661530
v6773,https://www.douyin.com/note/7402574192798911770
v6774,https://www.douyin.com/video/7645133414751817000
v6775,https://www.douyin.com/video/7634531386090861241
v6776,https://www.douyin.com/note/7340212426333277449
v6777,https://www.douyin.com/note/7569809081742762350
v6778,https://www.douyin.com/note/7644229327434173882
v6779,https://www.douyin.com/video/7621124899663621625
v6780,https://www.douyin.com/video/7644509565349924137
v6781,https://www.douyin.com/note/7644383077238170094
v6782,https://www.douyin.com/video/7638169812589497650
v6783,https://www.douyin.com/video/7645182093282389097
v6784,https://www.douyin.com/note/7645029669377732084
v6785,https://www.douyin.com/note/7645149140032263110
v6786,https://www.douyin.com/video/7631179804859311090
v6787,https://www.douyin.com/video/7638571484877268985
v6788,https://www.douyin.com/video/7644013380102309093
v6789,https://www.douyin.com/video/7634541235827058033
v6790,https://www.douyin.com/video/7644516406772396145
v6791,https://www.douyin.com/note/7644973863063087091
v6792,https://www.douyin.com/video/7644731151646869155
v6793,https://www.douyin.com/video/7644817471166777524
v6794,https://www.douyin.com/note/7645159282904106851
v6795,https://www.douyin.com/video/7621927231443001829
v6796,https://www.douyin.com/note/7644065377018958961
v6797,https://www.douyin.com/video/7637485198649652475
v6798,https://www.douyin.com/video/7644130033804847722
v6799,https://www.douyin.com/note/7644795156759991251
v6800,https://www.douyin.com/video/7644737017997266230
v6801,https://www.douyin.com/video/7645130828929895714
v6802,https://www.douyin.com/video/7554017641577467162
v6803,https://www.douyin.com/video/7645129015036087579
v6804,https://www.douyin.com/video/7644596308934265189
v6805,https://www.douyin.com/video/7635881497614723322
v6806,https://www.douyin.com/video/7644234620241841471
v6807,https://www.douyin.com/video/7645164488215618473
v6808,https://www.douyin.com/note/7644241214691097835
v6809,https://www.douyin.com/video/7643649799544198009
v6810,https://www.douyin.com/video/7644761569096878217
v6811,https://www.douyin.com/video/7638474463595498779
v6812,https://www.douyin.com/video/7642924221790638193
v6813,https://www.douyin.com/video/7644818369559940415
v6814,https://www.douyin.com/note/7645217406063138687
v6815,https://www.douyin.com/note/7644872559448928411
v6816,https://www.douyin.com/video/7643310008579116273
v6817,https://www.douyin.com/note/7645183708949666907
v6818,https://www.douyin.com/video/7611943781423729966
v6819,https://www.douyin.com/video/7644940671950125236
v6820,https://www.douyin.com/video/7644881254789455482
v6821,https://www.douyin.com/video/7635281323229236499
v6822,https://www.douyin.com/video/7644915941251321107
v6823,https://www.douyin.com/video/7644923681773111790
v6824,https://www.douyin.com/note/7643480306507802470
v6825,https://www.douyin.com/note/7644804677611906555
v6826,https://www.douyin.com/video/7635137092893205243
v6827,https://www.douyin.com/video/7645164986481870521
v6828,https://www.douyin.com/video/7643146977203314154
v6829,https://www.douyin.com/video/7640070885660296083
v6830,https://www.douyin.com/video/7616894566024678697
v6831,https://www.douyin.com/video/7582144860635893019
v6832,https://www.douyin.com/video/7644794647247819177
v6833,https://www.douyin.com/video/7643348528568405221
v6834,https://www.douyin.com/video/7644878073631870258
v6835,https://www.douyin.com/video/7644992992536825098
v6836,https://www.douyin.com/video/7639751429376220645
v6837,https://www.douyin.com/video/7642500710659885546
v6838,https://www.douyin.com/video/7644344259142872314
v6839,https://www.douyin.com/video/7644896087022909169
v6840,https://www.douyin.com/video/7644807208324430565
v6841,https://www.douyin.com/video/7639611827652409782
v6842,https://www.douyin.com/video/7643052460324880505
v6843,https://www.douyin.com/video/7643610457639570100
v6844,https://www.douyin.com/video/7639668811663525026
v6845,https://www.douyin.com/video/7630778361703484095
v6846,https://www.douyin.com/video/7643014571372298469
v6847,https://www.douyin.com/video/7638945281350156793
v6848,https://www.douyin.com/video/7644879498689673423
v6849,https://www.douyin.com/video/7644901095441129926
v6850,https://www.douyin.com/video/7644558354929502075
v6851,https://www.douyin.com/video/7644926317775131483
v6852,https://www.douyin.com/video/7634519602522113721
v6853,https://www.douyin.com/video/7644815824365086949
v6854,https://www.douyin.com/video/7635865050088371429
v6855,https://www.douyin.com/video/7643464975386110065
v6856,https://www.douyin.com/video/7634921615231826048
v6857,https://www.douyin.com/video/7643410718596034789
v6858,https://www.douyin.com/video/7644965175333752079
v6859,https://www.douyin.com/video/7622275279893313786
v6860,https://www.douyin.com/video/7644708303973836409
v6861,https://www.douyin.com/video/7626960747206398888
v6862,https://www.douyin.com/video/7643679451674528241
v6863,https://www.douyin.com/video/7625850762413364337
v6864,https://www.douyin.com/video/7644698867535705673
v6865,https://www.douyin.com/video/7642989370060106067
v6866,https://www.douyin.com/video/7644955566720918949
v6867,https://www.douyin.com/video/7644759293375367675
v6868,https://www.douyin.com/video/7640482480872508691
v6869,https://www.douyin.com/video/7626331712523373860
v6870,https://www.douyin.com/video/7644637606181657807
v6871,https://www.douyin.com/video/7645163559572005988
v6872,https://www.douyin.com/video/7644867858295629553
v6873,https://www.douyin.com/video/7644806096650554211
v6874,https://www.douyin.com/video/7642248071779344847
v6875,https://www.douyin.com/video/7645148869294730405
v6876,https://www.douyin.com/video/7645211478592660303
v6877,https://www.douyin.com/video/7644130343641463717
v6878,https://www.douyin.com/video/7641913680234176617
v6879,https://www.douyin.com/video/7639012408154371060
v6880,https://www.douyin.com/video/7615363359432703218
v6881,https://www.douyin.com/video/7643486792893065060
v6882,https://www.douyin.com/video/7644583678303588584
v6883,https://www.douyin.com/video/7635560806817976811
v6884,https://www.douyin.com/video/7644197346645349545
v6885,https://www.douyin.com/video/7644884236831716089
v6886,https://www.douyin.com/video/7644803059004070513
v6887,https://www.douyin.com/video/7641427313608034747
v6888,https://www.douyin.com/video/7621456834344675193
v6889,https://www.douyin.com/note/7643351546121594185
v6890,https://www.douyin.com/video/7644962640200611249
v6891,https://www.douyin.com/video/7644786422033171892
v6892,https://www.douyin.com/video/7643006681353901157
v6893,https://www.douyin.com/note/7640063711805255147
v6894,https://www.douyin.com/video/7644390288173332410
v6895,https://www.douyin.com/video/7615261048820455606
v6896,https://www.douyin.com/video/7644909174863014510
v6897,https://www.douyin.com/video/7644959078447369487
v6898,https://www.douyin.com/video/7640674713811028977
v6899,https://www.douyin.com/video/7644505244029732857
v6900,https://www.douyin.com/video/7637502880421820922
v6901,https://www.douyin.com/note/7644226695738748773
v6902,https://www.douyin.com/video/7638490953543842298
v6903,https://www.douyin.com/video/7637089189368007999
v6904,https://www.douyin.com/video/7643081680001590394
v6905,https://www.douyin.com/video/7642194308884466331
v6906,https://www.douyin.com/video/7642989674823250915
v6907,https://www.douyin.com/note/7644924202046999417
v6908,https://www.douyin.com/video/7644893555455477736
v6909,https://www.douyin.com/video/7645082675060935951
v6910,https://www.douyin.com/video/7639018719712394917
v6911,https://www.douyin.com/video/7643998763821165219
v6912,https://www.douyin.com/video/7633531499035262436
v6913,https://www.douyin.com/video/7644879193156128867
v6914,https://www.douyin.com/video/7637448269492161811
v6915,https://www.douyin.com/video/7644910354859253236
v6916,https://www.douyin.com/video/7641598551314795802
v6917,https://www.douyin.com/video/7645055579861323034
v6918,https://www.douyin.com/video/7644496174933821608
v6919,https://www.douyin.com/video/7644856712146906097
v6920,https://www.douyin.com/video/7642970491409810559
v6921,https://www.douyin.com/video/7644096322664781041
v6922,https://www.douyin.com/video/7645024436564122979
v6923,https://www.douyin.com/video/7642552812480392613
v6924,https://www.douyin.com/video/7644527249437790821
v6925,https://www.douyin.com/video/7644109148270887528
v6926,https://www.douyin.com/video/7643413002343582370
v6927,https://www.douyin.com/video/7645175956164876133
v6928,https://www.douyin.com/video/7628050693131272566
v6929,https://www.douyin.com/video/7644957953174416756
v6930,https://www.douyin.com/video/7642911754280423289
v6931,https://www.douyin.com/video/7644959059149795429
v6932,https://www.douyin.com/video/7644708187002266182
v6933,https://www.douyin.com/video/7643498906691300970
v6934,https://www.douyin.com/video/7636749265461974949
v6935,https://www.douyin.com/video/7644950974175481088
v6936,https://www.douyin.com/video/7642237352533904666
v6937,https://www.douyin.com/video/7642622901016261546
v6938,https://www.douyin.com/video/7644887999054633443
v6939,https://www.douyin.com/video/7643458378514386515
v6940,https://www.douyin.com/video/7643533064362118434
v6941,https://www.douyin.com/video/7644228084291423498
v6942,https://www.douyin.com/video/7642277312180094385
v6943,https://www.douyin.com/video/7645164355377706411
v6944,https://www.douyin.com/video/7644351148522945195
v6945,https://www.douyin.com/video/7636671869912405497
v6946,https://www.douyin.com/note/7642651916359372514
v6947,https://www.douyin.com/video/7643297676243230971
v6948,https://www.douyin.com/video/7643353522578632116
v6949,https://www.douyin.com/video/7640306880729136575
v6950,https://www.douyin.com/video/7633012563035142388
v6951,https://www.douyin.com/video/7644842000772081586
v6952,https://www.douyin.com/video/7644912964458423642
v6953,https://www.douyin.com/video/7644898504900381988
v6954,https://www.douyin.com/note/7638895395704148452
v6955,https://www.douyin.com/video/7644372750686543985
v6956,https://www.douyin.com/video/7640475947069780454
v6957,https://www.douyin.com/video/7634122419691194341
v6958,https://www.douyin.com/video/7644909505030374266
v6959,https://www.douyin.com/video/7638327299775513061
v6960,https://www.douyin.com/video/7644755011913698596
v6961,https://www.douyin.com/video/7644888565743132005
v6962,https://www.douyin.com/video/7639971070422855283
v6963,https://www.douyin.com/video/7643431965849686137
v6964,https://www.douyin.com/video/7628613677868520634
v6965,https://www.douyin.com/video/7644927080208230537
v6966,https://www.douyin.com/video/7644872508999288931
v6967,https://www.douyin.com/video/7640783048431492837
v6968,https://www.douyin.com/video/7635252801514688113
v6969,https://www.douyin.com/video/7642317015613320424
v6970,https://www.douyin.com/video/7644176689597499385
v6971,https://www.douyin.com/video/7640140286824673201
v6972,https://www.douyin.com/video/7640783708508785971
v6973,https://www.douyin.com/video/7643419156134028645
v6974,https://www.douyin.com/video/7644559896243606897
v6975,https://www.douyin.com/video/7644774921814483803
v6976,https://www.douyin.com/video/7621391926261311360
v6977,https://www.douyin.com/video/7645143246049505609
v6978,https://www.douyin.com/video/7639225402511634555
v6979,https://www.douyin.com/video/7645230740342426921
v6980,https://www.douyin.com/video/7643989175229779235
v6981,https://www.douyin.com/video/7644791841800161765
v6982,https://www.douyin.com/video/7644603639407098874
v6983,https://www.douyin.com/video/7644150745168860392
v6984,https://www.douyin.com/video/7626654828362643642
v6985,https://www.douyin.com/video/7644744676670524706
v6986,https://www.douyin.com/video/7644185041481085093
v6987,https://www.douyin.com/note/7643048958709269876
v6988,https://www.douyin.com/video/7644743174557434034
v6989,https://www.douyin.com/video/7642568263470356977
v6990,https://www.douyin.com/video/7640071321246352827
v6991,https://www.douyin.com/video/7643296398373051890
v6992,https://www.douyin.com/video/7637458031597751227
v6993,https://www.douyin.com/video/7637829796324530161
v6994,https://www.douyin.com/video/7641283853243452722
v6995,https://www.douyin.com/video/7634907821252068303
v6996,https://www.douyin.com/video/7645133984518879481
v6997,https://www.douyin.com/video/7639389359640622051
v6998,https://www.douyin.com/video/7623303547437714703
v6999,https://www.douyin.com/video/7644903309056710570
v7000,https://www.douyin.com/video/7641775091148301413
v7001,https://www.douyin.com/video/7621010073624045126
v7002,https://www.douyin.com/note/7644890057815631781
v7003,https://www.douyin.com/video/7639737092653837297
v7004,https://www.douyin.com/video/7641564994668397161
v7005,https://www.douyin.com/video/7644827142018766726
v7006,https://www.douyin.com/video/7633681077685003621
v7007,https://www.douyin.com/video/7643035670462205157
v7008,https://www.douyin.com/video/7644793010878497713
v7009,https://www.douyin.com/note/7642128365239122531
v7010,https://www.douyin.com/video/7635594262818973428
v7011,https://www.douyin.com/video/7644223504854782056
v7012,https://www.douyin.com/video/7642768754745102577
v7013,https://www.douyin.com/note/7638112081031898856
v7014,https://www.douyin.com/note/7642686744853702068
v7015,https://www.douyin.com/video/7627730373674635227
v7016,https://www.douyin.com/video/7643878078619389193
v7017,https://www.douyin.com/video/7644834211292280293
v7018,https://www.douyin.com/video/7644549746148920576
v7019,https://www.douyin.com/video/7637347527047014374
v7020,https://www.douyin.com/video/7644945685855415400
v7021,https://www.douyin.com/video/7637464366178854528
v7022,https://www.douyin.com/video/7643371530306509567
v7023,https://www.douyin.com/video/7645108459284843786
v7024,https://www.douyin.com/video/7643737488541389803
v7025,https://www.douyin.com/video/7638606163852572145
v7026,https://www.douyin.com/video/7644838345076142833
v7027,https://www.douyin.com/video/7644984030702042746
v7028,https://www.douyin.com/video/7643062391747596657
v7029,https://www.douyin.com/video/7642274167479572645
v7030,https://www.douyin.com/video/7644428087828646331
v7031,https://www.douyin.com/note/7641111308440671656
v7032,https://www.douyin.com/video/7643376547315024101
v7033,https://www.douyin.com/video/7644140245899302538
v7034,https://www.douyin.com/video/7642265253103634298
v7035,https://www.douyin.com/video/7637829551158005027
v7036,https://www.douyin.com/video/7644965369451588458
v7037,https://www.douyin.com/video/7643760452371344704
v7038,https://www.douyin.com/video/7640007686197146944
v7039,https://www.douyin.com/note/7640017964514676004
v7040,https://www.douyin.com/video/7640052624616830409
v7041,https://www.douyin.com/video/7643407162353828209
v7042,https://www.douyin.com/video/7643989188823485504
v7043,https://www.douyin.com/video/7627913835848518123
v7044,https://www.douyin.com/video/7644562857711188645
v7045,https://www.douyin.com/video/7642670206686547446
v7046,https://www.douyin.com/video/7636305171076631835
v7047,https://www.douyin.com/video/7644495677871315603
v7048,https://www.douyin.com/video/7623857467616677126
v7049,https://www.douyin.com/video/7642682367388352154
v7050,https://www.douyin.com/video/7638248043569372142
v7051,https://www.douyin.com/video/7643686205931002609
v7052,https://www.douyin.com/video/7644877544857417446
v7053,https://www.douyin.com/video/7644940007064495350
v7054,https://www.douyin.com/video/7642562463988681849
v7055,https://www.douyin.com/video/7641984269950127411
v7056,https://www.douyin.com/video/7644414801963639781
v7057,https://www.douyin.com/video/7642665622858046905
v7058,https://www.douyin.com/video/7639251116488113523
v7059,https://www.douyin.com/video/7645512570745498978
v7060,https://www.douyin.com/video/7644538423520316691
v7061,https://www.douyin.com/video/7641924108921392410
v7062,https://www.douyin.com/note/7645391161029178714
v7063,https://www.douyin.com/video/7641870857400241454
v7064,https://www.douyin.com/note/7644770046958841339
v7065,https://www.douyin.com/video/7643939077468835113
v7066,https://www.douyin.com/video/7643487100557755643
v7067,https://www.douyin.com/video/7644620342509858250
v7068,https://www.douyin.com/video/7644818350413008191
v7069,https://www.douyin.com/note/7644871279959052517
v7070,https://www.douyin.com/video/7644549314672896485
v7071,https://www.douyin.com/video/7643125584549691209
v7072,https://www.douyin.com/video/7633709600511937834
v7073,https://www.douyin.com/note/7645444386305861760
v7074,https://www.douyin.com/video/7644453296912861946
v7075,https://www.douyin.com/note/7644927220171623592
v7076,https://www.douyin.com/video/7630442287101824633
v7077,https://www.douyin.com/video/7645017681263393125
v7078,https://www.douyin.com/video/7645150678477737216
v7079,https://www.douyin.com/video/7637177468424375658
v7080,https://www.douyin.com/note/7643389745544319306
v7081,https://www.douyin.com/note/7645337214091957092
v7082,https://www.douyin.com/video/7625576938056207652
v7083,https://www.douyin.com/note/7644535504759873674
v7084,https://www.douyin.com/video/7642515740746140962
v7085,https://www.douyin.com/video/7633785817747475738
v7086,https://www.douyin.com/video/7645233109524420598
v7087,https://www.douyin.com/video/7644920973539511587
v7088,https://www.douyin.com/note/7644923488905875429
v7089,https://www.douyin.com/note/7644554788621160443
v7090,https://www.douyin.com/video/7645357584060425658
v7091,https://www.douyin.com/video/7645291389449736378
v7092,https://www.douyin.com/note/7645438397684105393
v7093,https://www.douyin.com/video/7644550249205284217
v7094,https://www.douyin.com/video/7636951796728577226
v7095,https://www.douyin.com/video/7644800990684053695
v7096,https://www.douyin.com/note/7645173850968730816
v7097,https://www.douyin.com/video/7615295249354640666
v7098,https://www.douyin.com/note/7645355276997550963
v7099,https://www.douyin.com/note/7644877318599063025
v7100,https://www.douyin.com/note/7643709874223803752
v7101,https://www.douyin.com/video/7635252532817775887
v7102,https://www.douyin.com/note/7645104485946400890
v7103,https://www.douyin.com/video/7645412515383862181
v7104,https://www.douyin.com/video/7638207659812004954
v7105,https://www.douyin.com/video/7643672240399125779
v7106,https://www.douyin.com/video/7644595995356112226
v7107,https://www.douyin.com/video/7635154722744526203
v7108,https://www.douyin.com/video/7642729327842955642
v7109,https://www.douyin.com/video/7638466222729009659
v7110,https://www.douyin.com/video/7642931461805778931
v7111,https://www.douyin.com/video/7644127374656769314
v7112,https://www.douyin.com/note/7645213803244994674
v7113,https://www.douyin.com/video/7639031398737816250
v7114,https://www.douyin.com/note/7645113894256494963
v7115,https://www.douyin.com/video/7638908695975349545
v7116,https://www.douyin.com/video/7645501086757236059
v7117,https://www.douyin.com/video/7624442584270161913
v7118,https://www.douyin.com/video/7232921525089848633
v7119,https://www.douyin.com/video/7237176830057401655
v7120,https://www.douyin.com/video/7249291322094341437
v7121,https://www.douyin.com/video/7444517200037236018
v7122,https://www.douyin.com/video/7414376139088530739
v7123,https://www.douyin.com/video/7165064390687853857
v7124,https://www.douyin.com/video/7644946652252034481
v7125,https://www.douyin.com/video/7644530428431199226
v7126,https://www.douyin.com/note/7645387608406843471
v7127,https://www.douyin.com/note/7645361635083746225
v7128,https://www.douyin.com/video/7643094961735564197
v7129,https://www.douyin.com/video/7645428813313384447
v7130,https://www.douyin.com/video/7594161649771187499
v7131,https://www.douyin.com/note/7645477268181769827
v7132,https://www.douyin.com/note/7645315427715635946
v7133,https://www.douyin.com/video/7644454472655113510
v7134,https://www.douyin.com/note/7645392870728822522
v7135,https://www.douyin.com/note/7644195742991515114
v7136,https://www.douyin.com/video/7645223710705650963
v7137,https://www.douyin.com/video/7637764876404483188
v7138,https://www.douyin.com/video/7643751062263958827
v7139,https://www.douyin.com/video/7645435563251988724
v7140,https://www.douyin.com/video/7639379346981291770
v7141,https://www.douyin.com/note/7643381426276575418
v7142,https://www.douyin.com/video/7645214065748462898
v7143,https://www.douyin.com/video/7643378457530999525
v7144,https://www.douyin.com/video/7643066252093788026
v7145,https://www.douyin.com/note/7643888587746599305
v7146,https://www.douyin.com/video/7588108844631346486
v7147,https://www.douyin.com/note/7643351030282244025
v7148,https://www.douyin.com/video/7642407494588894500
v7149,https://www.douyin.com/video/7644896307337843179
v7150,https://www.douyin.com/note/7645185883273305445
v7151,https://www.douyin.com/video/7565876227366456617
v7152,https://www.douyin.com/video/7644889433859265893
v7153,https://www.douyin.com/video/7645481280590728474
v7154,https://www.douyin.com/video/7644923769819073811
v7155,https://www.douyin.com/note/7644968289375105450
v7156,https://www.douyin.com/video/7644774292261630373
v7157,https://www.douyin.com/video/7644732760847055281
v7158,https://www.douyin.com/note/7644800942604809329
v7159,https://www.douyin.com/video/7644601300423855402
v7160,https://www.douyin.com/note/7644626481821776052
v7161,https://www.douyin.com/note/7644638493469640339
v7162,https://www.douyin.com/note/7644859527334448037
v7163,https://www.douyin.com/note/7644744183861894376
v7164,https://www.douyin.com/note/7644933412235575482
v7165,https://www.douyin.com/note/7644700408807902651
v7166,https://www.douyin.com/note/7644649748234006266
v7167,https://www.douyin.com/video/7644939595344082361
v7168,https://www.douyin.com/note/7644746019456371707
v7169,https://www.douyin.com/video/7644800701884845327
v7170,https://www.douyin.com/note/7644899252866470377
v7171,https://www.douyin.com/video/7644669049343084977
v7172,https://www.douyin.com/note/7645344343097067955
v7173,https://www.douyin.com/note/7644480397372870577
v7174,https://www.douyin.com/video/7645314975820516634
v7175,https://www.douyin.com/video/7615945979572833579
v7176,https://www.douyin.com/video/7645342358540270181
v7177,https://www.douyin.com/note/7644261562861543273
v7178,https://www.douyin.com/video/7645267085602059754
v7179,https://www.douyin.com/video/7641627066160483627
v7180,https://www.douyin.com/video/7644735786201793509
v7181,https://www.douyin.com/note/7645231711391479738
v7182,https://www.douyin.com/video/7594809927999163684
v7183,https://www.douyin.com/video/7598565871732902257
v7184,https://www.douyin.com/video/7644454990337084691
v7185,https://www.douyin.com/video/7644132713599328177
v7186,https://www.douyin.com/video/7624163000890461476
v7187,https://www.douyin.com/video/7645268564525501736
v7188,https://www.douyin.com/video/7640803505309911955
v7189,https://www.douyin.com/video/7639312207993425204
v7190,https://www.douyin.com/video/7636440636480642169
v7191,https://www.douyin.com/video/7634770971564966641
v7192,https://www.douyin.com/video/7639792979229560083
v7193,https://www.douyin.com/note/7645168749871453617
v7194,https://www.douyin.com/video/7629689085851102203
v7195,https://www.douyin.com/note/7645363962570417777
v7196,https://www.douyin.com/note/7645288421863595365
v7197,https://www.douyin.com/video/7601572365868256555
v7198,https://www.douyin.com/video/7645167441731807854
v7199,https://www.douyin.com/video/7644420697539759403
v7200,https://www.douyin.com/video/7638224453092101439
v7201,https://www.douyin.com/video/7645305189063561713
v7202,https://www.douyin.com/video/7642936573243182386
v7203,https://www.douyin.com/video/7643774515244310939
v7204,https://www.douyin.com/video/7644945048123425969
v7205,https://www.douyin.com/video/7637206136805920036
v7206,https://www.douyin.com/video/7645211796034924197
v7207,https://www.douyin.com/video/7645431874894023977
v7208,https://www.douyin.com/video/7644979171747188010
v7209,https://www.douyin.com/video/7644773673337475066
v7210,https://www.douyin.com/video/7644438544115863473
v7211,https://www.douyin.com/video/7639742586013486399
v7212,https://www.douyin.com/note/7644518894083093242
v7213,https://www.douyin.com/video/7644890454928418728
v7214,https://www.douyin.com/video/7644510312363798907
v7215,https://www.douyin.com/video/7622191739289292073
v7216,https://www.douyin.com/note/7636712682242680185
v7217,https://www.douyin.com/video/7645339343132855561
v7218,https://www.douyin.com/video/7644976022651276595
v7219,https://www.douyin.com/video/7629687094184660275
v7220,https://www.douyin.com/video/7644821657747574059
v7221,https://www.douyin.com/video/7642680704827985198
v7222,https://www.douyin.com/video/7643356876209418853
v7223,https://www.douyin.com/note/7644464530391035749
v7224,https://www.douyin.com/video/7644862234359801850
v7225,https://www.douyin.com/video/7642854479474340785
v7226,https://www.douyin.com/video/7625617053705976506
v7227,https://www.douyin.com/video/7645358748642961512
v7228,https://www.douyin.com/video/7645253900748753147
v7229,https://www.douyin.com/video/7642295107069674916
v7230,https://www.douyin.com/video/7639384434760700133
v7231,https://www.douyin.com/video/7643681599948108523
v7232,https://www.douyin.com/video/7634481352931035505
v7233,https://www.douyin.com/video/7642993604436299017
v7234,https://www.douyin.com/video/7644162096896150784
v7235,https://www.douyin.com/video/7645252263992328443
v7236,https://www.douyin.com/video/7635341787980809915
v7237,https://www.douyin.com/video/7644551113043257457
v7238,https://www.douyin.com/video/7644488763104391242
v7239,https://www.douyin.com/video/7636372497538065125
v7240,https://www.douyin.com/video/7643951972386701819
v7241,https://www.douyin.com/video/7624980999869455754
v7242,https://www.douyin.com/video/7644956257123669430
v7243,https://www.douyin.com/video/7644794820040885673
v7244,https://www.douyin.com/video/7644195463361412715
v7245,https://www.douyin.com/video/7644192688506691563
v7246,https://www.douyin.com/video/7642533957637538491
v7247,https://www.douyin.com/video/7632296849974892977
v7248,https://www.douyin.com/video/7644202129887919443
v7249,https://www.douyin.com/video/7644811181572089529
v7250,https://www.douyin.com/video/7645119246050343589
v7251,https://www.douyin.com/video/7633174518509383347
v7252,https://www.douyin.com/video/7644964955363602042
v7253,https://www.douyin.com/video/7643004672705835450
v7254,https://www.douyin.com/video/7643064842387032814
v7255,https://www.douyin.com/video/7645268689668099313
v7256,https://www.douyin.com/video/7640569059621569460
v7257,https://www.douyin.com/video/7645275316773503397
v7258,https://www.douyin.com/video/7645210118161829170
v7259,https://www.douyin.com/video/7630789890678627301
v7260,https://www.douyin.com/video/7644534026854840038
v7261,https://www.douyin.com/note/7644070072201291249
v7262,https://www.douyin.com/video/7644499130202492211
v7263,https://www.douyin.com/video/7643023123881399209
v7264,https://www.douyin.com/video/7629669609511782011
v7265,https://www.douyin.com/video/7645333751157316261
v7266,https://www.douyin.com/video/7618905365053254501
v7267,https://www.douyin.com/video/7643112392570225082
v7268,https://www.douyin.com/video/7643105020602538981
v7269,https://www.douyin.com/video/7645289358824108261
v7270,https://www.douyin.com/video/7644957281780560051
v7271,https://www.douyin.com/video/7639173597075885355
v7272,https://www.douyin.com/video/7645225039244193641
v7273,https://www.douyin.com/video/7620292685723559360
v7274,https://www.douyin.com/video/7642291393978136710
v7275,https://www.douyin.com/video/7644880475760544625
v7276,https://www.douyin.com/video/7635982651316789226
v7277,https://www.douyin.com/video/7644904488020942803
v7278,https://www.douyin.com/video/7644873833854429435
v7279,https://www.douyin.com/video/7642980288876119801
v7280,https://www.douyin.com/video/7634906755872779263
v7281,https://www.douyin.com/video/7645222838789769443
v7282,https://www.douyin.com/video/7641174190981049536
v7283,https://www.douyin.com/video/7638682772639104613
v7284,https://www.douyin.com/video/7644785049350524194
v7285,https://www.douyin.com/video/7644799643327452010
v7286,https://www.douyin.com/video/7644499956758654075
v7287,https://www.douyin.com/video/7640467871428642019
v7288,https://www.douyin.com/video/7645283980376265083
v7289,https://www.douyin.com/video/7645333625668614726
v7290,https://www.douyin.com/video/7641532255329114469
v7291,https://www.douyin.com/video/7645330072848710299
v7292,https://www.douyin.com/video/7645270017827000730
v7293,https://www.douyin.com/video/7644518475612994489
v7294,https://www.douyin.com/video/7643023912997666127
v7295,https://www.douyin.com/video/7635634098517740800
v7296,https://www.douyin.com/video/7645316537805710011
v7297,https://www.douyin.com/video/7642661924714390705
v7298,https://www.douyin.com/video/7644911483528861631
v7299,https://www.douyin.com/video/7642709790552845787
v7300,https://www.douyin.com/video/7645222736570228326
v7301,https://www.douyin.com/video/7645303740539171045
v7302,https://www.douyin.com/video/7642389313351530139
v7303,https://www.douyin.com/video/7645312623894407823
v7304,https://www.douyin.com/video/7621727251419634374
v7305,https://www.douyin.com/video/7644550079352687912
v7306,https://www.douyin.com/video/7644867090742715610
v7307,https://www.douyin.com/video/7637643312807038258
v7308,https://www.douyin.com/video/7644115926186815986
v7309,https://www.douyin.com/video/7644946789027979215
v7310,https://www.douyin.com/video/7634477658411995001
v7311,https://www.douyin.com/video/7644994490386299626
v7312,https://www.douyin.com/video/7642626628668968242
v7313,https://www.douyin.com/video/7624041067914213019
v7314,https://www.douyin.com/video/7645323665864723746
v7315,https://www.douyin.com/video/7644978998914022641
v7316,https://www.douyin.com/video/7641293072290041131
v7317,https://www.douyin.com/video/7637426618475423482
v7318,https://www.douyin.com/video/7645280600660616689
v7319,https://www.douyin.com/video/7644860828931448211
v7320,https://www.douyin.com/video/7639314856412455049
v7321,https://www.douyin.com/video/7644546060048010918
v7322,https://www.douyin.com/video/7645169660279569573
v7323,https://www.douyin.com/video/7638574850621229562
v7324,https://www.douyin.com/video/7639717839117937094
v7325,https://www.douyin.com/video/7641203444191235355
v7326,https://www.douyin.com/video/7645314708404420851
v7327,https://www.douyin.com/video/7644901780375605952
v7328,https://www.douyin.com/video/7643902580482194088
v7329,https://www.douyin.com/video/7621922058632662867
v7330,https://www.douyin.com/video/7642381183926637541
v7331,https://www.douyin.com/video/7636608960577775595
v7332,https://www.douyin.com/video/7644449532198219910
v7333,https://www.douyin.com/video/7643292465546799461
v7334,https://www.douyin.com/video/7632973194526751097
v7335,https://www.douyin.com/video/7645222674524588402
v7336,https://www.douyin.com/video/7644033541030447483
v7337,https://www.douyin.com/video/7641955215747435226
v7338,https://www.douyin.com/video/7634752275089438074
v7339,https://www.douyin.com/video/7644188328991968562
v7340,https://www.douyin.com/video/7645340536542597349
v7341,https://www.douyin.com/video/7627741341150132131
v7342,https://www.douyin.com/video/7630724137443106738
v7343,https://www.douyin.com/video/7643067246785163129
v7344,https://www.douyin.com/video/7644016062619144369
v7345,https://www.douyin.com/video/7644151773892021538
v7346,https://www.douyin.com/video/7644837345673639323
v7347,https://www.douyin.com/video/7643273734950828538
v7348,https://www.douyin.com/video/7645256988162818411
v7349,https://www.douyin.com/video/7645282977769677311
v7350,https://www.douyin.com/video/7644465782698052059
v7351,https://www.douyin.com/video/7622936115796497573
v7352,https://www.douyin.com/video/7612627100738057124
v7353,https://www.douyin.com/video/7612576697514233088
v7354,https://www.douyin.com/video/7645243717606984960
v7355,https://www.douyin.com/video/7645333214462037248
v7356,https://www.douyin.com/video/7645281057856696689
v7357,https://www.douyin.com/video/7637488540306651569
v7358,https://www.douyin.com/video/7641833167935523752
v7359,https://www.douyin.com/video/7633390770322484465
v7360,https://www.douyin.com/video/7643998366565629803
v7361,https://www.douyin.com/video/7644194894524828974
v7362,https://www.douyin.com/video/7624887586049551945
v7363,https://www.douyin.com/video/7643375192785501038
v7364,https://www.douyin.com/video/7645266799721844003
v7365,https://www.douyin.com/video/7644154477368668559
v7366,https://www.douyin.com/video/7645280698380106994
v7367,https://www.douyin.com/video/7640370299409801382
v7368,https://www.douyin.com/video/7642552045534334248
v7369,https://www.douyin.com/note/7634717979121859444
v7370,https://www.douyin.com/video/7645271761550045338
v7371,https://www.douyin.com/video/7644922445863312756
v7372,https://www.douyin.com/video/7644005980962852115
v7373,https://www.douyin.com/video/7622607809959935706
v7374,https://www.douyin.com/video/7644597271636284005
v7375,https://www.douyin.com/video/7644857515877150051
v7376,https://www.douyin.com/video/7645304681396243762
v7377,https://www.douyin.com/video/7644487570969532331
v7378,https://www.douyin.com/video/7645208180414823921
v7379,https://www.douyin.com/video/7645257216744766203
v7380,https://www.douyin.com/video/7638245136410007034
v7381,https://www.douyin.com/video/7642868514123104419
v7382,https://www.douyin.com/video/7640807175266290944
v7383,https://www.douyin.com/video/7645179450922152698
v7384,https://www.douyin.com/video/7645101837004585713
v7385,https://www.douyin.com/video/7644531472560725474
v7386,https://www.douyin.com/video/7637357702405951993
v7387,https://www.douyin.com/video/7635258114803774075
v7388,https://www.douyin.com/video/7637451071644806521
v7389,https://www.douyin.com/video/7634801918606460602
v7390,https://www.douyin.com/video/7643133269353045989
v7391,https://www.douyin.com/video/7645186096606874889
v7392,https://www.douyin.com/video/7643305314493664512
v7393,https://www.douyin.com/video/7639965016934029157
v7394,https://www.douyin.com/video/7644886290026325371
v7395,https://www.douyin.com/video/7645274226617807481
v7396,https://www.douyin.com/video/7644872069810097570
v7397,https://www.douyin.com/video/7633469617814748586
v7398,https://www.douyin.com/video/7634124916078583787
v7399,https://www.douyin.com/video/7615608610907664713
v7400,https://www.douyin.com/video/7634941173765542114
v7401,https://www.douyin.com/video/7644817200814148672
v7402,https://www.douyin.com/video/7641921977440403557
v7403,https://www.douyin.com/video/7643818179463479461
v7404,https://www.douyin.com/video/7623357360161931441
v7405,https://www.douyin.com/video/7645255882960303537
v7406,https://www.douyin.com/video/7645290808920778331
v7407,https://www.douyin.com/video/7644811928658145994
v7408,https://www.douyin.com/video/7645049570158061049
v7409,https://www.douyin.com/video/7628094824181351898
v7410,https://www.douyin.com/video/7640422531757409210
v7411,https://www.douyin.com/video/7644980916771125497
v7412,https://www.douyin.com/video/7643789958848120945
v7413,https://www.douyin.com/video/7638505635146997747
v7414,https://www.douyin.com/video/7645281616264170778
v7415,https://www.douyin.com/video/7642698015765040390
v7416,https://www.douyin.com/video/7624562487367118513
v7417,https://www.douyin.com/note/7644284680493546234
v7418,https://www.douyin.com/video/7645267084682857728
v7419,https://www.douyin.com/video/7644788928252523502
v7420,https://www.douyin.com/video/7618966482219044709
v7421,https://www.douyin.com/video/7645254058161191016
v7422,https://www.douyin.com/video/7643995052573756715
v7423,https://www.douyin.com/video/7621466412498299833
v7424,https://www.douyin.com/video/7645193804806473073
v7425,https://www.douyin.com/video/7643376734721607846
v7426,https://www.douyin.com/video/7645257561805032767
v7427,https://www.douyin.com/video/7637942419506840241
v7428,https://www.douyin.com/video/7644931771884856680
v7429,https://www.douyin.com/video/7643284657278094655
v7430,https://www.douyin.com/video/7642549561965301032
v7431,https://www.douyin.com/video/7644747799980766699
v7432,https://www.douyin.com/video/7644878878247382641
v7433,https://www.douyin.com/video/7644826351345749696
v7434,https://www.douyin.com/video/7644580464631850617
v7435,https://www.douyin.com/video/7630530828447667577
v7436,https://www.douyin.com/video/7638135930097282985
v7437,https://www.douyin.com/video/7643823155827477787
v7438,https://www.douyin.com/video/7645284946730512750
v7439,https://www.douyin.com/video/7625204770400549851
v7440,https://www.douyin.com/video/7643721993900891109
v7441,https://www.douyin.com/video/7645281770300083502
v7442,https://www.douyin.com/video/7642963190581945832
v7443,https://www.douyin.com/video/7645234032934014248
v7444,https://www.douyin.com/video/7644199507114515785
v7445,https://www.douyin.com/video/7644513767510487141
v7446,https://www.douyin.com/video/7645251714484472930
v7447,https://www.douyin.com/video/7645292988956884648
v7448,https://www.douyin.com/video/7645283111726599450
v7449,https://www.douyin.com/video/7640820355090649718
v7450,https://www.douyin.com/video/7645196012495285346
v7451,https://www.douyin.com/video/7643816027503037702
v7452,https://www.douyin.com/video/7644205076568355172
v7453,https://www.douyin.com/video/7644907575997216394
v7454,https://www.douyin.com/video/7641187286427766068
v7455,https://www.douyin.com/video/7640663457594917987
v7456,https://www.douyin.com/video/7645019615957944177
v7457,https://www.douyin.com/video/7616322782095232306
v7458,https://www.douyin.com/video/7645390809654693160
v7459,https://www.douyin.com/video/7638843884051404529
v7460,https://www.douyin.com/video/7645269035738762534
v7461,https://www.douyin.com/video/7645273630410132771
v7462,https://www.douyin.com/video/7637090047245700404
v7463,https://www.douyin.com/video/7638264105509326090
v7464,https://www.douyin.com/video/7644895994651773425
v7465,https://www.douyin.com/video/7645325502958333870
v7466,https://www.douyin.com/video/7645158712622030693
v7467,https://www.douyin.com/video/7645308615390690042
v7468,https://www.douyin.com/video/7634489934635975353
v7469,https://www.douyin.com/video/7626004105543021233
v7470,https://www.douyin.com/video/7624180691807075697
v7471,https://www.douyin.com/note/7641139298078865317
v7472,https://www.douyin.com/video/7645317463085696441
v7473,https://www.douyin.com/video/7645267171568766095
v7474,https://www.douyin.com/video/7644934752823670696
v7475,https://www.douyin.com/video/7645202024199600116
v7476,https://www.douyin.com/video/7622349606559536037
v7477,https://www.douyin.com/video/7640292342510980379
v7478,https://www.douyin.com/video/7625229458835802341
v7479,https://www.douyin.com/video/7621510290651270409
v7480,https://www.douyin.com/video/7636366203964252274
v7481,https://www.douyin.com/video/7637503886152066993
v7482,https://www.douyin.com/note/7641583927887289978
v7483,https://www.douyin.com/video/7645211026807638001
v7484,https://www.douyin.com/video/7643753582495471974
v7485,https://www.douyin.com/video/7641617312181003620
v7486,https://www.douyin.com/video/7634492709533627749
v7487,https://www.douyin.com/video/7645279720012544613
v7488,https://www.douyin.com/video/7644586736064373413
v7489,https://www.douyin.com/video/7634779463624401658
v7490,https://www.douyin.com/video/7636373966102335653
v7491,https://www.douyin.com/video/7630025219293547803
v7492,https://www.douyin.com/video/7639091252637738481
v7493,https://www.douyin.com/note/7645258533974059881
v7494,https://www.douyin.com/video/7632741941479084651
v7495,https://www.douyin.com/video/7630775525581049142
v7496,https://www.douyin.com/video/7644887578927545178
v7497,https://www.douyin.com/note/7645221440556232569
v7498,https://www.douyin.com/video/7614138168295861926
v7499,https://www.douyin.com/note/7644778439735594292
v7500,https://www.douyin.com/video/7630038909624261499
v7501,https://www.douyin.com/note/7645254656435939227
v7502,https://www.douyin.com/video/7639738457912492879
v7503,https://www.douyin.com/video/7643328735156905926
v7504,https://www.douyin.com/video/7641879436824480113
v7505,https://www.douyin.com/video/7644751402099366074
v7506,https://www.douyin.com/video/7641780213034028288
v7507,https://www.douyin.com/video/7640449025259835456
v7508,https://www.douyin.com/video/7644131417027341691
v7509,https://www.douyin.com/video/7645186075069091135
v7510,https://www.douyin.com/video/7642662216374615994
v7511,https://www.douyin.com/video/7644074729406805746
v7512,https://www.douyin.com/video/7644725921399819535
v7513,https://www.douyin.com/video/7644532385777798450
v7514,https://www.douyin.com/video/7636670959856012590
v7515,https://www.douyin.com/video/7638680840847534437
v7516,https://www.douyin.com/video/7624472703408771825
v7517,https://www.douyin.com/video/7634537853695330431
v7518,https://www.douyin.com/video/7645201486880851302
v7519,https://www.douyin.com/video/7642514328255499560
v7520,https://www.douyin.com/video/7628156158523868282
v7521,https://www.douyin.com/video/7639305522227413433
v7522,https://www.douyin.com/video/7645321917196903334
v7523,https://www.douyin.com/video/7620359731006364785
v7524,https://www.douyin.com/video/7637464677886364970
v7525,https://www.douyin.com/video/7643611642982952421
v7526,https://www.douyin.com/note/7645541737230486629
v7527,https://www.douyin.com/note/7477166052481420601
v7528,https://www.douyin.com/note/7645538029242790516
v7529,https://www.douyin.com/video/7643805232912599218
v7530,https://www.douyin.com/video/7586196707736014106
v7531,https://www.douyin.com/video/7345078362974604579
v7532,https://www.douyin.com/note/7395225479839567139
v7533,https://www.douyin.com/note/7603781573528260282
v7534,https://www.douyin.com/note/7645358951403849576
v7535,https://www.douyin.com/note/7642287139418068096
v7536,https://www.douyin.com/note/7588044983417752290
v7537,https://www.douyin.com/note/7587456080122105122
v7538,https://www.douyin.com/note/7594365158811585699
v7539,https://www.douyin.com/note/7618912585157528293
v7540,https://www.douyin.com/note/7598533360273975394
v7541,https://www.douyin.com/note/7625504200701995968
v7542,https://www.douyin.com/video/7631596586477572578
v7543,https://www.douyin.com/video/7645367033898832059
v7544,https://www.douyin.com/note/7645556047117415909
v7545,https://www.douyin.com/video/7597393715459558675
v7546,https://www.douyin.com/note/7645535770229381307
v7547,https://www.douyin.com/video/7645281745990029171
v7548,https://www.douyin.com/video/7644519831227731219
v7549,https://www.douyin.com/note/7642517971169379995
v7550,https://www.douyin.com/note/7640774440897542585
v7551,https://www.douyin.com/video/7638163544172986195
v7552,https://www.douyin.com/video/7645505528654794011
v7553,https://www.douyin.com/note/7645330433241087354
v7554,https://www.douyin.com/video/7596606209407888633
v7555,https://www.douyin.com/video/7543808282125782326
v7556,https://www.douyin.com/video/7642691420751203238
v7557,https://www.douyin.com/video/7593817640948091621
v7558,https://www.douyin.com/video/7595206887781230523
v7559,https://www.douyin.com/video/7601377483061843962
v7560,https://www.douyin.com/video/7606681310551893361
v7561,https://www.douyin.com/video/7619020716931355899
v7562,https://www.douyin.com/note/7619297606640902897
v7563,https://www.douyin.com/video/7632140486657113251
v7564,https://www.douyin.com/video/7633581563418616185
v7565,https://www.douyin.com/note/7629767764227739001
v7566,https://www.douyin.com/note/7645314596488913061
v7567,https://www.douyin.com/note/7635663104327815793
v7568,https://www.douyin.com/note/7635706972285992154
v7569,https://www.douyin.com/video/7511636294179605818
v7570,https://www.douyin.com/video/7595416416741898211
v7571,https://www.douyin.com/video/7484181721215225146
v7572,https://www.douyin.com/video/7644080269682658610
v7573,https://www.douyin.com/note/7644584395534781583
v7574,https://www.douyin.com/note/7645457163373106826
v7575,https://www.douyin.com/video/7576724107695322502
v7576,https://www.douyin.com/video/7412507968177982761
v7577,https://www.douyin.com/video/7407709857735806244
v7578,https://www.douyin.com/video/7512527383863315724
v7579,https://www.douyin.com/video/7401489946315328805
v7580,https://www.douyin.com/video/7570188449514004298
v7581,https://www.douyin.com/video/7241701026103856421
v7582,https://www.douyin.com/note/7645252133759458746
v7583,https://www.douyin.com/video/7639043349919386943
v7584,https://www.douyin.com/video/7638480076225080738
v7585,https://www.douyin.com/note/7644843764174834661
v7586,https://www.douyin.com/note/7642938924499234917
v7587,https://www.douyin.com/video/7538720458888842554
v7588,https://www.douyin.com/note/7645295105658522612
v7589,https://www.douyin.com/note/7645227652098795633
v7590,https://www.douyin.com/video/7645301257523069937
v7591,https://www.douyin.com/video/7313897966039780623
v7592,https://www.douyin.com/note/7644985447056574459
v7593,https://www.douyin.com/video/7570996610500760229
v7594,https://www.douyin.com/video/7642273871542167781
v7595,https://www.douyin.com/video/7639335859283660041
v7596,https://www.douyin.com/video/7641819024863171401
v7597,https://www.douyin.com/video/7629668047237729577
v7598,https://www.douyin.com/note/7645181990367499685
v7599,https://www.douyin.com/note/7640031946558508307
v7600,https://www.douyin.com/video/7645374985993755257
v7601,https://www.douyin.com/video/7645337378181172531
v7602,https://www.douyin.com/note/7636078715106450789
v7603,https://www.douyin.com/note/7645304833854975878
v7604,https://www.douyin.com/note/7645508319407646562
v7605,https://www.douyin.com/video/7645441971050639865
v7606,https://www.douyin.com/note/7644646239212630735
v7607,https://www.douyin.com/note/7645531469595405425
v7608,https://www.douyin.com/video/7645473797755178275
v7609,https://www.douyin.com/video/7645472175432925284
v7610,https://www.douyin.com/video/7645289338649070900
v7611,https://www.douyin.com/note/7645516063573545393
v7612,https://www.douyin.com/note/7645411819415586484
v7613,https://www.douyin.com/video/7635514486090491825
v7614,https://www.douyin.com/video/7641894532246723050
v7615,https://www.douyin.com/video/7640435262049190234
v7616,https://www.douyin.com/note/7645241281262681445
v7617,https://www.douyin.com/video/7612850731493641498
v7618,https://www.douyin.com/note/7644545419033332595
v7619,https://www.douyin.com/video/7645534042355555193
v7620,https://www.douyin.com/note/7645101961185166585
v7621,https://www.douyin.com/video/7644269886578969910
v7622,https://www.douyin.com/note/7644910995487634545
v7623,https://www.douyin.com/note/7570746619378038949
v7624,https://www.douyin.com/video/7644930363462100645
v7625,https://www.douyin.com/video/7644957279363665179
v7626,https://www.douyin.com/video/7645313791626425707
v7627,https://www.douyin.com/video/7644873077020445967
v7628,https://www.douyin.com/note/7645399678469298353
v7629,https://www.douyin.com/video/7634157700968722853
v7630,https://www.douyin.com/video/7644278581010517274
v7631,https://www.douyin.com/note/7645301816737738683
v7632,https://www.douyin.com/video/7644537070656141937
v7633,https://www.douyin.com/video/7645323782127057253
v7634,https://www.douyin.com/note/7636797521326769905
v7635,https://www.douyin.com/video/7645538442230762761
v7636,https://www.douyin.com/video/7640110558905589882
v7637,https://www.douyin.com/note/7644389332245352878
v7638,https://www.douyin.com/video/7628419330262289691
v7639,https://www.douyin.com/note/7635158975395499429
v7640,https://www.douyin.com/video/7620034768146612718
v7641,https://www.douyin.com/note/7642327221361892347
v7642,https://www.douyin.com/video/7637654135541993050
v7643,https://www.douyin.com/note/7645329469242291546
v7644,https://www.douyin.com/video/7645461740986081957
v7645,https://www.douyin.com/video/7617150088598621486
v7646,https://www.douyin.com/video/7641541992085802246
v7647,https://www.douyin.com/video/7644240596277660962
v7648,https://www.douyin.com/note/7645390951011192505
v7649,https://www.douyin.com/video/7645139523877293355
v7650,https://www.douyin.com/video/7645452002599750955
v7651,https://www.douyin.com/video/7637076534892743986
v7652,https://www.douyin.com/note/7629647429381491995
v7653,https://www.douyin.com/note/7644839278719958863
v7654,https://www.douyin.com/video/7645328698484990962
v7655,https://www.douyin.com/note/7645546926755249289
v7656,https://www.douyin.com/video/7644897485344886052
v7657,https://www.douyin.com/note/7644848529199269578
v7658,https://www.douyin.com/video/7645288283752107270
v7659,https://www.douyin.com/video/7644227297465093386
v7660,https://www.douyin.com/note/7645243895785446888
v7661,https://www.douyin.com/video/7645493045802061056
v7662,https://www.douyin.com/video/7645345755913260330
v7663,https://www.douyin.com/video/7621862236511833359
v7664,https://www.douyin.com/video/7639254059522368441
v7665,https://www.douyin.com/video/7641131397603905258
v7666,https://www.douyin.com/note/7645315358814915867
v7667,https://www.douyin.com/video/7640035369288251755
v7668,https://www.douyin.com/video/7641816959500577381
v7669,https://www.douyin.com/note/7633405737338752296
v7670,https://www.douyin.com/note/7644874797817623163
v7671,https://www.douyin.com/video/7641164564252025530
v7672,https://www.douyin.com/note/7639936024940872611
v7673,https://www.douyin.com/note/7645544652438984358
v7674,https://www.douyin.com/note/7643710595075204346
v7675,https://www.douyin.com/note/7636025236069173898
v7676,https://www.douyin.com/video/7644162458604686655
v7677,https://www.douyin.com/video/7630906498461289779
v7678,https://www.douyin.com/note/7645494952189570539
v7679,https://www.douyin.com/video/7644946449809160873
v7680,https://www.douyin.com/note/7644912533765687025
v7681,https://www.douyin.com/note/7645299620055446244
v7682,https://www.douyin.com/note/7644951156343362213
v7683,https://www.douyin.com/note/7644939077175966452
v7684,https://www.douyin.com/note/7635987079332156142
v7685,https://www.douyin.com/note/7644797951232140660
v7686,https://www.douyin.com/note/7644596128985773425
v7687,https://www.douyin.com/note/7645184346442610865
v7688,https://www.douyin.com/note/7644955488840624881
v7689,https://www.douyin.com/note/7630032418250117989
v7690,https://www.douyin.com/note/7644878496103405235
v7691,https://www.douyin.com/note/7645092149788296627
v7692,https://www.douyin.com/note/7644838084907869669
v7693,https://www.douyin.com/note/7645131371023279497
v7694,https://www.douyin.com/note/7644998840742963313
v7695,https://www.douyin.com/note/7493523187917933839
v7696,https://www.douyin.com/note/7645370918970325745
v7697,https://www.douyin.com/note/7644013205254553785
v7698,https://www.douyin.com/video/7627878397071501817
v7699,https://www.douyin.com/video/7637818754008747300
v7700,https://www.douyin.com/note/7645251141584989695
v7701,https://www.douyin.com/video/7642598592884067625
v7702,https://www.douyin.com/note/7645528317332845705
v7703,https://www.douyin.com/video/7541602470422662451
v7704,https://www.douyin.com/video/7633717249488005620
v7705,https://www.douyin.com/video/7645130250631859456
v7706,https://www.douyin.com/video/7630174033455123731
v7707,https://www.douyin.com/video/7644539180135187890
v7708,https://www.douyin.com/note/7645368323975108712
v7709,https://www.douyin.com/video/7640375694740000042
v7710,https://www.douyin.com/video/7616033122039156014
v7711,https://www.douyin.com/video/7639392264879492362
v7712,https://www.douyin.com/video/7645524438864518592
v7713,https://www.douyin.com/video/7628123362493025578
v7714,https://www.douyin.com/video/7643451392573219237
v7715,https://www.douyin.com/video/7639085484530011438
v7716,https://www.douyin.com/video/7645369606227447080
v7717,https://www.douyin.com/video/7636544606209080230
v7718,https://www.douyin.com/note/7644869775345508529
v7719,https://www.douyin.com/video/7644978750798531849
v7720,https://www.douyin.com/video/7639537705931927546
v7721,https://www.douyin.com/video/7645546443059604069
v7722,https://www.douyin.com/video/7614454905726010810
v7723,https://www.douyin.com/video/7645259003013975342
v7724,https://www.douyin.com/video/7645280616771255528
v7725,https://www.douyin.com/video/7643423342980910193
v7726,https://www.douyin.com/video/7645285190536793394
v7727,https://www.douyin.com/video/7645229136638501750
v7728,https://www.douyin.com/video/7645374621886140111
v7729,https://www.douyin.com/video/7643046647236152614
v7730,https://www.douyin.com/video/7641154293471449019
v7731,https://www.douyin.com/video/7645546534930685925
v7732,https://www.douyin.com/note/7645390292749046779
v7733,https://www.douyin.com/video/7644897107261867761
v7734,https://www.douyin.com/video/7645252322687420763
v7735,https://www.douyin.com/video/7645264596403990682
v7736,https://www.douyin.com/video/7643771386683537893
v7737,https://www.douyin.com/video/7642350628487954545
v7738,https://www.douyin.com/video/7642211808045162906
v7739,https://www.douyin.com/video/7645401056268029224
v7740,https://www.douyin.com/video/7645184454918406568
v7741,https://www.douyin.com/video/7645165171623341748
v7742,https://www.douyin.com/video/7645136024671183717
v7743,https://www.douyin.com/video/7638823426400298609
v7744,https://www.douyin.com/video/7644908890820427497
v7745,https://www.douyin.com/video/7639685031518129435
v7746,https://www.douyin.com/video/7644138368339090937
v7747,https://www.douyin.com/note/7645336567988927985
v7748,https://www.douyin.com/video/7642703677405334513
v7749,https://www.douyin.com/video/7642264833446001657
v7750,https://www.douyin.com/video/7645252380224697849
v7751,https://www.douyin.com/video/7643353353658197241
v7752,https://www.douyin.com/video/7645462730475900223
v7753,https://www.douyin.com/video/7622108053831241023
v7754,https://www.douyin.com/video/7613499275028204843
v7755,https://www.douyin.com/video/7612500372339564790
v7756,https://www.douyin.com/video/7642744759505157056
v7757,https://www.douyin.com/video/7634892104149273871
v7758,https://www.douyin.com/video/7644875168342396212
v7759,https://www.douyin.com/video/7645270241724340358
v7760,https://www.douyin.com/video/7644552477932985593
v7761,https://www.douyin.com/video/7645311813190896997
v7762,https://www.douyin.com/video/7621571045275899237
v7763,https://www.douyin.com/video/7645116605411724586
v7764,https://www.douyin.com/video/7644599061132671729
v7765,https://www.douyin.com/video/7645494787042217226
v7766,https://www.douyin.com/video/7645231750461456506
v7767,https://www.douyin.com/video/7637406506657383610
v7768,https://www.douyin.com/video/7645286390141472741
v7769,https://www.douyin.com/video/7643385751057256169
v7770,https://www.douyin.com/video/7645246493847223394
v7771,https://www.douyin.com/video/7638105508552936730
v7772,https://www.douyin.com/video/7645248806396759331
v7773,https://www.douyin.com/note/7645263711058180859
v7774,https://www.douyin.com/video/7643317763917827371
v7775,https://www.douyin.com/video/7644960161388583089
v7776,https://www.douyin.com/video/7642341489271833275
v7777,https://www.douyin.com/video/7644430768748234751
v7778,https://www.douyin.com/video/7644526338011821033
v7779,https://www.douyin.com/video/7644892898504281350
v7780,https://www.douyin.com/video/7643069257274018217
v7781,https://www.douyin.com/video/7645314360906190116
v7782,https://www.douyin.com/video/7637554201397596538
v7783,https://www.douyin.com/video/7614908940282826022
v7784,https://www.douyin.com/video/7641881893139641061
v7785,https://www.douyin.com/video/7644994108339829169
v7786,https://www.douyin.com/video/7645340003409633274
v7787,https://www.douyin.com/video/7634778720243538085
v7788,https://www.douyin.com/video/7640353390874524133
v7789,https://www.douyin.com/video/7644871226859178490
v7790,https://www.douyin.com/video/7643415965249942457
v7791,https://www.douyin.com/video/7642400855165749617
v7792,https://www.douyin.com/video/7645335007150695278
v7793,https://www.douyin.com/video/7645250298247865201
v7794,https://www.douyin.com/video/7644858640742400379
v7795,https://www.douyin.com/video/7645297135885241654
v7796,https://www.douyin.com/video/7641938272847918443
v7797,https://www.douyin.com/video/7645421721994941818
v7798,https://www.douyin.com/video/7641774831755612089
v7799,https://www.douyin.com/video/7644700595472264421
v7800,https://www.douyin.com/video/7645279530977938723
v7801,https://www.douyin.com/video/7644487893284637978
v7802,https://www.douyin.com/video/7642195283820143259
v7803,https://www.douyin.com/video/7634431601576873216
v7804,https://www.douyin.com/video/7645327560959675699
v7805,https://www.douyin.com/video/7645224142349880585
v7806,https://www.douyin.com/video/7644399528782630207
v7807,https://www.douyin.com/video/7639533308476476706
v7808,https://www.douyin.com/video/7645183231188401785
v7809,https://www.douyin.com/video/7628934986443410728
v7810,https://www.douyin.com/video/7503824388635053366
v7811,https://www.douyin.com/video/7641206826029108486
v7812,https://www.douyin.com/note/7645138731670256219
v7813,https://www.douyin.com/video/7644912499468307753
v7814,https://www.douyin.com/video/7645130053501044325
v7815,https://www.douyin.com/video/7643944116673843364
v7816,https://www.douyin.com/video/7626012348557315379
v7817,https://www.douyin.com/video/7638947838285630755
v7818,https://www.douyin.com/video/7645274843764779621
v7819,https://www.douyin.com/video/7645268498147151545
v7820,https://www.douyin.com/video/7641173550200691365
v7821,https://www.douyin.com/video/7506095829808074038
v7822,https://www.douyin.com/video/7644609184021971802
v7823,https://www.douyin.com/video/7641771756914527507
v7824,https://www.douyin.com/video/7643783065721998598
v7825,https://www.douyin.com/video/7642706996042435859
v7826,https://www.douyin.com/video/7645303506744278656
v7827,https://www.douyin.com/video/7645240388155985178
v7828,https://www.douyin.com/video/7645435375481146687
v7829,https://www.douyin.com/video/7637054477002133998
v7830,https://www.douyin.com/video/7645275698139041024
v7831,https://www.douyin.com/video/7634525302529559834
v7832,https://www.douyin.com/video/7507196648825605402
v7833,https://www.douyin.com/video/7645197358816349475
v7834,https://www.douyin.com/video/7641409687375711534
v7835,https://www.douyin.com/video/7645421169533402545
v7836,https://www.douyin.com/video/7637489583239744768
v7837,https://www.douyin.com/video/7636961583415417536
v7838,https://www.douyin.com/video/7633314413345188987
v7839,https://www.douyin.com/note/7645461613034483451
v7840,https://www.douyin.com/video/7643502517124386089
v7841,https://www.douyin.com/video/7641522328858808570
v7842,https://www.douyin.com/video/7645198168321248562
v7843,https://www.douyin.com/video/7645393482802138387
v7844,https://www.douyin.com/video/7645237634209549603
v7845,https://www.douyin.com/video/7645278798325271814
v7846,https://www.douyin.com/video/7639341894699531515
v7847,https://www.douyin.com/video/7645153782325660979
v7848,https://www.douyin.com/video/6522670584906648839
v7849,https://www.douyin.com/video/6522671562561162510
v7850,https://www.douyin.com/video/6523121506334018823
v7851,https://www.douyin.com/video/6524170662876024068
v7852,https://www.douyin.com/video/7645374197917348217
v7853,https://www.douyin.com/video/6524170627681619207
v7854,https://www.douyin.com/video/7639308344884333878
v7855,https://www.douyin.com/video/7634137324712730873
v7856,https://www.douyin.com/video/7645300282959661499
v7857,https://www.douyin.com/video/7627106761626897670
v7858,https://www.douyin.com/video/7638386979562502010
v7859,https://www.douyin.com/video/7644712224044380851
v7860,https://www.douyin.com/video/7645234168808443179
v7861,https://www.douyin.com/video/7644903306434858278
v7862,https://www.douyin.com/video/7644793990444797194
v7863,https://www.douyin.com/video/7645181577483259155
v7864,https://www.douyin.com/video/7638880345089815935
v7865,https://www.douyin.com/video/7645293204670051146
v7866,https://www.douyin.com/video/7641707716871769380
v7867,https://www.douyin.com/video/7645251489858511976
v7868,https://www.douyin.com/video/7640397480634502890
v7869,https://www.douyin.com/video/7643076830249553402
v7870,https://www.douyin.com/video/7642565575081031595
v7871,https://www.douyin.com/video/7643781077552034225
v7872,https://www.douyin.com/video/7645500195689847423
v7873,https://www.douyin.com/note/7643833926612652154
v7874,https://www.douyin.com/video/7635842174021684490
v7875,https://www.douyin.com/video/7645527986636082441
v7876,https://www.douyin.com/video/7637181746535197263
v7877,https://www.douyin.com/note/7644593973667184713
v7878,https://www.douyin.com/video/7550621245549727019
v7879,https://www.douyin.com/video/7645357141167066418
v7880,https://www.douyin.com/video/7637763149797657902
v7881,https://www.douyin.com/video/7636812436804242722
v7882,https://www.douyin.com/video/7618178389484096819
v7883,https://www.douyin.com/video/7644206245188290378
v7884,https://www.douyin.com/video/7645193413264577270
v7885,https://www.douyin.com/video/7645229197351215034
v7886,https://www.douyin.com/video/7597946702196264255
v7887,https://www.douyin.com/note/7644907154026025615
v7888,https://www.douyin.com/video/7645244807392054537
v7889,https://www.douyin.com/note/7645472883192261029
v7890,https://www.douyin.com/note/7644489840780081380
v7891,https://www.douyin.com/note/7634162467824221041
v7892,https://www.douyin.com/video/7645510157045139835
v7893,https://www.douyin.com/video/7644086765736824070
v7894,https://www.douyin.com/video/7645330517268663552
v7895,https://www.douyin.com/video/7645566573004082432
v7896,https://www.douyin.com/video/7631375118010647931
v7897,https://www.douyin.com/video/7645614117085311414
v7898,https://www.douyin.com/note/7645704542206504691
v7899,https://www.douyin.com/video/7639390595794851782
v7900,https://www.douyin.com/video/7645469872922888953
v7901,https://www.douyin.com/video/7644415043799122938
v7902,https://www.douyin.com/video/7645735603288253809
v7903,https://www.douyin.com/video/7639385447738810304
v7904,https://www.douyin.com/video/7643032788174163057
v7905,https://www.douyin.com/video/7645468569769884410
v7906,https://www.douyin.com/video/7645154649712652153
v7907,https://www.douyin.com/video/7619671285534196709
v7908,https://www.douyin.com/video/7644905318803565987
v7909,https://www.douyin.com/note/7643839948555414010
v7910,https://www.douyin.com/video/7634749884366002417
v7911,https://www.douyin.com/video/7645516810481273955
v7912,https://www.douyin.com/video/7645004055337057189
v7913,https://www.douyin.com/video/7644211872530546939
v7914,https://www.douyin.com/video/7645617703575546790
v7915,https://www.douyin.com/video/7645602987340511098
v7916,https://www.douyin.com/video/7626726004966745081
v7917,https://www.douyin.com/video/7643024667574116852
v7918,https://www.douyin.com/video/7645663325929612709
v7919,https://www.douyin.com/video/7619331785768677810
v7920,https://www.douyin.com/video/7632959886586656996
v7921,https://www.douyin.com/video/7636380163382970979
v7922,https://www.douyin.com/video/7645656713400299259
v7923,https://www.douyin.com/video/7645491447245292785
v7924,https://www.douyin.com/video/7645610238884618917
v7925,https://www.douyin.com/video/7645644446403068026
v7926,https://www.douyin.com/video/7637848001196835301
v7927,https://www.douyin.com/video/7613999426684172864
v7928,https://www.douyin.com/video/7635661360914856315
v7929,https://www.douyin.com/video/7645318313082306021
v7930,https://www.douyin.com/note/7645133825508412723
v7931,https://www.douyin.com/video/7645585438825304805
v7932,https://www.douyin.com/video/7645524943823906213
v7933,https://www.douyin.com/video/7643383625035075953
v7934,https://www.douyin.com/video/7614811397758680768
v7935,https://www.douyin.com/video/7641578823344291749
v7936,https://www.douyin.com/note/7645186618583797044
v7937,https://www.douyin.com/video/7630800998538614449
v7938,https://www.douyin.com/note/7645348742703867749
v7939,https://www.douyin.com/video/7639581699341461370
v7940,https://www.douyin.com/video/7645606378967311205
v7941,https://www.douyin.com/video/7640455018386763237
v7942,https://www.douyin.com/video/7641898730735661491
v7943,https://www.douyin.com/video/7640662842664969962
v7944,https://www.douyin.com/video/7645388616202594489
v7945,https://www.douyin.com/video/7632296156043615973
v7946,https://www.douyin.com/video/7636622952661781681
v7947,https://www.douyin.com/video/7643402840380476069
v7948,https://www.douyin.com/video/7645524808494715889
v7949,https://www.douyin.com/video/7645466944985193446
v7950,https://www.douyin.com/video/7645502494474560905
v7951,https://www.douyin.com/video/7634879991948583156
v7952,https://www.douyin.com/video/7215949208530980153
v7953,https://www.douyin.com/video/7170199350755282210
v7954,https://www.douyin.com/video/7577168876811858033
v7955,https://www.douyin.com/video/7200990397382888759
v7956,https://www.douyin.com/video/7225532362006777148
v7957,https://www.douyin.com/video/7442905155722382604
v7958,https://www.douyin.com/video/7645652662146363642
v7959,https://www.douyin.com/video/7634127276988850148
v7960,https://www.douyin.com/video/7638546862986759465
v7961,https://www.douyin.com/video/7645329018883789691
v7962,https://www.douyin.com/video/7643438675951842490
v7963,https://www.douyin.com/video/7636347370698994298
v7964,https://www.douyin.com/video/7645363734521732928
v7965,https://www.douyin.com/video/7641998488667440873
v7966,https://www.douyin.com/video/7643693650509765989
v7967,https://www.douyin.com/video/7624376480844684197
v7968,https://www.douyin.com/video/7635754291726423537
v7969,https://www.douyin.com/video/7635871873775143793
v7970,https://www.douyin.com/video/7621521552425394522
v7971,https://www.douyin.com/video/7645683584606473472
v7972,https://www.douyin.com/video/7625684784702749550
v7973,https://www.douyin.com/video/7645687260856509049
v7974,https://www.douyin.com/video/7615279266091695973
v7975,https://www.douyin.com/video/7642250431130015743
v7976,https://www.douyin.com/video/7644502492836218481
v7977,https://www.douyin.com/video/7631125034137102706
v7978,https://www.douyin.com/note/7644964947474018234
v7979,https://www.douyin.com/video/7641536283457686825
v7980,https://www.douyin.com/video/7645637109441701275
v7981,https://www.douyin.com/video/7643211429726485369
v7982,https://www.douyin.com/video/7644682333576199589
v7983,https://www.douyin.com/video/7634110995212886245
v7984,https://www.douyin.com/video/7642102692777138011
v7985,https://www.douyin.com/video/7645526377487237110
v7986,https://www.douyin.com/video/7643668549881639077
v7987,https://www.douyin.com/video/7645622260539499962
v7988,https://www.douyin.com/video/7641376377850422483
v7989,https://www.douyin.com/video/7634080851475239609
v7990,https://www.douyin.com/video/7645329121787524943
v7991,https://www.douyin.com/video/7645620840751685545
v7992,https://www.douyin.com/video/7644185060606276090
v7993,https://www.douyin.com/video/7639953084559495394
v7994,https://www.douyin.com/video/7635929155410072817
v7995,https://www.douyin.com/video/7633032807120635514
v7996,https://www.douyin.com/video/7636057613034219398
v7997,https://www.douyin.com/video/7623002186553579941
v7998,https://www.douyin.com/video/7644501524944668770
v7999,https://www.douyin.com/video/7645661639890599067
v8000,https://www.douyin.com/video/7642805232950848506
v8001,https://www.douyin.com/video/7637484016693862729
v8002,https://www.douyin.com/video/7639664097328282090
v8003,https://www.douyin.com/video/7645605981187549290
v8004,https://www.douyin.com/video/7645493734255715443
v8005,https://www.douyin.com/video/7645536709384865763
v8006,https://www.douyin.com/video/7624915229935500651
v8007,https://www.douyin.com/video/7622674664237714738
v8008,https://www.douyin.com/video/7634205231975470449
v8009,https://www.douyin.com/video/7634170987449175350
v8010,https://www.douyin.com/video/7624778873246387465
v8011,https://www.douyin.com/video/7644115950300864507
v8012,https://www.douyin.com/video/7644874839056623434
v8013,https://www.douyin.com/video/7645648049800880101
v8014,https://www.douyin.com/video/7620418955614601627
v8015,https://www.douyin.com/video/7641430986530992591
v8016,https://www.douyin.com/video/7639295347463059833
v8017,https://www.douyin.com/video/7645529933905660261
v8018,https://www.douyin.com/video/7644786157206005609
v8019,https://www.douyin.com/video/7645657529590548070
v8020,https://www.douyin.com/video/7645623126303737256
v8021,https://www.douyin.com/video/7645709397716775409
v8022,https://www.douyin.com/video/7645693149566714469
v8023,https://www.douyin.com/video/7634837902152731945
v8024,https://www.douyin.com/video/7639691434849689829
v8025,https://www.douyin.com/video/7645363076040958962
v8026,https://www.douyin.com/video/7645280114188529140
v8027,https://www.douyin.com/video/7637324344854940795
v8028,https://www.douyin.com/video/7621886856209143625
v8029,https://www.douyin.com/video/7620454421046755554
v8030,https://www.douyin.com/video/7644507640441339762
v8031,https://www.douyin.com/video/7641893917323633254
v8032,https://www.douyin.com/video/7644931083989382885
v8033,https://www.douyin.com/video/7635630788688046491
v8034,https://www.douyin.com/video/7645587728549735019
v8035,https://www.douyin.com/video/7645306424109605233
v8036,https://www.douyin.com/video/7644888704155085786
v8037,https://www.douyin.com/video/7614670548229307313
v8038,https://www.douyin.com/video/7630379272217978545
v8039,https://www.douyin.com/video/7618427361369853157
v8040,https://www.douyin.com/video/7645624349354406501
v8041,https://www.douyin.com/video/7614512298430983781
v8042,https://www.douyin.com/video/7645346503149905123
v8043,https://www.douyin.com/video/7630054310298241715
v8044,https://www.douyin.com/video/7645613333318449146
v8045,https://www.douyin.com/video/7645676042304163099
v8046,https://www.douyin.com/video/7645506459870619322
v8047,https://www.douyin.com/video/7645279878514237439
v8048,https://www.douyin.com/note/7639676891926652770
v8049,https://www.douyin.com/video/7645482452403757979
v8050,https://www.douyin.com/video/7642924833031041509
v8051,https://www.douyin.com/video/7630062200169717946
v8052,https://www.douyin.com/video/7628870982677592399
v8053,https://www.douyin.com/video/7645307776151176057
v8054,https://www.douyin.com/video/7645593483386147190
v8055,https://www.douyin.com/video/7640828361225760613
v8056,https://www.douyin.com/video/7644974846346823878
v8057,https://www.douyin.com/video/7645720303470164559
v8058,https://www.douyin.com/note/7637931775267897423
v8059,https://www.douyin.com/video/7645664537673162102
v8060,https://www.douyin.com/video/7643110067608620662
v8061,https://www.douyin.com/video/7641836877532670705
v8062,https://www.douyin.com/video/7645614114942097033
v8063,https://www.douyin.com/video/7627486992612180608
v8064,https://www.douyin.com/video/7635155718492401785
v8065,https://www.douyin.com/video/7639723120694209457
v8066,https://www.douyin.com/video/7645206435731730662
v8067,https://www.douyin.com/video/7645636125163614449
v8068,https://www.douyin.com/video/7618460229077096625
v8069,https://www.douyin.com/video/7645419941046291764
v8070,https://www.douyin.com/video/7644830200941618021
v8071,https://www.douyin.com/video/7644945507014395313
v8072,https://www.douyin.com/video/7621891343082122725
v8073,https://www.douyin.com/video/7645493773157338410
v8074,https://www.douyin.com/video/7617292242919754331
v8075,https://www.douyin.com/note/7645583455942754523
v8076,https://www.douyin.com/video/7645628976312872101
v8077,https://www.douyin.com/video/7643724869582980521
v8078,https://www.douyin.com/video/7621919629161772795
v8079,https://www.douyin.com/video/7614999460004080986
v8080,https://www.douyin.com/video/7618937605866984635
v8081,https://www.douyin.com/video/7632207243647399867
v8082,https://www.douyin.com/note/7642953242678492923
v8083,https://www.douyin.com/video/7633736328177306606
v8084,https://www.douyin.com/video/7637859779767688430
v8085,https://www.douyin.com/video/7641026010338708762
v8086,https://www.douyin.com/video/7631476114217836771
v8087,https://www.douyin.com/video/7644926158538253170
v8088,https://www.douyin.com/video/7618249557096753125
v8089,https://www.douyin.com/video/7634842730888200635
v8090,https://www.douyin.com/video/7630239172158407417
v8091,https://www.douyin.com/video/7631440300229629563
v8092,https://www.douyin.com/video/7637427966868269285
v8093,https://www.douyin.com/video/7645054315027073915
v8094,https://www.douyin.com/video/7636666217021296986
v8095,https://www.douyin.com/video/7640073606362878803
v8096,https://www.douyin.com/video/7643294498211271353
v8097,https://www.douyin.com/video/7645571886894486479
v8098,https://www.douyin.com/video/7645671620057578560
v8099,https://www.douyin.com/video/7639778457321722469
v8100,https://www.douyin.com/video/7644567601117330149
v8101,https://www.douyin.com/video/7645586265861998248
v8102,https://www.douyin.com/video/7643330047437453681
v8103,https://www.douyin.com/video/7645040819333870321
v8104,https://www.douyin.com/video/7636475918982173348
v8105,https://www.douyin.com/video/7645459450808507621
v8106,https://www.douyin.com/video/7645281992716279459
v8107,https://www.douyin.com/video/7645538340124923007
v8108,https://www.douyin.com/video/7627376394598649134
v8109,https://www.douyin.com/video/7645688577209615970
v8110,https://www.douyin.com/video/7642334509590103526
v8111,https://www.douyin.com/video/7645318763432277362
v8112,https://www.douyin.com/video/7640627011962231540
v8113,https://www.douyin.com/video/7643095428494155962
v8114,https://www.douyin.com/video/7645524298882732401
v8115,https://www.douyin.com/video/7645598367234146475
v8116,https://www.douyin.com/video/7645264229494865073
v8117,https://www.douyin.com/video/7645628700071187578
v8118,https://www.douyin.com/video/7645169044601472761
v8119,https://www.douyin.com/video/7645316876739065339
v8120,https://www.douyin.com/video/7645263143421102065
v8121,https://www.douyin.com/video/7642953890324892955
v8122,https://www.douyin.com/video/7645722791418012150
v8123,https://www.douyin.com/video/7645623920905683046
v8124,https://www.douyin.com/video/7635595629255588325
v8125,https://www.douyin.com/video/7644747701464124681
v8126,https://www.douyin.com/video/7645288173614056817
v8127,https://www.douyin.com/video/7643086272776910779
v8128,https://www.douyin.com/video/7645629962146708387
v8129,https://www.douyin.com/video/7644852707878500008
v8130,https://www.douyin.com/video/7645381931711385585
v8131,https://www.douyin.com/video/7645593219547667931
v8132,https://www.douyin.com/video/7634812209201171718
v8133,https://www.douyin.com/video/7645321314718236810
v8134,https://www.douyin.com/video/7645110275191877817
v8135,https://www.douyin.com/video/7645595045123352049
v8136,https://www.douyin.com/video/7645717028234428081
v8137,https://www.douyin.com/video/7645486395302392185
v8138,https://www.douyin.com/video/7639710963503033317
v8139,https://www.douyin.com/video/7645615379981495242
v8140,https://www.douyin.com/video/7645254516296775801
v8141,https://www.douyin.com/video/7642020316873422326
v8142,https://www.douyin.com/video/7644654389944159542
v8143,https://www.douyin.com/video/7635579759703668106
v8144,https://www.douyin.com/video/7645437768197262655
v8145,https://www.douyin.com/video/7645524694069951642
v8146,https://www.douyin.com/video/7642102168230003803
v8147,https://www.douyin.com/video/7645627873341366390
v8148,https://www.douyin.com/video/7636336007353354907
v8149,https://www.douyin.com/video/7645216504304441295
v8150,https://www.douyin.com/video/7645687630596423850
v8151,https://www.douyin.com/video/7640325810197012338
v8152,https://www.douyin.com/video/7641184978646269386
v8153,https://www.douyin.com/video/7645642222709710262
v8154,https://www.douyin.com/video/7644511400433309157
v8155,https://www.douyin.com/video/7645367942520158106
v8156,https://www.douyin.com/video/7643046446191081338
v8157,https://www.douyin.com/video/7625854711325799610
v8158,https://www.douyin.com/video/7645652656559525170
v8159,https://www.douyin.com/video/7645707214958867813
v8160,https://www.douyin.com/video/7633391496902091121
v8161,https://www.douyin.com/video/7636795322832584689
v8162,https://www.douyin.com/video/7644921834853280506
v8163,https://www.douyin.com/video/7629794740648583603
v8164,https://www.douyin.com/video/7645716949166944677
v8165,https://www.douyin.com/note/7642634120858202033
v8166,https://www.douyin.com/video/7637833213792991103
v8167,https://www.douyin.com/video/7644044778745729651
v8168,https://www.douyin.com/video/7637088332270308660
v8169,https://www.douyin.com/video/7641639343471728875
v8170,https://www.douyin.com/video/7645506238512420587
v8171,https://www.douyin.com/video/7644124213016562674
v8172,https://www.douyin.com/video/7643673789322413745
v8173,https://www.douyin.com/video/7645665840755019633
v8174,https://www.douyin.com/video/7645772463678197038
v8175,https://www.douyin.com/video/7639609101919767715
v8176,https://www.douyin.com/video/7629310098309089913
v8177,https://www.douyin.com/video/7640730299291543523
v8178,https://www.douyin.com/video/7643093796112157952
v8179,https://www.douyin.com/video/7625875740408892644
v8180,https://www.douyin.com/video/7644504953285186789
v8181,https://www.douyin.com/video/7645264845830475698
v8182,https://www.douyin.com/video/7644153870064059234
v8183,https://www.douyin.com/video/7645692647009406315
v8184,https://www.douyin.com/video/7641972345620169445
v8185,https://www.douyin.com/video/7638231826586488256
v8186,https://www.douyin.com/video/7635543950010811065
v8187,https://www.douyin.com/video/7645538851742147170
v8188,https://www.douyin.com/note/7643212331958598629
v8189,https://www.douyin.com/video/7645622481290133156
v8190,https://www.douyin.com/video/7645592385937929705
v8191,https://www.douyin.com/video/7630643287041182117
v8192,https://www.douyin.com/video/7637474139393111417
v8193,https://www.douyin.com/video/7645568966774330298
v8194,https://www.douyin.com/video/7645630910168544753
v8195,https://www.douyin.com/video/7637485198308830628
v8196,https://www.douyin.com/video/7639586649961151218
v8197,https://www.douyin.com/video/7645274931743335162
v8198,https://www.douyin.com/video/7645352966509127131
v8199,https://www.douyin.com/video/7645167343589649012
v8200,https://www.douyin.com/video/7645624689772468883
v8201,https://www.douyin.com/video/7629354842759481792
v8202,https://www.douyin.com/video/7643358489474257061
v8203,https://www.douyin.com/video/7645640846088398257
v8204,https://www.douyin.com/video/7643352483808449017
v8205,https://www.douyin.com/video/7645595173620149587
v8206,https://www.douyin.com/note/7640406312695038053
v8207,https://www.douyin.com/video/7644224946750650298
v8208,https://www.douyin.com/note/7616684509521814969
v8209,https://www.douyin.com/video/7641623926850842483
v8210,https://www.douyin.com/video/7645301052884397233
v8211,https://www.douyin.com/video/7623372626824620014
v8212,https://www.douyin.com/video/7636527788439497972
v8213,https://www.douyin.com/note/7645523962316183793
v8214,https://www.douyin.com/video/7644130475636194555
v8215,https://www.douyin.com/video/7629353903981032294
v8216,https://www.douyin.com/video/7642195175369313955
v8217,https://www.douyin.com/video/7635895540744157075
v8218,https://www.douyin.com/note/7642412083690206854
v8219,https://www.douyin.com/video/7643754720574892390
v8220,https://www.douyin.com/video/7645703654837629567
v8221,https://www.douyin.com/video/7623770693461815474
v8222,https://www.douyin.com/video/7635283646449995043
v8223,https://www.douyin.com/video/7642734266123922533
v8224,https://www.douyin.com/video/7640834075518831881
v8225,https://www.douyin.com/note/7632577612494267321
v8226,https://www.douyin.com/video/7645495481187028230
v8227,https://www.douyin.com/video/7636723649949883513
v8228,https://www.douyin.com/video/7642997462931966449
v8229,https://www.douyin.com/video/7645698109238591589
v8230,https://www.douyin.com/video/7645552946650858341
v8231,https://www.douyin.com/video/7640366006606666865
v8232,https://www.douyin.com/video/7626697268322900849
v8233,https://www.douyin.com/video/7635319105515776628
v8234,https://www.douyin.com/video/7643747465769976933
v8235,https://www.douyin.com/video/7645687167184304463
v8236,https://www.douyin.com/video/7645268289946318321
v8237,https://www.douyin.com/video/7636505472665965903
v8238,https://www.douyin.com/video/7645634060224003579
v8239,https://www.douyin.com/video/7644618768974862847
v8240,https://www.douyin.com/note/7616307514904964027
v8241,https://www.douyin.com/video/7644412534787086244
v8242,https://www.douyin.com/video/7633372875492433897
v8243,https://www.douyin.com/video/7645650519390872162
v8244,https://www.douyin.com/video/7644823838287376319
v8245,https://www.douyin.com/video/7635516654210029029
v8246,https://www.douyin.com/note/7645634252286247802
v8247,https://www.douyin.com/video/7645347723939801974
v8248,https://www.douyin.com/note/7641590477074429866
v8249,https://www.douyin.com/video/7643059432805138801
v8250,https://www.douyin.com/video/7645199187243592561
v8251,https://www.douyin.com/video/7620388341464795065
v8252,https://www.douyin.com/video/7645209579336998504
v8253,https://www.douyin.com/video/7636736273398816165
v8254,https://www.douyin.com/video/7645692907467390638
v8255,https://www.douyin.com/video/7645652289651741924
v8256,https://www.douyin.com/video/7638603812848066811
v8257,https://www.douyin.com/video/7645336771874683526
v8258,https://www.douyin.com/video/7643176885753949610
v8259,https://www.douyin.com/video/7645639646340323411
v8260,https://www.douyin.com/video/7645236247792192744
v8261,https://www.douyin.com/video/7645217531686423848
v8262,https://www.douyin.com/note/7642957486560002149
v8263,https://www.douyin.com/video/7645550848646975715
v8264,https://www.douyin.com/video/7645637133529767013
v8265,https://www.douyin.com/video/7642326057412611249
v8266,https://www.douyin.com/video/7643074719696138419
v8267,https://www.douyin.com/video/7639002008133370747
v8268,https://www.douyin.com/video/7636802255240871845
v8269,https://www.douyin.com/video/7643421055847375077
v8270,https://www.douyin.com/video/7644896430566690545
v8271,https://www.douyin.com/video/7644583535625479397
v8272,https://www.douyin.com/video/7645077535256501450
v8273,https://www.douyin.com/video/7643500476058803365
v8274,https://www.douyin.com/video/7643767836281119865
v8275,https://www.douyin.com/video/7641828365843349327
v8276,https://www.douyin.com/note/7644961405590646638
v8277,https://www.douyin.com/video/7640428151587699810
v8278,https://www.douyin.com/video/7642716417985313137
v8279,https://www.douyin.com/video/7645625637927447295
v8280,https://www.douyin.com/video/7635664210362263732
v8281,https://www.douyin.com/video/7642547997632617546
v8282,https://www.douyin.com/note/7643744805033653681
v8283,https://www.douyin.com/video/7641899601439919985
v8284,https://www.douyin.com/video/7645253550930777691
v8285,https://www.douyin.com/video/7640782274787447497
v8286,https://www.douyin.com/note/7643055488040622513
v8287,https://www.douyin.com/video/7644893632919747515
v8288,https://www.douyin.com/video/7629470454600625019
v8289,https://www.douyin.com/note/7644488337588298725
v8290,https://www.douyin.com/video/7645335323045036262
v8291,https://www.douyin.com/video/7619193345751541361
v8292,https://www.douyin.com/video/7640108780374164837
v8293,https://www.douyin.com/video/7645632732882729555
v8294,https://www.douyin.com/note/7638943967015248105
v8295,https://www.douyin.com/note/7634476380441047653
v8296,https://www.douyin.com/note/7642704234073235338
v8297,https://www.douyin.com/video/7633323481039655609
v8298,https://www.douyin.com/video/7645628437328229990
v8299,https://www.douyin.com/video/7645225056012864393
v8300,https://www.douyin.com/video/7645624537262495097
v8301,https://www.douyin.com/video/7638325070607213667
v8302,https://www.douyin.com/video/7624469526154891707
v8303,https://www.douyin.com/video/7645636840950746368
v8304,https://www.douyin.com/video/7615560664392202481
v8305,https://www.douyin.com/note/7634386570452513344
v8306,https://www.douyin.com/video/7620292361461571173
v8307,https://www.douyin.com/video/7645769580380679616
v8308,https://www.douyin.com/note/7645737883563282771
v8309,https://www.douyin.com/video/7645661726469295360
v8310,https://www.douyin.com/video/7645202189791358385
v8311,https://www.douyin.com/video/7616728390434868486
v8312,https://www.douyin.com/note/7608579296810830330
v8313,https://www.douyin.com/note/7611428552815331234
v8314,https://www.douyin.com/note/7622676233096670836
v8315,https://www.douyin.com/note/7627802804039937378
v8316,https://www.douyin.com/note/7644954544170113423
v8317,https://www.douyin.com/note/7645725564191964224
v8318,https://www.douyin.com/note/7609732387320625777
v8319,https://www.douyin.com/note/7613050926312410042
v8320,https://www.douyin.com/note/7593738157284661925
v8321,https://www.douyin.com/note/7467178434360347956
v8322,https://www.douyin.com/note/7505817039833320744
v8323,https://www.douyin.com/note/7632916879225922553
v8324,https://www.douyin.com/video/7645642900370821861
v8325,https://www.douyin.com/video/7642080566686403894
v8326,https://www.douyin.com/video/7630476288386358106
v8327,https://www.douyin.com/video/7615903166218915078
v8328,https://www.douyin.com/video/7644956120305421578
v8329,https://www.douyin.com/video/7644959848572949226
v8330,https://www.douyin.com/video/7631154498841321571
v8331,https://www.douyin.com/note/7646040629566685284
v8332,https://www.douyin.com/video/7645992853483502836
v8333,https://www.douyin.com/note/7645713997564875630
v8334,https://www.douyin.com/video/7645824145695001856
v8335,https://www.douyin.com/video/7643768049300550371
v8336,https://www.douyin.com/note/7645670491667266792
v8337,https://www.douyin.com/video/7644943869738046949
v8338,https://www.douyin.com/video/7563603245071961395
v8339,https://www.douyin.com/note/7645284668413562982
v8340,https://www.douyin.com/video/7645952291119564398
v8341,https://www.douyin.com/video/7644150090806111080
v8342,https://www.douyin.com/video/7629761158635111013
v8343,https://www.douyin.com/video/7644410026139880746
v8344,https://www.douyin.com/note/7645892166077982586
v8345,https://www.douyin.com/note/7646031624451151462
v8346,https://www.douyin.com/video/7645072111714733362
v8347,https://www.douyin.com/video/7627921577972631753
v8348,https://www.douyin.com/video/7638150905896520946
v8349,https://www.douyin.com/note/7644601598081183077
v8350,https://www.douyin.com/video/7645622160594210917
v8351,https://www.douyin.com/video/7646043847973446579
v8352,https://www.douyin.com/note/7646041076126654196
v8353,https://www.douyin.com/note/7646019095683461482
v8354,https://www.douyin.com/video/7646031995457999507
v8355,https://www.douyin.com/video/7645996746468658752
v8356,https://www.douyin.com/video/7635650853323670011
v8357,https://www.douyin.com/video/7638260653492296538
v8358,https://www.douyin.com/note/7646037642996568966
v8359,https://www.douyin.com/video/7645454227120171254
v8360,https://www.douyin.com/video/7595150259009965327
v8361,https://www.douyin.com/video/7637139791759715685
v8362,https://www.douyin.com/video/7635827365634154149
v8363,https://www.douyin.com/video/7645969221666749659
v8364,https://www.douyin.com/video/7623673544651640102
v8365,https://www.douyin.com/video/7421488157440380214
v8366,https://www.douyin.com/video/7415979612393524530
v8367,https://www.douyin.com/video/7584185442586381617
v8368,https://www.douyin.com/video/7528946963362991406
v8369,https://www.douyin.com/video/7158389958330371358
v8370,https://www.douyin.com/video/7441881953516703010
v8371,https://www.douyin.com/video/7645928243670198419
v8372,https://www.douyin.com/note/7639063381638391973
v8373,https://www.douyin.com/video/7632771980828468857
v8374,https://www.douyin.com/video/7645573666750680326
v8375,https://www.douyin.com/note/7639718034375317114
v8376,https://www.douyin.com/video/7645994332232006373
v8377,https://www.douyin.com/video/7645874077228347323
v8378,https://www.douyin.com/note/7645635550317454961
v8379,https://www.douyin.com/video/7643687229008918507
v8380,https://www.douyin.com/video/7645950332950146634
v8381,https://www.douyin.com/note/7630158848460005745
v8382,https://www.douyin.com/note/7632901420143892218
v8383,https://www.douyin.com/note/7630492238153823089
v8384,https://www.douyin.com/note/7646023994609007289
v8385,https://www.douyin.com/note/7645734839404723301
v8386,https://www.douyin.com/note/7645891313322007409
v8387,https://www.douyin.com/video/7645873869740850852
v8388,https://www.douyin.com/note/7646017434361264805
v8389,https://www.douyin.com/video/7644606907625283685
v8390,https://www.douyin.com/video/7645500508233143781
v8391,https://www.douyin.com/video/7629423662440910116
v8392,https://www.douyin.com/video/7637750959452682682
v8393,https://www.douyin.com/note/7645582169780221082
v8394,https://www.douyin.com/video/7631778772191406278
v8395,https://www.douyin.com/note/7645720797701096313
v8396,https://www.douyin.com/note/7645329724012805041
v8397,https://www.douyin.com/video/7641081023153918628
v8398,https://www.douyin.com/video/7639255423363557233
v8399,https://www.douyin.com/video/7645882484748617920
v8400,https://www.douyin.com/note/7645907496733047290
v8401,https://www.douyin.com/note/7645774364617523443
v8402,https://www.douyin.com/video/7642765267433613946
v8403,https://www.douyin.com/video/7635424983438901236
v8404,https://www.douyin.com/note/7646019157670006068
v8405,https://www.douyin.com/note/7644397203176650420
v8406,https://www.douyin.com/video/7645651233419675365
v8407,https://www.douyin.com/note/7646056115508164275
v8408,https://www.douyin.com/video/7643178929682943238
v8409,https://www.douyin.com/video/7645950802582303418
v8410,https://www.douyin.com/note/7645927234766998459
v8411,https://www.douyin.com/note/7639991398348042484
v8412,https://www.douyin.com/video/7645677695167620529
v8413,https://www.douyin.com/video/7645872053380027825
v8414,https://www.douyin.com/video/7645846639857384059
v8415,https://www.douyin.com/note/7645894535566949745
v8416,https://www.douyin.com/video/7644578306028866825
v8417,https://www.douyin.com/note/7645721746565301617
v8418,https://www.douyin.com/note/7644514308310715684
v8419,https://www.douyin.com/video/7626964338871471412
v8420,https://www.douyin.com/video/7645890023870855907
v8421,https://www.douyin.com/video/7645679560235415220
v8422,https://www.douyin.com/note/7645616018992127668
v8423,https://www.douyin.com/video/7628270104496930447
v8424,https://www.douyin.com/video/7641987811859985252
v8425,https://www.douyin.com/video/7645579827014258175
v8426,https://www.douyin.com/video/7646018070356541514
v8427,https://www.douyin.com/video/7645891130692788835
v8428,https://www.douyin.com/video/7642038878689701222
v8429,https://www.douyin.com/video/7643720701157404489
v8430,https://www.douyin.com/video/7624888524319864933
v8431,https://www.douyin.com/note/7644564756120394107
v8432,https://www.douyin.com/note/7645996939616054257
v8433,https://www.douyin.com/note/7643500369847807887
v8434,https://www.douyin.com/note/7645895314028948954
v8435,https://www.douyin.com/video/7643486084307594597
v8436,https://www.douyin.com/video/7638356042065330843
v8437,https://www.douyin.com/note/7645823938467189459
v8438,https://www.douyin.com/video/7645690625312663025
v8439,https://www.douyin.com/video/7645784564807306505
v8440,https://www.douyin.com/note/7645309249199812014
v8441,https://www.douyin.com/note/7646012945416366309
v8442,https://www.douyin.com/video/7645472179986992426
v8443,https://www.douyin.com/video/7645688423386962533
v8444,https://www.douyin.com/video/7645876537011439985
v8445,https://www.douyin.com/note/7644571516433557114
v8446,https://www.douyin.com/video/7645283376223554851
v8447,https://www.douyin.com/video/7640026218134305201
v8448,https://www.douyin.com/note/7645516348969392113
v8449,https://www.douyin.com/video/7645518546537545193
v8450,https://www.douyin.com/video/7645365425833193846
v8451,https://www.douyin.com/note/7646051384840567418
v8452,https://www.douyin.com/video/7645913329386976627
v8453,https://www.douyin.com/note/7646031773981874275
v8454,https://www.douyin.com/video/7645280828536278322
v8455,https://www.douyin.com/note/7645617201550799547
v8456,https://www.douyin.com/video/7646018911351213352
v8457,https://www.douyin.com/video/7645355853893860025
v8458,https://www.douyin.com/video/7643399967700619859
v8459,https://www.douyin.com/note/7645844209723733734
v8460,https://www.douyin.com/video/7641128158627988209
v8461,https://www.douyin.com/video/7645841459119181082
v8462,https://www.douyin.com/video/7636025979585158543
v8463,https://www.douyin.com/video/7643820195680750858
v8464,https://www.douyin.com/note/7645896016927192747
v8465,https://www.douyin.com/video/7636646668738047418
v8466,https://www.douyin.com/video/7645366919067811249
v8467,https://www.douyin.com/note/7642959181038000867
v8468,https://www.douyin.com/note/7641257480920842085
v8469,https://www.douyin.com/video/7644863219793759514
v8470,https://www.douyin.com/note/7645476535033921202
v8471,https://www.douyin.com/video/7645842165889289061
v8472,https://www.douyin.com/video/7614028301523313393
v8473,https://www.douyin.com/video/7613422618444092102
v8474,https://www.douyin.com/video/7643415798329570289
v8475,https://www.douyin.com/video/7641683068710040699
v8476,https://www.douyin.com/video/7645492837836146299
v8477,https://www.douyin.com/video/7643421314313719473
v8478,https://www.douyin.com/note/7645871846395347008
v8479,https://www.douyin.com/video/7595050807209315625
v8480,https://www.douyin.com/video/7645657398250005157
v8481,https://www.douyin.com/video/7645855054671140273
v8482,https://www.douyin.com/note/7643900471266401378
v8483,https://www.douyin.com/note/7631826079406547654
v8484,https://www.douyin.com/video/7640422272465145130
v8485,https://www.douyin.com/video/7645255737463648891
v8486,https://www.douyin.com/video/7645303593624598501
v8487,https://www.douyin.com/video/7644489950469066024
v8488,https://www.douyin.com/note/7646021198510128809
v8489,https://www.douyin.com/note/7643090576288395705
v8490,https://www.douyin.com/note/7645956336685223400
v8491,https://www.douyin.com/note/7644896111048924337
v8492,https://www.douyin.com/video/7646025161968682970
v8493,https://www.douyin.com/video/7645285445349297444
v8494,https://www.douyin.com/video/7645952487087040357
v8495,https://www.douyin.com/video/7645827458822825906
v8496,https://www.douyin.com/video/7633744286189751602
v8497,https://www.douyin.com/video/7645790566433112229
v8498,https://www.douyin.com/video/7639937889605782834
v8499,https://www.douyin.com/video/7645684243092525942
v8500,https://www.douyin.com/video/7645253081525084837
v8501,https://www.douyin.com/video/7639648231928232054
v8502,https://www.douyin.com/video/7645959462976523560
v8503,https://www.douyin.com/video/7645892647417234917
v8504,https://www.douyin.com/video/7538288331692444982
v8505,https://www.douyin.com/video/7618977095167208945
v8506,https://www.douyin.com/video/7645698551263434395
v8507,https://www.douyin.com/video/7646000242290603450
v8508,https://www.douyin.com/video/7618134007419923620
v8509,https://www.douyin.com/note/7645993681628430438
v8510,https://www.douyin.com/video/7638142077859915385
v8511,https://www.douyin.com/video/7644951392083950566
v8512,https://www.douyin.com/note/7637050601407151973
v8513,https://www.douyin.com/note/7633361489319678065
v8514,https://www.douyin.com/video/7617779305183616463
v8515,https://www.douyin.com/note/7645538457947235490
v8516,https://www.douyin.com/video/7638475217576516081
v8517,https://www.douyin.com/note/7642211344880943354
v8518,https://www.douyin.com/note/7646018309490820005
v8519,https://www.douyin.com/note/7616317608933531771
v8520,https://www.douyin.com/video/7642146548079505851
v8521,https://www.douyin.com/video/7645893432694767025
v8522,https://www.douyin.com/note/7645896157809362801
v8523,https://www.douyin.com/note/7645665473077579017
v8524,https://www.douyin.com/video/7641265428076989715
v8525,https://www.douyin.com/video/7617253669952698993
v8526,https://www.douyin.com/video/7642000297087103481
v8527,https://www.douyin.com/video/7642901606526336244
v8528,https://www.douyin.com/note/7645186197366665146
v8529,https://www.douyin.com/video/7635968832850382118
v8530,https://www.douyin.com/video/7645876243040950501
v8531,https://www.douyin.com/video/7508588767020616972
v8532,https://www.douyin.com/video/7568134941913959721
v8533,https://www.douyin.com/video/7642584702545598566
v8534,https://www.douyin.com/video/7644695409180503202
v8535,https://www.douyin.com/video/7644272085241433385
v8536,https://www.douyin.com/video/7644166905737055534
v8537,https://www.douyin.com/video/7636361084907437177
v8538,https://www.douyin.com/video/7638901739022664697
v8539,https://www.douyin.com/video/7644839886683475226
v8540,https://www.douyin.com/video/7634850538018163833
v8541,https://www.douyin.com/video/7634711850181679333
v8542,https://www.douyin.com/video/7640383873461297765
v8543,https://www.douyin.com/video/7645410232440605988
v8544,https://www.douyin.com/video/7635540587927637294
v8545,https://www.douyin.com/video/7643292842475805513
v8546,https://www.douyin.com/video/7645991340592860457
v8547,https://www.douyin.com/video/7638182384542626473
v8548,https://www.douyin.com/video/7638143821201823097
v8549,https://www.douyin.com/video/7645236516486139162
v8550,https://www.douyin.com/video/7640850769524228785
v8551,https://www.douyin.com/video/7644853489144009649
v8552,https://www.douyin.com/video/7645251956545931771
v8553,https://www.douyin.com/video/7645907529486649306
v8554,https://www.douyin.com/note/7645926336045190577
v8555,https://www.douyin.com/video/7645923814660591781
v8556,https://www.douyin.com/note/7607650498455704399
v8557,https://www.douyin.com/note/7637380718453063843
v8558,https://www.douyin.com/note/7640040477551967976
v8559,https://www.douyin.com/video/7628533200285358051
v8560,https://www.douyin.com/video/7644189682104174964
v8561,https://www.douyin.com/note/7640358027992234102
v8562,https://www.douyin.com/video/7645643947503658737
v8563,https://www.douyin.com/video/7643759925633568050
v8564,https://www.douyin.com/video/7644084630790933937
v8565,https://www.douyin.com/video/7549128015587970330
v8566,https://www.douyin.com/video/7645685338559515365
v8567,https://www.douyin.com/video/7645876030427819249
v8568,https://www.douyin.com/video/7642560195419873674
v8569,https://www.douyin.com/note/7645862602556106865
v8570,https://www.douyin.com/note/7645651550233252307
v8571,https://www.douyin.com/video/7644514039997349226
v8572,https://www.douyin.com/note/7644714373592796776
v8573,https://www.douyin.com/note/7645567468878981810
v8574,https://www.douyin.com/video/7645649575193111225
v8575,https://www.douyin.com/video/7645689569132026486
v8576,https://www.douyin.com/video/7645289224598833754
v8577,https://www.douyin.com/note/7645901418541155194
v8578,https://www.douyin.com/note/7645862002615084977
v8579,https://www.douyin.com/video/7645595539589512822
v8580,https://www.douyin.com/video/7644959031937635049
v8581,https://www.douyin.com/video/7645951924244981130
v8582,https://www.douyin.com/video/7642944420056344422
v8583,https://www.douyin.com/video/7644468218807742321
v8584,https://www.douyin.com/video/7616520583887740273
v8585,https://www.douyin.com/video/7617825214227098862
v8586,https://www.douyin.com/video/7644380965595806970
v8587,https://www.douyin.com/video/7635187336800577947
v8588,https://www.douyin.com/video/7643467308559535394
v8589,https://www.douyin.com/note/7645729231792417893
v8590,https://www.douyin.com/note/7642653558466417402
v8591,https://www.douyin.com/video/7642314351118563953
v8592,https://www.douyin.com/note/7646008256955556453
v8593,https://www.douyin.com/video/7645428110955561202
v8594,https://www.douyin.com/video/7645265052476373120
v8595,https://www.douyin.com/video/7645652497873568419
v8596,https://www.douyin.com/video/7640814497767378917
v8597,https://www.douyin.com/video/7637479216057657189
v8598,https://www.douyin.com/video/7621134455478273893
v8599,https://www.douyin.com/video/7645764575815634218
v8600,https://www.douyin.com/note/7640328612864911284
v8601,https://www.douyin.com/video/7645884130660243310
v8602,https://www.douyin.com/note/7644094373936347569
v8603,https://www.douyin.com/video/7645856587655393898
v8604,https://www.douyin.com/video/7639615718766862436
v8605,https://www.douyin.com/video/7645257852932549870
v8606,https://www.douyin.com/note/7645258031920357562
v8607,https://www.douyin.com/note/7635981498109769097
v8608,https://www.douyin.com/note/7633765617644006258
v8609,https://www.douyin.com/video/7642353124829181631
v8610,https://www.douyin.com/note/7637097338712787558
v8611,https://www.douyin.com/note/7637476771743107035
v8612,https://www.douyin.com/note/7639314995172901833
v8613,https://www.douyin.com/note/7640436542020676490
v8614,https://www.douyin.com/note/7641540778884074867
v8615,https://www.douyin.com/note/7642679053056884106
v8616,https://www.douyin.com/note/7628912665767039050
v8617,https://www.douyin.com/note/7460084469643480356
v8618,https://www.douyin.com/note/7611845071083955273
v8619,https://www.douyin.com/note/7605531771711002994
v8620,https://www.douyin.com/note/7619711037616505267
v8621,https://www.douyin.com/video/7630053330916168138
v8622,https://www.douyin.com/note/7645654509137657518
v8623,https://www.douyin.com/video/7645184238904006633
v8624,https://www.douyin.com/video/7641488898636715257
v8625,https://www.douyin.com/video/7645852183380860273
v8626,https://www.douyin.com/note/7644841506742338038
v8627,https://www.douyin.com/note/7644926576891233478
v8628,https://www.douyin.com/video/7645782987199700169
v8629,https://www.douyin.com/video/7643324402000583523
v8630,https://www.douyin.com/video/7641093883825333898
v8631,https://www.douyin.com/video/7620726675710624677
v8632,https://www.douyin.com/video/7645492953163533733
v8633,https://www.douyin.com/video/7641228958738032346
v8634,https://www.douyin.com/video/7644890450743207059
v8635,https://www.douyin.com/video/7628932692133858586
v8636,https://www.douyin.com/note/7643890639957116608
v8637,https://www.douyin.com/note/7644492938860919547
v8638,https://www.douyin.com/video/7645531804439241442
v8639,https://www.douyin.com/note/7645905004569684474
v8640,https://www.douyin.com/video/7645870349770984393
v8641,https://www.douyin.com/video/7347794950890867979
v8642,https://www.douyin.com/video/7348396833351191845
v8643,https://www.douyin.com/note/7642625997187300529
v8644,https://www.douyin.com/video/7645590482319844709
v8645,https://www.douyin.com/video/7645318319305671547
v8646,https://www.douyin.com/video/7645877821751649209
v8647,https://www.douyin.com/video/7645686212096013681
v8648,https://www.douyin.com/note/7645903141984788325
v8649,https://www.douyin.com/video/7645644492288118070
v8650,https://www.douyin.com/video/7645774116528763081
v8651,https://www.douyin.com/video/7635955879489343099
v8652,https://www.douyin.com/note/7640883363100079050
v8653,https://www.douyin.com/video/7645347369186702675
v8654,https://www.douyin.com/video/7645709334056403941
v8655,https://www.douyin.com/video/7645871598469670393
v8656,https://www.douyin.com/video/7618863705887789477
v8657,https://www.douyin.com/video/7628842151699293553
v8658,https://www.douyin.com/video/7638957431090875667
v8659,https://www.douyin.com/video/7645876156982039785
v8660,https://www.douyin.com/note/7645936416308538341
v8661,https://www.douyin.com/note/7645897124781553777
v8662,https://www.douyin.com/video/7637191210704181178
v8663,https://www.douyin.com/video/7621118159416776603
v8664,https://www.douyin.com/note/7645262436841101302
v8665,https://www.douyin.com/note/7645284908215058609
v8666,https://www.douyin.com/video/7640623222405272171
v8667,https://www.douyin.com/video/7644842147283340582
v8668,https://www.douyin.com/note/7646006165486708081
v8669,https://www.douyin.com/video/7644537292270357798
v8670,https://www.douyin.com/video/7645905987685719155
v8671,https://www.douyin.com/video/7639683063785606463
v8672,https://www.douyin.com/video/7645625856895030150
v8673,https://www.douyin.com/video/7618131857086938235
v8674,https://www.douyin.com/note/7642314902769607025
v8675,https://www.douyin.com/note/7640124823703956465
v8676,https://www.douyin.com/video/7644887168124521774
v8677,https://www.douyin.com/video/7641776438751923502
v8678,https://www.douyin.com/video/7637127148050443761
v8679,https://www.douyin.com/video/7645902413307612462
v8680,https://www.douyin.com/video/7645232335591985275
v8681,https://www.douyin.com/video/7640173364606258470
v8682,https://www.douyin.com/note/7644960497926392177
v8683,https://www.douyin.com/video/7645250546366289125
v8684,https://www.douyin.com/video/7644609679688485474
v8685,https://www.douyin.com/video/7637043089068394426
v8686,https://www.douyin.com/video/7644529107220599395
v8687,https://www.douyin.com/video/7629264769438146986
v8688,https://www.douyin.com/video/7644947341296240015
v8689,https://www.douyin.com/video/7644423867099784946
v8690,https://www.douyin.com/video/7645659383036890195
v8691,https://www.douyin.com/note/7645894710893481122
v8692,https://www.douyin.com/video/7645660777140084202
v8693,https://www.douyin.com/video/7645500455904132070
v8694,https://www.douyin.com/video/7628617521909763355
v8695,https://www.douyin.com/video/7637332266632667493
v8696,https://www.douyin.com/video/7644467309892865290
v8697,https://www.douyin.com/video/7641546851417776741
v8698,https://www.douyin.com/video/7644038379310550306
v8699,https://www.douyin.com/video/7645813064084663801
v8700,https://www.douyin.com/video/7645536547409285711
v8701,https://www.douyin.com/video/7645624828178812196
v8702,https://www.douyin.com/video/7620026363282000234
v8703,https://www.douyin.com/video/7644458826955017524
v8704,https://www.douyin.com/video/7645747808741470931
v8705,https://www.douyin.com/video/7644173364101139766
v8706,https://www.douyin.com/video/7644843794848271205
v8707,https://www.douyin.com/video/7645232001624992100
v8708,https://www.douyin.com/video/7644799724662767035
v8709,https://www.douyin.com/video/7645635243693940106
v8710,https://www.douyin.com/video/7645340405319339270
v8711,https://www.douyin.com/video/7645903116177689481
v8712,https://www.douyin.com/video/7644850919071506112
v8713,https://www.douyin.com/note/7645633147645065073
v8714,https://www.douyin.com/video/7638910301681115622
v8715,https://www.douyin.com/note/7645655034458835955
v8716,https://www.douyin.com/video/7645659391605277029
v8717,https://www.douyin.com/video/7626693857728764659
v8718,https://www.douyin.com/video/7645229885720673698
v8719,https://www.douyin.com/video/7645702878690444273
v8720,https://www.douyin.com/video/7645883841089237107
v8721,https://www.douyin.com/video/7641214981119693914
v8722,https://www.douyin.com/note/7644196179623233509
v8723,https://www.douyin.com/video/7598072041326381739
v8724,https://www.douyin.com/note/7642936939600465334
v8725,https://www.douyin.com/video/7645637067736974834
v8726,https://www.douyin.com/video/7625551810085784838
v8727,https://www.douyin.com/video/7636765559909421898
v8728,https://www.douyin.com/video/7557548416680611110
v8729,https://www.douyin.com/note/7282037727426645308
v8730,https://www.douyin.com/note/7636024882782981306
v8731,https://www.douyin.com/note/7644484666434982644
v8732,https://www.douyin.com/note/7645284750445249521
v8733,https://www.douyin.com/video/7644720169043107508
v8734,https://www.douyin.com/video/7508222552293084455
v8735,https://www.douyin.com/video/7645153685558906158
v8736,https://www.douyin.com/note/7645148536241469435
v8737,https://www.douyin.com/note/7645483380662230259
v8738,https://www.douyin.com/video/7642983189657350394
v8739,https://www.douyin.com/video/7645857015793253098
v8740,https://www.douyin.com/video/7645573591819744074
v8741,https://www.douyin.com/note/7645474593029310629
v8742,https://www.douyin.com/video/7638229491873462888
v8743,https://www.douyin.com/note/7643810600149459566
v8744,https://www.douyin.com/video/7636571939788373169
v8745,https://www.douyin.com/note/7645730118527027707
v8746,https://www.douyin.com/video/7641578756699671844
v8747,https://www.douyin.com/video/7645231748884897188
v8748,https://www.douyin.com/note/7645882779125871348
v8749,https://www.douyin.com/video/7645869929203853158
v8750,https://www.douyin.com/video/7643121160977542138
v8751,https://www.douyin.com/video/7641198071568715023
v8752,https://www.douyin.com/video/7645792841260747967
v8753,https://www.douyin.com/video/7645892180763014521
v8754,https://www.douyin.com/video/7642306584684645673
v8755,https://www.douyin.com/video/7643620208141143359
v8756,https://www.douyin.com/note/7644835666727462858
v8757,https://www.douyin.com/video/7621526555651250809
v8758,https://www.douyin.com/video/7645121913372064211
v8759,https://www.douyin.com/video/7645688632359772785
v8760,https://www.douyin.com/note/7645263866533198779
v8761,https://www.douyin.com/video/7633550671740179570
v8762,https://www.douyin.com/note/7645766184755457394
v8763,https://www.douyin.com/note/7645875071013361542
v8764,https://www.douyin.com/video/7644138249383857442
v8765,https://www.douyin.com/video/7638821600934803008
v8766,https://www.douyin.com/video/7645840258290765139
v8767,https://www.douyin.com/video/7645850998481757169
v8768,https://www.douyin.com/video/7643940613628431670
v8769,https://www.douyin.com/note/7645671907048029553
v8770,https://www.douyin.com/video/7645898943457654691
v8771,https://www.douyin.com/video/7645680756790021419
v8772,https://www.douyin.com/video/7645613014372710026
v8773,https://www.douyin.com/video/7644510684251737385
v8774,https://www.douyin.com/video/7645789598458784403
v8775,https://www.douyin.com/video/7645893993469933684
v8776,https://www.douyin.com/video/7645443325793015935
v8777,https://www.douyin.com/video/7637461584968873201
v8778,https://www.douyin.com/video/7645848378966635941
v8779,https://www.douyin.com/note/7644221194589688251
v8780,https://www.douyin.com/video/7644883465293280699
v8781,https://www.douyin.com/note/7645886817942946725
v8782,https://www.douyin.com/video/7638569562811764006
v8783,https://www.douyin.com/video/7645626596858070961
v8784,https://www.douyin.com/video/7645797412212100361
v8785,https://www.douyin.com/note/7645949971712595897
v8786,https://www.douyin.com/video/7645613755909431167
v8787,https://www.douyin.com/video/7642576793136563441
v8788,https://www.douyin.com/video/7645974667362127145
v8789,https://www.douyin.com/note/7561751742981197071
v8790,https://www.douyin.com/video/7638630378655272207
v8791,https://www.douyin.com/video/7646021544901174641
v8792,https://www.douyin.com/video/7645527869875031359
v8793,https://www.douyin.com/video/7645962997559700593
v8794,https://www.douyin.com/video/7644730555233641137
v8795,https://www.douyin.com/note/7644612192444947690
v8796,https://www.douyin.com/video/7639978979709432467
v8797,https://www.douyin.com/video/7634932104786279781
v8798,https://www.douyin.com/video/7636343693414973055
v8799,https://www.douyin.com/video/7646089419191503534
v8800,https://www.douyin.com/video/7646092913948003638
v8801,https://www.douyin.com/video/7644113702036383921
v8802,https://www.douyin.com/video/7635284965361585471
v8803,https://www.douyin.com/video/7641521057362889125
v8804,https://www.douyin.com/video/7644815108115385652
v8805,https://www.douyin.com/video/7642347661425853093
v8806,https://www.douyin.com/video/7644164795408019897
v8807,https://www.douyin.com/video/7582461068979539219
v8808,https://www.douyin.com/video/7641986067557551387
v8809,https://www.douyin.com/video/7643796241339419945
v8810,https://www.douyin.com/note/7411446931806752012
v8811,https://www.douyin.com/note/7093458626429439262
v8812,https://www.douyin.com/video/7641928439506783514
v8813,https://www.douyin.com/video/7640041494455405876
v8814,https://www.douyin.com/video/7645350193742875947
v8815,https://www.douyin.com/video/7643694588356927977
v8816,https://www.douyin.com/video/7645637497141469873
v8817,https://www.douyin.com/note/7642737959330942387
v8818,https://www.douyin.com/video/7646080383313881012
v8819,https://www.douyin.com/video/7582218722845674792
v8820,https://www.douyin.com/note/7596008717738094309
v8821,https://www.douyin.com/video/7637587229846689657
v8822,https://www.douyin.com/video/7619621191943642850
v8823,https://www.douyin.com/note/7645531618362307699
v8824,https://www.douyin.com/video/7638143785549857124
v8825,https://www.douyin.com/video/7644991318393924195
v8826,https://www.douyin.com/note/7645236530613212810
v8827,https://www.douyin.com/note/7646079060321595722
v8828,https://www.douyin.com/video/7645606661948929710
v8829,https://www.douyin.com/video/7645868747902749952
v8830,https://www.douyin.com/note/7645689246305212278
v8831,https://www.douyin.com/note/7646161183406672713
v8832,https://www.douyin.com/note/7645640626226379919
v8833,https://www.douyin.com/note/7637045879627571903
v8834,https://www.douyin.com/video/7645567309700232842
v8835,https://www.douyin.com/note/7645676319603437230
v8836,https://www.douyin.com/note/7645504299904343291
v8837,https://www.douyin.com/video/7644889554524048681
v8838,https://www.douyin.com/video/7643822675358503153
v8839,https://www.douyin.com/video/7534623917604883727
v8840,https://www.douyin.com/video/7644957430165638451
v8841,https://www.douyin.com/video/7640117310149134771
v8842,https://www.douyin.com/video/7634522977568099625
v8843,https://www.douyin.com/video/7624093506407979109
v8844,https://www.douyin.com/note/7645164252185267419
v8845,https://www.douyin.com/note/7643115083203441254
v8846,https://www.douyin.com/video/7641873769404828928
v8847,https://www.douyin.com/video/7645159904940018987
v8848,https://www.douyin.com/video/7645854731851631926
v8849,https://www.douyin.com/video/7627041444871687460
v8850,https://www.douyin.com/video/7161050560387501319
v8851,https://www.douyin.com/video/7158376454269472014
v8852,https://www.douyin.com/video/7587225759400480019
v8853,https://www.douyin.com/video/7172614847224450344
v8854,https://www.douyin.com/video/7381405284318711074
v8855,https://www.douyin.com/video/7376588768402279695
v8856,https://www.douyin.com/video/7645573695901027599
v8857,https://www.douyin.com/video/7531708754107125035
v8858,https://www.douyin.com/video/7552857298855677234
v8859,https://www.douyin.com/video/7612225411624264101
v8860,https://www.douyin.com/note/7646200941217953905
v8861,https://www.douyin.com/note/7645594391331373946
v8862,https://www.douyin.com/video/7644073688056237348
v8863,https://www.douyin.com/note/7645961286803124081
v8864,https://www.douyin.com/video/7635757656393866984
v8865,https://www.douyin.com/video/7645955127425223988
v8866,https://www.douyin.com/video/7638281191082613364
v8867,https://www.douyin.com/video/7646057223231156649
v8868,https://www.douyin.com/note/7646210044702722152
v8869,https://www.douyin.com/note/7627144126286341875
v8870,https://www.douyin.com/video/7645941482931843258
v8871,https://www.douyin.com/note/7643611461710155456
v8872,https://www.douyin.com/video/7628401362800760041
v8873,https://www.douyin.com/video/7644493468013841683
v8874,https://www.douyin.com/video/7642476819321598897
v8875,https://www.douyin.com/video/7646174666285737829
v8876,https://www.douyin.com/video/7645231620227730694
v8877,https://www.douyin.com/video/7646197367893903946
v8878,https://www.douyin.com/video/7646161582577274122
v8879,https://www.douyin.com/note/7646149657776813786
v8880,https://www.douyin.com/video/7646205094031101234
v8881,https://www.douyin.com/video/7646201318444997348
v8882,https://www.douyin.com/video/7646209810735631668
v8883,https://www.douyin.com/video/7643740974623532274
v8884,https://www.douyin.com/video/7641407427237273209
v8885,https://www.douyin.com/video/7644513230181748018
v8886,https://www.douyin.com/video/7628977120647171366
v8887,https://www.douyin.com/note/7619193102012703336
v8888,https://www.douyin.com/video/7639273738890656177
v8889,https://www.douyin.com/video/7645591367686704399
v8890,https://www.douyin.com/video/7645144466487020851
v8891,https://www.douyin.com/note/7645676011153933745
v8892,https://www.douyin.com/note/7645707272010638318
v8893,https://www.douyin.com/video/7615557487467866106
v8894,https://www.douyin.com/video/7645584172976060836
v8895,https://www.douyin.com/video/7636738008976534758
v8896,https://www.douyin.com/video/7645517336460099305
v8897,https://www.douyin.com/note/7645341140065170297
v8898,https://www.douyin.com/video/7641410331969695666
v8899,https://www.douyin.com/note/7643010506056178387
v8900,https://www.douyin.com/video/7643120678254776054
v8901,https://www.douyin.com/note/7645882882947286516
v8902,https://www.douyin.com/video/7640326603473496945
v8903,https://www.douyin.com/note/7645269190949252297
v8904,https://www.douyin.com/note/7645297019329913771
v8905,https://www.douyin.com/video/7646045470146179215
v8906,https://www.douyin.com/video/7640824687555647665
v8907,https://www.douyin.com/note/7636376344864364379
v8908,https://www.douyin.com/note/7645709041806147462
v8909,https://www.douyin.com/video/7641169756162402226
v8910,https://www.douyin.com/video/7645584640842097659
v8911,https://www.douyin.com/video/7630776227880973810
v8912,https://www.douyin.com/note/7645818468479333294
v8913,https://www.douyin.com/note/7646084869110893049
v8914,https://www.douyin.com/video/7588357568079121700
v8915,https://www.douyin.com/note/7643068207460773806
v8916,https://www.douyin.com/video/7645966831836553393
v8917,https://www.douyin.com/video/7638637476571657978
v8918,https://www.douyin.com/note/7646085514316126822
v8919,https://www.douyin.com/note/7645903399401698673
v8920,https://www.douyin.com/video/7645220660284869942
v8921,https://www.douyin.com/video/7645638739418434870
v8922,https://www.douyin.com/video/7646174228769247331
v8923,https://www.douyin.com/video/7639791176681278783
v8924,https://www.douyin.com/video/7637770846837250276
v8925,https://www.douyin.com/video/7642623611374804916
v8926,https://www.douyin.com/note/7646025837037439882
v8927,https://www.douyin.com/video/7642006363735854379
v8928,https://www.douyin.com/video/7637380860069759857
v8929,https://www.douyin.com/note/7645610995678733492
v8930,https://www.douyin.com/note/7645968950895763365
v8931,https://www.douyin.com/video/7627993878636858662
v8932,https://www.douyin.com/video/7644827555832368426
v8933,https://www.douyin.com/video/7643081772914317809
v8934,https://www.douyin.com/video/7625600618308852657
v8935,https://www.douyin.com/video/7642012125228977427
v8936,https://www.douyin.com/video/7646086019503539173
v8937,https://www.douyin.com/note/7646027074092532645
v8938,https://www.douyin.com/video/7643317278725496306
v8939,https://www.douyin.com/video/7645123378134797610
v8940,https://www.douyin.com/video/7635267816967426738
v8941,https://www.douyin.com/video/7638241400966159497
v8942,https://www.douyin.com/video/7638568512630622794
v8943,https://www.douyin.com/note/7645690295149549166
v8944,https://www.douyin.com/video/7645993495496845403
v8945,https://www.douyin.com/video/7173560313290214686
v8946,https://www.douyin.com/note/7171008630668430623
v8947,https://www.douyin.com/video/7644645414641093894
v8948,https://www.douyin.com/video/7644113375006863291
v8949,https://www.douyin.com/note/7645925295472095729
v8950,https://www.douyin.com/video/7646094260361662649
v8951,https://www.douyin.com/video/7637787781436552691
v8952,https://www.douyin.com/video/7646104837435799025
v8953,https://www.douyin.com/video/7639674496969985321
v8954,https://www.douyin.com/video/7637933718775141235
v8955,https://www.douyin.com/note/7641907261451869898
v8956,https://www.douyin.com/video/7637864372718651001
v8957,https://www.douyin.com/video/7639339567569550198
v8958,https://www.douyin.com/video/7646088400861106146
v8959,https://www.douyin.com/video/7645705320567786798
v8960,https://www.douyin.com/video/7645150353210891941
v8961,https://www.douyin.com/video/7635597166540171493
v8962,https://www.douyin.com/video/7646088511866572084
v8963,https://www.douyin.com/video/7645653528337255721
v8964,https://www.douyin.com/video/7636293837161237802
v8965,https://www.douyin.com/video/7628649222393397986
v8966,https://www.douyin.com/video/7645276587327445681
v8967,https://www.douyin.com/video/7645920838366277476
v8968,https://www.douyin.com/video/7639763361111003761
v8969,https://www.douyin.com/video/7645299359441030454
v8970,https://www.douyin.com/video/7645633586414766259
v8971,https://www.douyin.com/video/7644767510805499761
v8972,https://www.douyin.com/video/7645307010003769974
v8973,https://www.douyin.com/video/7644795527938281637
v8974,https://www.douyin.com/video/7645611276148961649
v8975,https://www.douyin.com/video/7642287663642332425
v8976,https://www.douyin.com/video/7645872466610495397
v8977,https://www.douyin.com/video/7645560422480821753
v8978,https://www.douyin.com/video/7640064993975092211
v8979,https://www.douyin.com/video/7645828115810737253
v8980,https://www.douyin.com/video/7631938755514993946
v8981,https://www.douyin.com/video/7617086059386340773
v8982,https://www.douyin.com/video/7646025461780189553
v8983,https://www.douyin.com/video/7631056164918203048
v8984,https://www.douyin.com/note/7644935733338507761
v8985,https://www.douyin.com/video/7645651774024999525
v8986,https://www.douyin.com/video/7635061130701053402
v8987,https://www.douyin.com/video/7645690130158160378
v8988,https://www.douyin.com/video/7645640804053088633
v8989,https://www.douyin.com/video/7643010271878967781
v8990,https://www.douyin.com/video/7644872770404284581
v8991,https://www.douyin.com/video/7645544543110806630
v8992,https://www.douyin.com/video/7645603890792918137
v8993,https://www.douyin.com/video/7640807696888137130
v8994,https://www.douyin.com/video/7646057060484661858
v8995,https://www.douyin.com/video/7628468682659145064
v8996,https://www.douyin.com/video/7645246265717968137
v8997,https://www.douyin.com/video/7645953943235476642
v8998,https://www.douyin.com/video/7638579542164016390
v8999,https://www.douyin.com/video/7639354945020133371
v9000,https://www.douyin.com/video/7645746448856513222
v9001,https://www.douyin.com/video/7637130209528158346
v9002,https://www.douyin.com/video/7645865314202193186
v9003,https://www.douyin.com/video/7645611138663298979
v9004,https://www.douyin.com/video/7624356040683326056
v9005,https://www.douyin.com/video/7645361980643263354
v9006,https://www.douyin.com/video/7638199820092763749
v9007,https://www.douyin.com/video/7639157509363128955
v9008,https://www.douyin.com/video/7645845720965517541
v9009,https://www.douyin.com/video/7614463127737140729
v9010,https://www.douyin.com/video/7645627365863577593
v9011,https://www.douyin.com/video/7621374121776108666
v9012,https://www.douyin.com/video/7645972284985331177
v9013,https://www.douyin.com/video/7645724893480669861
v9014,https://www.douyin.com/video/7645690763376492102
v9015,https://www.douyin.com/video/7642846183832802553
v9016,https://www.douyin.com/video/7645495466859803577
v9017,https://www.douyin.com/note/7645997225793472106
v9018,https://www.douyin.com/note/7646076766809486821
v9019,https://www.douyin.com/video/7613405247457059961
v9020,https://www.douyin.com/video/7615413108857155557
v9021,https://www.douyin.com/note/7646086774241973105
v9022,https://www.douyin.com/video/7640476834844653769
v9023,https://www.douyin.com/note/7645670981626083237
v9024,https://www.douyin.com/video/7644226467031464933
v9025,https://www.douyin.com/video/7645981527143449531
v9026,https://www.douyin.com/video/7642688114322354042
v9027,https://www.douyin.com/video/7636804478268760143
v9028,https://www.douyin.com/video/7645917772358858868
v9029,https://www.douyin.com/video/7615124580969254053
v9030,https://www.douyin.com/video/7645983856880810169
v9031,https://www.douyin.com/note/7643828415012164979
v9032,https://www.douyin.com/video/7644843782732020709
v9033,https://www.douyin.com/video/7645537127786171702
v9034,https://www.douyin.com/video/7641976254355169978
v9035,https://www.douyin.com/video/7635587866764377969
v9036,https://www.douyin.com/video/7645630005901658545
v9037,https://www.douyin.com/video/7645334914204078242
v9038,https://www.douyin.com/video/7644121659141872250
v9039,https://www.douyin.com/video/7644775702621545137
v9040,https://www.douyin.com/video/7644398035065271935
v9041,https://www.douyin.com/video/7646003153808392628
v9042,https://www.douyin.com/video/7645990423039139749
v9043,https://www.douyin.com/video/7636626300980254313
v9044,https://www.douyin.com/video/7646013387508188267
v9045,https://www.douyin.com/video/7645745407817260283
v9046,https://www.douyin.com/video/7644991242548813480
v9047,https://www.douyin.com/video/7645823110654624463
v9048,https://www.douyin.com/video/7634479823167814282
v9049,https://www.douyin.com/video/7635289950841867263
v9050,https://www.douyin.com/video/7641156773789240809
v9051,https://www.douyin.com/video/7645847632120580474
v9052,https://www.douyin.com/video/7646032093146860840
v9053,https://www.douyin.com/video/7635628539940906899
v9054,https://www.douyin.com/video/7645995192613213311
v9055,https://www.douyin.com/video/7631408325938828986
v9056,https://www.douyin.com/video/7636059285156270746
v9057,https://www.douyin.com/video/7639262377972546752
v9058,https://www.douyin.com/video/7644086168506877370
v9059,https://www.douyin.com/video/7645914031266984612
v9060,https://www.douyin.com/video/7634506148045338752
v9061,https://www.douyin.com/video/7643781950394120110
v9062,https://www.douyin.com/video/7640647308652911522
v9063,https://www.douyin.com/video/7622193450435684718
v9064,https://www.douyin.com/video/7637433433635128744
v9065,https://www.douyin.com/video/7642172527238064305
v9066,https://www.douyin.com/video/7644637052269097201
v9067,https://www.douyin.com/video/7643592660146543284
v9068,https://www.douyin.com/video/7645146941885806310
v9069,https://www.douyin.com/video/7645644330904937670
v9070,https://www.douyin.com/video/7644511193528857482
v9071,https://www.douyin.com/video/7646069308384129754
v9072,https://www.douyin.com/video/7645974610190867535
v9073,https://www.douyin.com/video/7645599857268915304
v9074,https://www.douyin.com/video/7645967524353752497
v9075,https://www.douyin.com/video/7646041253655081893
v9076,https://www.douyin.com/video/7646031518963829861
v9077,https://www.douyin.com/video/7645949523717839595
v9078,https://www.douyin.com/video/7644921934027937129
v9079,https://www.douyin.com/video/7646043198758488945
v9080,https://www.douyin.com/video/7646003051018374440
v9081,https://www.douyin.com/video/7646087144147564667
v9082,https://www.douyin.com/video/7640083965030737765
v9083,https://www.douyin.com/video/7645965886990722673
v9084,https://www.douyin.com/video/7644536735120117146
v9085,https://www.douyin.com/video/7646086734703354466
v9086,https://www.douyin.com/video/7645495950303872699
v9087,https://www.douyin.com/video/7645684043732040177
v9088,https://www.douyin.com/video/7646082627225680570
v9089,https://www.douyin.com/video/7645990185271884864
v9090,https://www.douyin.com/video/7646043879188316330
v9091,https://www.douyin.com/video/7644519917019003490
v9092,https://www.douyin.com/video/7645995512172610930
v9093,https://www.douyin.com/video/7639911578175667129
v9094,https://www.douyin.com/note/7645216556225531163
v9095,https://www.douyin.com/video/7646014522566601849
v9096,https://www.douyin.com/video/7645689503353683377
v9097,https://www.douyin.com/video/7645678783697968051
v9098,https://www.douyin.com/video/7645902182923388602
v9099,https://www.douyin.com/video/7644922381793889577
v9100,https://www.douyin.com/video/7642869265851358394
v9101,https://www.douyin.com/video/7645973397122590129
v9102,https://www.douyin.com/video/7646054989081182395
v9103,https://www.douyin.com/video/7619670713297018353
v9104,https://www.douyin.com/note/7645147915098666993
v9105,https://www.douyin.com/video/7646005552849456419
v9106,https://www.douyin.com/video/7645877048800339027
v9107,https://www.douyin.com/video/7645972858765801210
v9108,https://www.douyin.com/video/7644466874805354225
v9109,https://www.douyin.com/video/7645951744513850484
v9110,https://www.douyin.com/video/7645707467134125492
v9111,https://www.douyin.com/video/7637251164987927222
v9112,https://www.douyin.com/video/7645763914987689715
v9113,https://www.douyin.com/video/7645947604078452987
v9114,https://www.douyin.com/video/7645966653943211483
v9115,https://www.douyin.com/video/7644060629992523769
v9116,https://www.douyin.com/video/7645930170612329891
v9117,https://www.douyin.com/video/7642265988335393701
v9118,https://www.douyin.com/video/7645713949925736265
v9119,https://www.douyin.com/video/7645848524046868294
v9120,https://www.douyin.com/video/7645667175260766144
v9121,https://www.douyin.com/video/7636922680226402737
v9122,https://www.douyin.com/video/7645271447011141071
v9123,https://www.douyin.com/video/7645538899565043418
v9124,https://www.douyin.com/video/7641154989398959231
v9125,https://www.douyin.com/video/7637173653037530472
v9126,https://www.douyin.com/video/7644537715731713187
v9127,https://www.douyin.com/video/7640274276369550001
v9128,https://www.douyin.com/video/7645702848974765561
v9129,https://www.douyin.com/video/7645884677391142159
v9130,https://www.douyin.com/video/7645254859474232817
v9131,https://www.douyin.com/video/7645338260295048613
v9132,https://www.douyin.com/video/7645294737860042387
v9133,https://www.douyin.com/video/7642705338336120100
v9134,https://www.douyin.com/video/7640815309448470427
v9135,https://www.douyin.com/video/7627827311757729427
v9136,https://www.douyin.com/video/7645718621444904602
v9137,https://www.douyin.com/note/7646093726805061082
v9138,https://www.douyin.com/video/7637841188784346475
v9139,https://www.douyin.com/video/7645406537095187764
v9140,https://www.douyin.com/video/7645741452270082026
v9141,https://www.douyin.com/video/7645667875911839049
v9142,https://www.douyin.com/video/7646057763193359659
v9143,https://www.douyin.com/video/7645926777923523426
v9144,https://www.douyin.com/video/7645683115511270702
v9145,https://www.douyin.com/video/7645909096686376293
v9146,https://www.douyin.com/video/7644123652028187337
v9147,https://www.douyin.com/video/7636487926666846907
v9148,https://www.douyin.com/video/7636371198422846939
v9149,https://www.douyin.com/video/7646036138368767978
v9150,https://www.douyin.com/video/7617367191994438079
v9151,https://www.douyin.com/note/7645593406148702547
v9152,https://www.douyin.com/video/7628442476094141553
v9153,https://www.douyin.com/note/7646067217288684145
v9154,https://www.douyin.com/video/7616328586466819171
v9155,https://www.douyin.com/video/7645921763655044800
v9156,https://www.douyin.com/video/7634140669010791699
v9157,https://www.douyin.com/video/7645315699867724923
v9158,https://www.douyin.com/video/7645989986144315057
v9159,https://www.douyin.com/video/7645957595697763502
v9160,https://www.douyin.com/video/7645498977434188386
v9161,https://www.douyin.com/video/7644651114600912891
v9162,https://www.douyin.com/video/7643668219698327985
v9163,https://www.douyin.com/video/7646011014324493928
v9164,https://www.douyin.com/video/7645566573281101477
v9165,https://www.douyin.com/video/7645259298087663078
v9166,https://www.douyin.com/video/7645951029418864808
v9167,https://www.douyin.com/video/7645276563328037038
v9168,https://www.douyin.com/video/7645986556825812169
v9169,https://www.douyin.com/video/7645609905273930403
v9170,https://www.douyin.com/video/7642626649948054501
v9171,https://www.douyin.com/video/7646010243276939170
v9172,https://www.douyin.com/video/7645968809652380742
v9173,https://www.douyin.com/video/7646057175558900617
v9174,https://www.douyin.com/video/7645898298612208041
v9175,https://www.douyin.com/video/7643142613843795122
v9176,https://www.douyin.com/video/7626363013884791537
v9177,https://www.douyin.com/video/7644145660375251610
v9178,https://www.douyin.com/video/7645404122296735305
v9179,https://www.douyin.com/video/7645985447751242235
v9180,https://www.douyin.com/video/7637761002940278385
v9181,https://www.douyin.com/video/7637335537142393023
v9182,https://www.douyin.com/video/7646001362228329978
v9183,https://www.douyin.com/video/7635158389773801318
v9184,https://www.douyin.com/video/7623028028277505734
v9185,https://www.douyin.com/video/7645745296291681787
v9186,https://www.douyin.com/video/7645922287090713782
v9187,https://www.douyin.com/video/7645699495518593930
v9188,https://www.douyin.com/video/7643417309122378472
v9189,https://www.douyin.com/video/7646028563149711545
v9190,https://www.douyin.com/video/7638769738616715633
v9191,https://www.douyin.com/video/7644708356159208666
v9192,https://www.douyin.com/video/7645294450034172998
v9193,https://www.douyin.com/video/7646019014867579514
v9194,https://www.douyin.com/video/7646040041684507621
v9195,https://www.douyin.com/video/7645671465291916986
v9196,https://www.douyin.com/video/7645739614032382649
v9197,https://www.douyin.com/video/7644814626589244581
v9198,https://www.douyin.com/video/7642295058150691173
v9199,https://www.douyin.com/video/7643749427685812358
v9200,https://www.douyin.com/video/7646032830318045686
v9201,https://www.douyin.com/video/7638293011629491874
v9202,https://www.douyin.com/video/7645274339680464057
v9203,https://www.douyin.com/video/7643450103051332297
v9204,https://www.douyin.com/video/7637102656665960933
v9205,https://www.douyin.com/video/7639623867807386943
v9206,https://www.douyin.com/video/7641935065269767462
v9207,https://www.douyin.com/note/7646078190025061105
v9208,https://www.douyin.com/video/7645859077004364730
v9209,https://www.douyin.com/video/7646060591480121472
v9210,https://www.douyin.com/video/7645020861451434118
v9211,https://www.douyin.com/video/7643853076104943717
v9212,https://www.douyin.com/video/7646091586044667254
v9213,https://www.douyin.com/video/7645651634647235194
v9214,https://www.douyin.com/video/7645955555193851178
v9215,https://www.douyin.com/video/7645671687661517934
v9216,https://www.douyin.com/note/7646051522912631906
v9217,https://www.douyin.com/video/7644504459632512755
v9218,https://www.douyin.com/video/7644100229906068154
v9219,https://www.douyin.com/video/7645950608445511097
v9220,https://www.douyin.com/video/7645704760423460281
v9221,https://www.douyin.com/video/7642327209076735609
v9222,https://www.douyin.com/video/7644587986269582819
v9223,https://www.douyin.com/video/7645999570069034427
v9224,https://www.douyin.com/video/7639056304276061285
v9225,https://www.douyin.com/video/7642009759952754538
v9226,https://www.douyin.com/video/7639370842468382821
v9227,https://www.douyin.com/video/7645613466383928614
v9228,https://www.douyin.com/video/7645951842425702651
v9229,https://www.douyin.com/video/7614723171049537265
v9230,https://www.douyin.com/video/7644962928466169138
v9231,https://www.douyin.com/video/7645504473939669989
v9232,https://www.douyin.com/video/7643357758792124005
v9233,https://www.douyin.com/video/7645296959855283638
v9234,https://www.douyin.com/video/7645703893084002213
v9235,https://www.douyin.com/video/7646054327337720969
v9236,https://www.douyin.com/video/7645243845669085553
v9237,https://www.douyin.com/video/7644931126485623473
v9238,https://www.douyin.com/video/7642349533226040817
v9239,https://www.douyin.com/video/7645895239128119942
v9240,https://www.douyin.com/video/7645337944132424659
v9241,https://www.douyin.com/video/7641928363275687643
v9242,https://www.douyin.com/video/7645513897000176906
v9243,https://www.douyin.com/video/7644621520153322149
v9244,https://www.douyin.com/video/7645903329579311802
v9245,https://www.douyin.com/video/7645802752819754993
v9246,https://www.douyin.com/video/7646011208570604827
v9247,https://www.douyin.com/video/7645290137082317489
v9248,https://www.douyin.com/video/7646038763643055782
v9249,https://www.douyin.com/video/7645992030548774001
v9250,https://www.douyin.com/video/7644783352179951974
v9251,https://www.douyin.com/video/7645637878265141065
v9252,https://www.douyin.com/video/7636721081205899749
v9253,https://www.douyin.com/video/7643844332705058042
v9254,https://www.douyin.com/video/7641826559872408955
v9255,https://www.douyin.com/video/7645076761332524132
v9256,https://www.douyin.com/video/7635578992507283109
v9257,https://www.douyin.com/note/7644695669035496420
v9258,https://www.douyin.com/video/7641777657437057721
v9259,https://www.douyin.com/video/7645842668539034195
v9260,https://www.douyin.com/video/7646086347867333858
v9261,https://www.douyin.com/video/7645770901636624838
v9262,https://www.douyin.com/video/7645991448810569850
v9263,https://www.douyin.com/video/7645677505055845818
v9264,https://www.douyin.com/video/7645690746867280758
v9265,https://www.douyin.com/video/7645971621379085435
v9266,https://www.douyin.com/video/7644685436920630571
v9267,https://www.douyin.com/video/7646070558337337226
v9268,https://www.douyin.com/video/7646402452221515249
v9269,https://www.douyin.com/video/7644884447896851283
v9270,https://www.douyin.com/note/7645909171301402489
v9271,https://www.douyin.com/note/7646413087004410467
v9272,https://www.douyin.com/video/7645318564404227321
v9273,https://www.douyin.com/video/7625215868833713408
v9274,https://www.douyin.com/video/7096428192533056805
v9275,https://www.douyin.com/note/7646221180886696610
v9276,https://www.douyin.com/video/7644416542414857954
v9277,https://www.douyin.com/video/7621898984335951231
v9278,https://www.douyin.com/video/7646132502264428147
v9279,https://www.douyin.com/video/7620788627915803913
v9280,https://www.douyin.com/video/7645157971924671119
v9281,https://www.douyin.com/video/7646274916472886179
v9282,https://www.douyin.com/note/7646115574943328884
v9283,https://www.douyin.com/video/7646312824951850420
v9284,https://www.douyin.com/video/7646363750534754996
v9285,https://www.douyin.com/video/7643809339026820387
v9286,https://www.douyin.com/video/7645900064787051173
v9287,https://www.douyin.com/note/7646023799829436850
v9288,https://www.douyin.com/note/7628431612640062961
v9289,https://www.douyin.com/video/7645741696848226195
v9290,https://www.douyin.com/video/7646320207590621267
v9291,https://www.douyin.com/video/7645980531473042694
v9292,https://www.douyin.com/note/7638955387072495615
v9293,https://www.douyin.com/video/7646200492233877989
v9294,https://www.douyin.com/video/7644124276882181402
v9295,https://www.douyin.com/video/7646263560544292136
v9296,https://www.douyin.com/video/7644933160183557809
v9297,https://www.douyin.com/video/7644509806824429258
v9298,https://www.douyin.com/note/7646420245766297673
v9299,https://www.douyin.com/note/7646442063285822821
v9300,https://www.douyin.com/note/7646428393030820008
v9301,https://www.douyin.com/video/7645635643028446159
v9302,https://www.douyin.com/video/7645899816153917794
v9303,https://www.douyin.com/note/7646038421363283839
v9304,https://www.douyin.com/video/7548815774790602025
v9305,https://www.douyin.com/video/7645192967891949489
v9306,https://www.douyin.com/video/7643288143710540879
v9307,https://www.douyin.com/note/7646321038020620197
v9308,https://www.douyin.com/note/7645958415604877556
v9309,https://www.douyin.com/video/7646263443795889444
v9310,https://www.douyin.com/video/7646210329425074932
v9311,https://www.douyin.com/video/7629287884344184102
v9312,https://www.douyin.com/video/7645946400912574843
v9313,https://www.douyin.com/video/7646341921555615027
v9314,https://www.douyin.com/video/7646270815025262953
v9315,https://www.douyin.com/video/7612312192477596947
v9316,https://www.douyin.com/video/7407385963233594662
v9317,https://www.douyin.com/video/7413017332622085415
v9318,https://www.douyin.com/video/7577969817669365626
v9319,https://www.douyin.com/video/7173605658544196902
v9320,https://www.douyin.com/video/7520646075636600124
v9321,https://www.douyin.com/video/7260808148724845864
v9322,https://www.douyin.com/video/7646077591081815348
v9323,https://www.douyin.com/video/7633452299251092772
v9324,https://www.douyin.com/video/7645455674428903929
v9325,https://www.douyin.com/video/7645488437423869211
v9326,https://www.douyin.com/video/7646077914307853466
v9327,https://www.douyin.com/video/7646277389635576052
v9328,https://www.douyin.com/video/7642955243520675099
v9329,https://www.douyin.com/note/7646327144079177585
v9330,https://www.douyin.com/video/7646227623442356367
v9331,https://www.douyin.com/video/7643105529233034550
v9332,https://www.douyin.com/note/7639200862828629290
v9333,https://www.douyin.com/video/7587356653582880036
v9334,https://www.douyin.com/note/7646087084445648229
v9335,https://www.douyin.com/video/7646246859586322021
v9336,https://www.douyin.com/note/7645867299199158258
v9337,https://www.douyin.com/video/7646268464646543050
v9338,https://www.douyin.com/video/7646091606601186740
v9339,https://www.douyin.com/note/7644967304748453174
v9340,https://www.douyin.com/note/7645260572858240098
v9341,https://www.douyin.com/video/7646390268145689215
v9342,https://www.douyin.com/video/7494655281302424889
v9343,https://www.douyin.com/video/7645265756855786981
v9344,https://www.douyin.com/video/7645956753415764145
v9345,https://www.douyin.com/video/7170680934621089037
v9346,https://www.douyin.com/video/7618641757487533352
v9347,https://www.douyin.com/note/7638162876734249445
v9348,https://www.douyin.com/video/7621737735443931571
v9349,https://www.douyin.com/video/7184387613061614909
v9350,https://www.douyin.com/video/7517158017826032959
v9351,https://www.douyin.com/video/7643406989029203429
v9352,https://www.douyin.com/note/7641550813753041856
v9353,https://www.douyin.com/video/7621759692049534260
v9354,https://www.douyin.com/note/7641422403592020581
v9355,https://www.douyin.com/video/7646301636532503473
v9356,https://www.douyin.com/video/7646342701701848933
v9357,https://www.douyin.com/video/7646264025692699557
v9358,https://www.douyin.com/note/7641571451807699579
v9359,https://www.douyin.com/note/7646202450638350074
v9360,https://www.douyin.com/video/7646274716252472241
v9361,https://www.douyin.com/video/7646280034776386866
v9362,https://www.douyin.com/note/7634123813730745802
v9363,https://www.douyin.com/note/7636724483185485806
v9364,https://www.douyin.com/note/7630429617925895537
v9365,https://www.douyin.com/video/7631521412147150769
v9366,https://www.douyin.com/note/7628924969905137098
v9367,https://www.douyin.com/note/7627439063984933862
v9368,https://www.douyin.com/note/7623001750102547705
v9369,https://www.douyin.com/note/7620029853145203594
v9370,https://www.douyin.com/note/7612595970102352369
v9371,https://www.douyin.com/note/7615193708535779502
v9372,https://www.douyin.com/video/7645993599771128393
v9373,https://www.douyin.com/note/7527597238147829011
v9374,https://www.douyin.com/note/7522571355767885110
v9375,https://www.douyin.com/note/7625307922659360399
v9376,https://www.douyin.com/note/7631109679817382592
v9377,https://www.douyin.com/note/7636355408861705935
v9378,https://www.douyin.com/video/7086724780921064712
v9379,https://www.douyin.com/video/7645962511565222315
v9380,https://www.douyin.com/note/7645925402003172852
v9381,https://www.douyin.com/video/7645990528958608372
v9382,https://www.douyin.com/video/7646370058764612230
v9383,https://www.douyin.com/note/7646287970986911217
v9384,https://www.douyin.com/video/7646346711153663857
v9385,https://www.douyin.com/video/7635151507666564982
v9386,https://www.douyin.com/note/7646036320103853227
v9387,https://www.douyin.com/video/7604027438482746361
v9388,https://www.douyin.com/note/7646287442626392561
v9389,https://www.douyin.com/note/7644923036500888896
v9390,https://www.douyin.com/note/7645577070105398538
v9391,https://www.douyin.com/video/7646230416315677806
v9392,https://www.douyin.com/video/7617184281290444068
v9393,https://www.douyin.com/video/7645674939399808613
v9394,https://www.douyin.com/video/7639792146718936363
v9395,https://www.douyin.com/video/7645629944214621503
v9396,https://www.douyin.com/note/7646273202502987250
v9397,https://www.douyin.com/note/7644372795435263817
v9398,https://www.douyin.com/video/7627180001674267910
v9399,https://www.douyin.com/video/7645657974602720689
v9400,https://www.douyin.com/video/7646104635803830651
v9401,https://www.douyin.com/note/7645881794809738981
v9402,https://www.douyin.com/video/7643449954580943593
v9403,https://www.douyin.com/video/7645325286221444581
v9404,https://www.douyin.com/video/7646101999742072564
v9405,https://www.douyin.com/video/7645977772343863284
v9406,https://www.douyin.com/video/7645861084961003435
v9407,https://www.douyin.com/video/7646051555510501702
v9408,https://www.douyin.com/video/7644950251812450025
v9409,https://www.douyin.com/video/7645656092847934726
v9410,https://www.douyin.com/video/7646024835265537958
v9411,https://www.douyin.com/video/7646246074893990821
v9412,https://www.douyin.com/note/7646328124369063161
v9413,https://www.douyin.com/video/7646323322229800595
v9414,https://www.douyin.com/video/7625622642173127525
v9415,https://www.douyin.com/video/7645331131969212581
v9416,https://www.douyin.com/note/7646334826900395328
v9417,https://www.douyin.com/video/7646274150772614577
v9418,https://www.douyin.com/video/7637467083021815080
v9419,https://www.douyin.com/video/7638542980987904378
v9420,https://www.douyin.com/video/7646030195069486452
v9421,https://www.douyin.com/video/7639307568980283236
v9422,https://www.douyin.com/video/7646346086352817417
v9423,https://www.douyin.com/video/7644804758947019686
v9424,https://www.douyin.com/video/7643433351869096625
v9425,https://www.douyin.com/video/7640047402930536613
v9426,https://www.douyin.com/video/7617312344372251913
v9427,https://www.douyin.com/video/7645338722866859259
v9428,https://www.douyin.com/video/7646261653919960233
v9429,https://www.douyin.com/video/7641590693076454708
v9430,https://www.douyin.com/video/7644535684870675082
v9431,https://www.douyin.com/video/7645862101994491188
v9432,https://www.douyin.com/video/7645668015749315283
v9433,https://www.douyin.com/video/7635273284619144483
v9434,https://www.douyin.com/video/7645928716060708130
v9435,https://www.douyin.com/video/7645304853976070394
v9436,https://www.douyin.com/video/7645601034824732645
v9437,https://www.douyin.com/video/7626489246714498304
v9438,https://www.douyin.com/video/7639262356849270971
v9439,https://www.douyin.com/video/7646317133772722361
v9440,https://www.douyin.com/video/7644050681612344019
v9441,https://www.douyin.com/video/7644170213651342026
v9442,https://www.douyin.com/video/7643430033591392714
v9443,https://www.douyin.com/video/7646217970499736411
v9444,https://www.douyin.com/video/7644499807453260025
v9445,https://www.douyin.com/video/7643099278709198080
v9446,https://www.douyin.com/video/7620296568097133938
v9447,https://www.douyin.com/video/7644208667662798123
v9448,https://www.douyin.com/video/7645678491447803123
v9449,https://www.douyin.com/video/7645275723477219057
v9450,https://www.douyin.com/video/7645284245442668644
v9451,https://www.douyin.com/video/7646293601751679158
v9452,https://www.douyin.com/video/7646205949530920953
v9453,https://www.douyin.com/video/7644982440502657977
v9454,https://www.douyin.com/video/7645643653084128889
v9455,https://www.douyin.com/note/7646329525139442022
v9456,https://www.douyin.com/video/7646221817498584666
v9457,https://www.douyin.com/video/7646043579949270001
v9458,https://www.douyin.com/video/7645753353674313006
v9459,https://www.douyin.com/video/7645941096178270971
v9460,https://www.douyin.com/video/7645680162378874289
v9461,https://www.douyin.com/video/7646217199569696177
v9462,https://www.douyin.com/video/7646270370735659249
v9463,https://www.douyin.com/video/7646269776087796081
v9464,https://www.douyin.com/video/7646238271517908322
v9465,https://www.douyin.com/video/7646013300446708195
v9466,https://www.douyin.com/video/7645814711007029669
v9467,https://www.douyin.com/video/7645964614140504942
v9468,https://www.douyin.com/video/7642661349142926266
v9469,https://www.douyin.com/video/7642954445299176283
v9470,https://www.douyin.com/video/7645932617754024677
v9471,https://www.douyin.com/video/7640036390814755438
v9472,https://www.douyin.com/video/7646057327272371444
v9473,https://www.douyin.com/video/7641083033730239778
v9474,https://www.douyin.com/video/7645315212883171323
v9475,https://www.douyin.com/video/7646326540242616234
v9476,https://www.douyin.com/video/7646318206236249699
v9477,https://www.douyin.com/video/7646014332334251630
v9478,https://www.douyin.com/video/7636023969472257190
v9479,https://www.douyin.com/video/7645684599707684146
v9480,https://www.douyin.com/video/7630019817887011560
v9481,https://www.douyin.com/video/7635443942183573411
v9482,https://www.douyin.com/video/7645993062317579689
v9483,https://www.douyin.com/video/7639665204556623291
v9484,https://www.douyin.com/video/7645621852698593713
v9485,https://www.douyin.com/video/7626405310882505701
v9486,https://www.douyin.com/video/7646081441881187206
v9487,https://www.douyin.com/video/7645975296534420712
v9488,https://www.douyin.com/video/7644983902588173055
v9489,https://www.douyin.com/video/7646022299812041030
v9490,https://www.douyin.com/video/7646271155032554697
v9491,https://www.douyin.com/video/7646227219811344099
v9492,https://www.douyin.com/video/7635474911175635318
v9493,https://www.douyin.com/video/7646080799774820840
v9494,https://www.douyin.com/video/7644489116473703802
v9495,https://www.douyin.com/video/7644794365789671827
v9496,https://www.douyin.com/video/7619465577866630907
v9497,https://www.douyin.com/video/7624129693428714725
v9498,https://www.douyin.com/video/7641578054423646031
v9499,https://www.douyin.com/video/7646304036329423734
v9500,https://www.douyin.com/video/7646263309583792040
v9501,https://www.douyin.com/video/7646268600475336859
v9502,https://www.douyin.com/video/7640584304477700219
v9503,https://www.douyin.com/video/7646272819034131758
v9504,https://www.douyin.com/video/7644893172203850139
v9505,https://www.douyin.com/video/7646075767876658619
v9506,https://www.douyin.com/video/7616656203972059638
v9507,https://www.douyin.com/video/7642254324659178798
v9508,https://www.douyin.com/video/7616957548197824699
v9509,https://www.douyin.com/video/7644247819616729265
v9510,https://www.douyin.com/video/7644389443566960211
v9511,https://www.douyin.com/video/7637789947681017849
v9512,https://www.douyin.com/video/7646225798693771877
v9513,https://www.douyin.com/video/7637915170253180175
v9514,https://www.douyin.com/video/7621145496110975315
v9515,https://www.douyin.com/video/7637065348743090278
v9516,https://www.douyin.com/video/7634468821532703898
v9517,https://www.douyin.com/video/7645125661200376756
v9518,https://www.douyin.com/video/7645909626005258728
v9519,https://www.douyin.com/video/7635681369390491493
v9520,https://www.douyin.com/video/7645503178888236328
v9521,https://www.douyin.com/video/7646039109932248058
v9522,https://www.douyin.com/video/7646088520578688947
v9523,https://www.douyin.com/video/7643445632338548202
v9524,https://www.douyin.com/video/7645863797769468645
v9525,https://www.douyin.com/video/7643415063525716142
v9526,https://www.douyin.com/video/7645174560946551153
v9527,https://www.douyin.com/note/7642767080891356095
v9528,https://www.douyin.com/video/7645943105309459313
v9529,https://www.douyin.com/video/7636723015602031899
v9530,https://www.douyin.com/video/7645991657347876800
v9531,https://www.douyin.com/video/7645943102309420331
v9532,https://www.douyin.com/video/7643074305686213348
v9533,https://www.douyin.com/video/7645612264360151259
v9534,https://www.douyin.com/video/7639282328430218505
v9535,https://www.douyin.com/video/7644885514638893669
v9536,https://www.douyin.com/video/7646146233886674202
v9537,https://www.douyin.com/video/7646005223794284788
v9538,https://www.douyin.com/video/7645860297047845967
v9539,https://www.douyin.com/video/7643448816238741672
v9540,https://www.douyin.com/video/7641069580983289786
v9541,https://www.douyin.com/video/7646133289904152714
v9542,https://www.douyin.com/video/7616645272432659738
v9543,https://www.douyin.com/video/7639969158277127030
v9544,https://www.douyin.com/video/7646097968014170458
v9545,https://www.douyin.com/video/7646066701549475566
v9546,https://www.douyin.com/video/7645174603648082019
v9547,https://www.douyin.com/video/7645805610545515782
v9548,https://www.douyin.com/video/7645120119564504229
v9549,https://www.douyin.com/video/7642298683576806650
v9550,https://www.douyin.com/video/7645545399789348261
v9551,https://www.douyin.com/video/7645344693874580209
v9552,https://www.douyin.com/video/7644181387553920441
v9553,https://www.douyin.com/video/7637707559890340682
v9554,https://www.douyin.com/video/7643427203137798513
v9555,https://www.douyin.com/video/7645619651787283898
v9556,https://www.douyin.com/video/7645976751083949318
v9557,https://www.douyin.com/video/7645643056771772281
v9558,https://www.douyin.com/video/7644549551055168435
v9559,https://www.douyin.com/video/7645639084773791699
v9560,https://www.douyin.com/video/7645978556778290610
v9561,https://www.douyin.com/video/7645311972880495579
v9562,https://www.douyin.com/video/7645869974187666857
v9563,https://www.douyin.com/video/7636369106342517243
v9564,https://www.douyin.com/video/7645653624860773659
v9565,https://www.douyin.com/video/7645874661717669221
v9566,https://www.douyin.com/video/7646108805448731950
v9567,https://www.douyin.com/video/7644183349964572660
v9568,https://www.douyin.com/video/7645954651599272313
v9569,https://www.douyin.com/video/7617059442399448339
v9570,https://www.douyin.com/video/7635953283047720954
v9571,https://www.douyin.com/video/7645687875203239195
v9572,https://www.douyin.com/video/7645538402926038452
v9573,https://www.douyin.com/video/7645214477125831982
v9574,https://www.douyin.com/video/7644903385330026918
v9575,https://www.douyin.com/video/7645250926810965669
v9576,https://www.douyin.com/video/7645861617326121393
v9577,https://www.douyin.com/video/7642567224414902629
v9578,https://www.douyin.com/video/7639009485596223931
v9579,https://www.douyin.com/video/7645127403416737771
v9580,https://www.douyin.com/video/7645994932435454053
v9581,https://www.douyin.com/video/7644544534680489393
v9582,https://www.douyin.com/video/7645900864426708584
v9583,https://www.douyin.com/video/7645911476535823656
v9584,https://www.douyin.com/video/7643378025412824335
v9585,https://www.douyin.com/video/7643629741451463907
v9586,https://www.douyin.com/video/7642902645081967887
v9587,https://www.douyin.com/video/7644839810029746277
v9588,https://www.douyin.com/video/7645886734778342259
v9589,https://www.douyin.com/video/7645998119175474470
v9590,https://www.douyin.com/video/7646242051168971173
v9591,https://www.douyin.com/video/7617785561697674383
v9592,https://www.douyin.com/video/7639979129755946255
v9593,https://www.douyin.com/video/7645614311666426489
v9594,https://www.douyin.com/video/7634083697574120758
v9595,https://www.douyin.com/video/7646214079652625523
v9596,https://www.douyin.com/video/7637448429262427590
v9597,https://www.douyin.com/video/7643658843851080043
v9598,https://www.douyin.com/video/7645623331127906725
v9599,https://www.douyin.com/video/7646175669706221425
v9600,https://www.douyin.com/video/7645479477519353978
v9601,https://www.douyin.com/video/7635293519062420921
v9602,https://www.douyin.com/video/7639966921224468345
v9603,https://www.douyin.com/video/7636284844301894326
v9604,https://www.douyin.com/video/7645520789915094307
v9605,https://www.douyin.com/video/7645885414138326015
v9606,https://www.douyin.com/video/7646051776168786405
v9607,https://www.douyin.com/video/7620839578567602874
v9608,https://www.douyin.com/video/7627005991050315941
v9609,https://www.douyin.com/video/7646237854129810298
v9610,https://www.douyin.com/video/7642919677501825913
v9611,https://www.douyin.com/video/7639806654964462265
v9612,https://www.douyin.com/video/7645934328488982194
v9613,https://www.douyin.com/video/7646045791799727846
v9614,https://www.douyin.com/video/7640468832398231546
v9615,https://www.douyin.com/video/7635133949446514427
v9616,https://www.douyin.com/video/7645748728560733475
v9617,https://www.douyin.com/video/7644473179255886585
v9618,https://www.douyin.com/video/7644077509084056882
v9619,https://www.douyin.com/video/7645322943119117614
v9620,https://www.douyin.com/video/7624369170197551083
v9621,https://www.douyin.com/video/7632140207483312040
v9622,https://www.douyin.com/video/7645648235990612901
v9623,https://www.douyin.com/video/7642667323366684275
v9624,https://www.douyin.com/video/7645211682012138815
v9625,https://www.douyin.com/video/7629692037100473663
v9626,https://www.douyin.com/video/7635607056561278628
v9627,https://www.douyin.com/video/7646249162632350885
v9628,https://www.douyin.com/video/7645952883947572146
v9629,https://www.douyin.com/video/7645853950390188963
v9630,https://www.douyin.com/video/7645998110444123066
v9631,https://www.douyin.com/video/7646078372640135409
v9632,https://www.douyin.com/video/7617887261216083240
v9633,https://www.douyin.com/video/7645680502859546981
v9634,https://www.douyin.com/video/7646010297271296741
v9635,https://www.douyin.com/video/7644854976652627246
v9636,https://www.douyin.com/video/7645901343132353627
v9637,https://www.douyin.com/video/7640786736176895921
v9638,https://www.douyin.com/video/7645252553059460450
v9639,https://www.douyin.com/video/7645974619714850058
v9640,https://www.douyin.com/video/7642925231376865765
v9641,https://www.douyin.com/video/7644296786597986478
v9642,https://www.douyin.com/video/7645140430534781369
v9643,https://www.douyin.com/video/7645184989752248059
v9644,https://www.douyin.com/video/7622987059326867298
v9645,https://www.douyin.com/video/7639747790777039514
v9646,https://www.douyin.com/video/7646061656581450660
v9647,https://www.douyin.com/video/7645296477204535488
v9648,https://www.douyin.com/video/7645311583917242213
v9649,https://www.douyin.com/video/7645514783537581318
v9650,https://www.douyin.com/video/7643292489383068325
v9651,https://www.douyin.com/video/7645924565587201286
v9652,https://www.douyin.com/video/7613342386321089521
v9653,https://www.douyin.com/video/7627084779767129510
v9654,https://www.douyin.com/video/7643778964767783909
v9655,https://www.douyin.com/video/7646243177100358834
v9656,https://www.douyin.com/video/7645881704124890213
v9657,https://www.douyin.com/video/7644433452200168128
v9658,https://www.douyin.com/video/7644969868404901626
v9659,https://www.douyin.com/video/7646046633398254457
v9660,https://www.douyin.com/video/7632646041796263397
v9661,https://www.douyin.com/video/7645520804037912783
v9662,https://www.douyin.com/video/7644063482283494266
v9663,https://www.douyin.com/video/7645485617274819057
v9664,https://www.douyin.com/video/7640745296037771377
v9665,https://www.douyin.com/video/7641364120742505856
v9666,https://www.douyin.com/video/7637442220072635657
v9667,https://www.douyin.com/video/7629550572403690778
v9668,https://www.douyin.com/video/7639374486778130811
v9669,https://www.douyin.com/video/7645891661881734075
v9670,https://www.douyin.com/video/7635985179747635641
v9671,https://www.douyin.com/video/7646307898137811173
v9672,https://www.douyin.com/video/7646016109145795761
v9673,https://www.douyin.com/video/7620428951056087409
v9674,https://www.douyin.com/video/7646280304483759461
v9675,https://www.douyin.com/video/7645980339399167284
v9676,https://www.douyin.com/video/7646191659991375306
v9677,https://www.douyin.com/video/7645612719227374898
v9678,https://www.douyin.com/note/7646290032202253041
v9679,https://www.douyin.com/video/7637839526841794811
v9680,https://www.douyin.com/video/7646338467781266751
v9681,https://www.douyin.com/video/7622289872968484794
v9682,https://www.douyin.com/video/7645808966514053346
v9683,https://www.douyin.com/video/7646097083263137253
v9684,https://www.douyin.com/video/7644201845720079345
v9685,https://www.douyin.com/video/7645938243816750577
v9686,https://www.douyin.com/video/7645912690665776538
v9687,https://www.douyin.com/video/7645589818919625379
v9688,https://www.douyin.com/video/7644779956271549945
v9689,https://www.douyin.com/video/7643781300758842659
v9690,https://www.douyin.com/video/7640792741866256115
v9691,https://www.douyin.com/video/7646265629598567743
v9692,https://www.douyin.com/video/7645984581476521414
v9693,https://www.douyin.com/video/7615000176592583016
v9694,https://www.douyin.com/video/7645988048336850211
v9695,https://www.douyin.com/video/7643633630715875250
v9696,https://www.douyin.com/video/7645655704111566095
v9697,https://www.douyin.com/video/7645684636127630962
v9698,https://www.douyin.com/video/7634125680938261210
v9699,https://www.douyin.com/video/7646043077682424291
v9700,https://www.douyin.com/video/7646209845520540239
v9701,https://www.douyin.com/video/7640453623969368686
v9702,https://www.douyin.com/video/7645867110731821157
v9703,https://www.douyin.com/video/7646256175251524900
v9704,https://www.douyin.com/video/7646065135610175611
v9705,https://www.douyin.com/video/7639979965442146899
v9706,https://www.douyin.com/video/7643996601112180730
v9707,https://www.douyin.com/video/7642342286039072628
v9708,https://www.douyin.com/video/7617074691341706158
v9709,https://www.douyin.com/video/7636236205302278761
v9710,https://www.douyin.com/video/7646094453899807217
v9711,https://www.douyin.com/video/7636712179567211747
v9712,https://www.douyin.com/video/7646052735012278385
v9713,https://www.douyin.com/video/7645166314227864049
v9714,https://www.douyin.com/video/7645285815874063651
v9715,https://www.douyin.com/video/7646016594507266024
v9716,https://www.douyin.com/video/7630013028209010041
v9717,https://www.douyin.com/video/7645584314604774898
v9718,https://www.douyin.com/note/7638143882031261034
v9719,https://www.douyin.com/video/7645375822476198065
v9720,https://www.douyin.com/video/7637370537434900358
v9721,https://www.douyin.com/video/7642978469370613925
v9722,https://www.douyin.com/video/7643352316838257216
v9723,https://www.douyin.com/video/7635975008736674212
v9724,https://www.douyin.com/video/7642875877952726473
v9725,https://www.douyin.com/video/7642930167937503589
v9726,https://www.douyin.com/video/7644579387203114738
v9727,https://www.douyin.com/video/7639621454077725967
v9728,https://www.douyin.com/video/7644712673201366449
v9729,https://www.douyin.com/video/7640330765426822463
v9730,https://www.douyin.com/note/7641591658438017721
v9731,https://www.douyin.com/note/7641251564350865268
v9732,https://www.douyin.com/note/7639230408387143099
v9733,https://www.douyin.com/note/7643314966515556197
v9734,https://www.douyin.com/note/7638281101782769777
v9735,https://www.douyin.com/video/7618134970049006911
v9736,https://www.douyin.com/video/7644216472872579904
v9737,https://www.douyin.com/video/7616647465390984454
v9738,https://www.douyin.com/video/7645534292316382793
v9739,https://www.douyin.com/note/7641387696807628197
v9740,https://www.douyin.com/video/7617409200615935275
v9741,https://www.douyin.com/video/7641508212147462371
v9742,https://www.douyin.com/video/7644222983457032699
v9743,https://www.douyin.com/note/7643844550998787816
v9744,https://www.douyin.com/video/7622480885388032357
v9745,https://www.douyin.com/note/7614589440673287589
v9746,https://www.douyin.com/video/7639383082616753449
v9747,https://www.douyin.com/note/7643039159247467450
v9748,https://www.douyin.com/note/7578097515297508787
v9749,https://www.douyin.com/video/7646424058556951205
v9750,https://www.douyin.com/video/7644409611596090662
v9751,https://www.douyin.com/note/7448532505608654137
v9752,https://www.douyin.com/note/7638299910223562417
v9753,https://www.douyin.com/video/7604187869061680438
v9754,https://www.douyin.com/note/7646390167461156217
v9755,https://www.douyin.com/video/7563236330487074048
v9756,https://www.douyin.com/video/7645126263375769262
v9757,https://www.douyin.com/note/7646371664242652115
v9758,https://www.douyin.com/video/7577971884717837611
v9759,https://www.douyin.com/video/7643410985318993161
v9760,https://www.douyin.com/note/7626078358757125050
v9761,https://www.douyin.com/video/7640777716908474432
v9762,https://www.douyin.com/video/7640776376072913001
v9763,https://www.douyin.com/video/7646073762392030857
v9764,https://www.douyin.com/video/7639177430514633993
v9765,https://www.douyin.com/video/7644096706372299407
v9766,https://www.douyin.com/video/7646059046685384625
v9767,https://www.douyin.com/note/7528216624471264538
v9768,https://www.douyin.com/note/7476000640393596210
v9769,https://www.douyin.com/note/7250704120368188705
v9770,https://www.douyin.com/video/7645236032627019014
v9771,https://www.douyin.com/note/7631967036336698047
v9772,https://www.douyin.com/note/7646067468943083493
v9773,https://www.douyin.com/video/7590065624966073663
v9774,https://www.douyin.com/note/7646355174609757798
v9775,https://www.douyin.com/video/7553840318886546738
v9776,https://www.douyin.com/video/7641299120149605553
v9777,https://www.douyin.com/video/7644753375120084260
v9778,https://www.douyin.com/video/7645154950905590129
v9779,https://www.douyin.com/video/7618797800263863594
v9780,https://www.douyin.com/note/7645314555828683106
v9781,https://www.douyin.com/video/7646426299704183668
v9782,https://www.douyin.com/video/7587952578726595878
v9783,https://www.douyin.com/video/7407445060670721330
v9784,https://www.douyin.com/video/7408783592857308467
v9785,https://www.douyin.com/video/7574592703867014410
v9786,https://www.douyin.com/video/7154730273752583431
v9787,https://www.douyin.com/video/7569039233877363994
v9788,https://www.douyin.com/video/7569935013827988776
v9789,https://www.douyin.com/video/7642483300749069610
v9790,https://www.douyin.com/video/7620087621302215921
v9791,https://www.douyin.com/video/7646075819760110894
v9792,https://www.douyin.com/note/7646030452793378490
v9793,https://www.douyin.com/video/7645279005537248622
v9794,https://www.douyin.com/video/7639579932352895985
v9795,https://www.douyin.com/note/7642249574447085553
v9796,https://www.douyin.com/video/7621400491461368755
v9797,https://www.douyin.com/video/7645511290626943217
v9798,https://www.douyin.com/note/7646287231742163626
v9799,https://www.douyin.com/note/7643656107332542321
v9800,https://www.douyin.com/video/7623278446059328625
v9801,https://www.douyin.com/video/7643663246083312938
v9802,https://www.douyin.com/video/7645492283835567406
v9803,https://www.douyin.com/video/7636010442854515048
v9804,https://www.douyin.com/video/7639309044410273062
v9805,https://www.douyin.com/video/7639916372248014963
v9806,https://www.douyin.com/note/7594428493129559461
v9807,https://www.douyin.com/video/7616948930793819427
v9808,https://www.douyin.com/video/7638973490847496549
v9809,https://www.douyin.com/video/7601838902403814821
v9810,https://www.douyin.com/video/7618446693277861093
v9811,https://www.douyin.com/video/7612346865326113145
v9812,https://www.douyin.com/video/7620799220824351461
v9813,https://www.douyin.com/note/7619415276979589093
v9814,https://www.douyin.com/note/7626304031555707249
v9815,https://www.douyin.com/video/7623456875778967978
v9816,https://www.douyin.com/note/7636431309846892102
v9817,https://www.douyin.com/note/7621538263082223467
v9818,https://www.douyin.com/note/7633399220348107254
v9819,https://www.douyin.com/note/7645280051479581099
v9820,https://www.douyin.com/note/7630354437870353905
v9821,https://www.douyin.com/note/7635662837767844794
v9822,https://www.douyin.com/note/7632372351355668154
v9823,https://www.douyin.com/note/7631619623255104698
v9824,https://www.douyin.com/note/7636432039919453861
v9825,https://www.douyin.com/note/7637416640762407013
v9826,https://www.douyin.com/note/7642673836056058084
v9827,https://www.douyin.com/note/7641658220655164005
v9828,https://www.douyin.com/note/7644269276467923833
v9829,https://www.douyin.com/video/7645321880508947045
v9830,https://www.douyin.com/video/7288275132945042744
v9831,https://www.douyin.com/note/7633442216027036923
v9832,https://www.douyin.com/video/7644152421207297322
v9833,https://www.douyin.com/note/7644403892038572978
v9834,https://www.douyin.com/video/7646417186848316843
v9835,https://www.douyin.com/video/7646425041265020206
v9836,https://www.douyin.com/video/7635729753568757682
v9837,https://www.douyin.com/video/7645195465135085419
v9838,https://www.douyin.com/video/7644869203506025384
v9839,https://www.douyin.com/note/7643083755665575546
v9840,https://www.douyin.com/note/7646077516780701093
v9841,https://www.douyin.com/note/7645560719425955515
v9842,https://www.douyin.com/note/7388165368671522086
v9843,https://www.douyin.com/note/7610224820308046671
v9844,https://www.douyin.com/video/7638899148972651471
v9845,https://www.douyin.com/video/7641106524635590884
v9846,https://www.douyin.com/video/7643580704751804506
v9847,https://www.douyin.com/video/7640412811339877632
v9848,https://www.douyin.com/video/7646263338033465562
v9849,https://www.douyin.com/video/7637724411257097691
v9850,https://www.douyin.com/video/7632754367007090609
v9851,https://www.douyin.com/video/7637323509174258011
v9852,https://www.douyin.com/video/7638955168297620197
v9853,https://www.douyin.com/note/7643340286697586595
v9854,https://www.douyin.com/video/7636971487999577385
v9855,https://www.douyin.com/video/7645223570724965686
v9856,https://www.douyin.com/video/7646380749188822966
v9857,https://www.douyin.com/video/7641291231105278299
v9858,https://www.douyin.com/video/7641872973862817060
v9859,https://www.douyin.com/video/7645616672916744374
v9860,https://www.douyin.com/note/7645668628042045299
v9861,https://www.douyin.com/note/7645814038346338986
v9862,https://www.douyin.com/video/7646385666368048436
v9863,https://www.douyin.com/video/7646286266413157673
v9864,https://www.douyin.com/video/7644896637001098211
v9865,https://www.douyin.com/video/7644934930812430065
v9866,https://www.douyin.com/note/7646346807056592049
v9867,https://www.douyin.com/note/7646319764663456497
v9868,https://www.douyin.com/video/7646581739082550564
v9869,https://www.douyin.com/video/7646272200782348203
v9870,https://www.douyin.com/note/7607540691745540486
v9871,https://www.douyin.com/note/7607804840270774123
v9872,https://www.douyin.com/note/7619557298310761700
v9873,https://www.douyin.com/video/7644895024244625060
v9874,https://www.douyin.com/video/7617803580443810030
v9875,https://www.douyin.com/video/7643956192590643707
v9876,https://www.douyin.com/video/7624731960090381602
v9877,https://www.douyin.com/video/7624919867375783203
v9878,https://www.douyin.com/video/7637815151676165403
v9879,https://www.douyin.com/video/7645173035557403300
v9880,https://www.douyin.com/note/7636067446609240057
v9881,https://www.douyin.com/note/7283869297208855845
v9882,https://www.douyin.com/video/7545115588377677113
v9883,https://www.douyin.com/note/7629394540532802158
v9884,https://www.douyin.com/note/7646024910573821170
v9885,https://www.douyin.com/note/7645884210424026489
v9886,https://www.douyin.com/note/7638262811583571569
v9887,https://www.douyin.com/video/7621922986089631012
v9888,https://www.douyin.com/note/7646377376293904226
v9889,https://www.douyin.com/note/7645593459189467060
v9890,https://www.douyin.com/video/7571362560864193818
v9891,https://www.douyin.com/video/7642278178114882831
v9892,https://www.douyin.com/video/7642278433224969507
v9893,https://www.douyin.com/video/7646287682331755766
v9894,https://www.douyin.com/video/7633780059140017435
v9895,https://www.douyin.com/video/7646546632112849382
v9896,https://www.douyin.com/video/7642002514972699835
v9897,https://www.douyin.com/video/7622891945324530971
v9898,https://www.douyin.com/video/7646331159102396858
v9899,https://www.douyin.com/video/7574609572371926281
v9900,https://www.douyin.com/video/7644927091913411881
v9901,https://www.douyin.com/video/7642036093155642630
v9902,https://www.douyin.com/video/7646331589656496805
v9903,https://www.douyin.com/video/7643820334220094308
v9904,https://www.douyin.com/note/7646215967169415066
v9905,https://www.douyin.com/video/7633959951648006902
v9906,https://www.douyin.com/video/7645902810235571492
v9907,https://www.douyin.com/video/7639507224318053668
v9908,https://www.douyin.com/video/7642563152233105253
v9909,https://www.douyin.com/video/7646406341493711269
v9910,https://www.douyin.com/note/7646479314486510053
v9911,https://www.douyin.com/note/7646241841110024954
v9912,https://www.douyin.com/video/7644599466439298367
v9913,https://www.douyin.com/video/7624833834655361643
v9914,https://www.douyin.com/video/7641213074033552026
v9915,https://www.douyin.com/video/7646335340692671754
v9916,https://www.douyin.com/video/7643500242042040192
v9917,https://www.douyin.com/video/7646048282145281766
v9918,https://www.douyin.com/note/7535765553669049660
v9919,https://www.douyin.com/video/7646053058023214388
v9920,https://www.douyin.com/note/7537172385457245459
v9921,https://www.douyin.com/note/7624317162513586341
v9922,https://www.douyin.com/note/7641563668157882239
v9923,https://www.douyin.com/video/7638631205122318971
v9924,https://www.douyin.com/video/7646484340632735017
v9925,https://www.douyin.com/note/7646258697643174373
v9926,https://www.douyin.com/video/7620755267503869238
v9927,https://www.douyin.com/video/7646326311104201701
v9928,https://www.douyin.com/video/7645884418787926649
v9929,https://www.douyin.com/video/7399117484617403685
v9930,https://www.douyin.com/video/7646046073517786970
v9931,https://www.douyin.com/video/7557008557590269211
v9932,https://www.douyin.com/note/7631140279157122153
v9933,https://www.douyin.com/video/7629244420638376681
v9934,https://www.douyin.com/note/7631141673535543409
v9935,https://www.douyin.com/video/7632234170030312745
v9936,https://www.douyin.com/video/7641902894888229745
v9937,https://www.douyin.com/video/7641634887779000755
v9938,https://www.douyin.com/video/7633050716596866724
v9939,https://www.douyin.com/video/7629177228185856484
v9940,https://www.douyin.com/video/7091963254624242984
v9941,https://www.douyin.com/video/7090858333174877480
v9942,https://www.douyin.com/video/6898608180016876808
v9943,https://www.douyin.com/video/6854862783746575630
v9944,https://www.douyin.com/video/6849375425261587726
v9945,https://www.douyin.com/video/7641214644087162618
v9946,https://www.douyin.com/note/7641550380082980027
v9947,https://www.douyin.com/note/7644421577661535737
v9948,https://www.douyin.com/video/7645507012978251129
v9949,https://www.douyin.com/video/7646335046698336704
v9950,https://www.douyin.com/video/7646358604097916194
v9951,https://www.douyin.com/video/7641644139557162281
v9952,https://www.douyin.com/video/7646024486139915505
v9953,https://www.douyin.com/note/7626644768144334331
v9954,https://www.douyin.com/video/7464154375762562319
v9955,https://www.douyin.com/video/7627096840516668699
v9956,https://www.douyin.com/video/7646352059574547304
v9957,https://www.douyin.com/note/7646383831524204153
v9958,https://www.douyin.com/note/7636622098840792282
v9959,https://www.douyin.com/video/7644827825895132426
v9960,https://www.douyin.com/video/7646340596440796443
v9961,https://www.douyin.com/video/7645026615449591796
v9962,https://www.douyin.com/video/7645210477953420553
v9963,https://www.douyin.com/video/7645708956840717477
v9964,https://www.douyin.com/video/7646326985609825542
v9965,https://www.douyin.com/video/7644557189192994074
v9966,https://www.douyin.com/note/7642144681484542377
v9967,https://www.douyin.com/video/7646250472777396709
v9968,https://www.douyin.com/video/7646434751905041683
v9969,https://www.douyin.com/video/7636654225850452850
v9970,https://www.douyin.com/video/7646301164727736674
v9971,https://www.douyin.com/video/7638193105883379145
v9972,https://www.douyin.com/video/7636161317871950449
v9973,https://www.douyin.com/video/7646289885824836986
v9974,https://www.douyin.com/video/7645858631921061147
v9975,https://www.douyin.com/video/7639932120235789587
v9976,https://www.douyin.com/note/7644529812296283712
v9977,https://www.douyin.com/video/7642744079164267258
v9978,https://www.douyin.com/video/7619784571244088582
v9979,https://www.douyin.com/video/7638975791229208433
v9980,https://www.douyin.com/video/7644414843927995365
v9981,https://www.douyin.com/video/7646315363021929443
v9982,https://www.douyin.com/video/7645269553425042738
v9983,https://www.douyin.com/video/7644861599484209984
v9984,https://www.douyin.com/video/7645729680259966394
v9985,https://www.douyin.com/video/7645235147403759973
v9986,https://www.douyin.com/video/7644497570596736290
v9987,https://www.douyin.com/video/7646260983565236069
v9988,https://www.douyin.com/video/7646406197961558187
v9989,https://www.douyin.com/video/7643445490038451441
v9990,https://www.douyin.com/video/7637322224764942715
v9991,https://www.douyin.com/video/7614387436013522027
v9992,https://www.douyin.com/video/7641470413772003558
v9993,https://www.douyin.com/video/7646394776326524879
v9994,https://www.douyin.com/video/7646352879824997678
v9995,https://www.douyin.com/video/7646458790838295269
v9996,https://www.douyin.com/video/7645512100189610929
v9997,https://www.douyin.com/video/7646366145235372451
v9998,https://www.douyin.com/video/7646068256223131121
v9999,https://www.douyin.com/video/7644482082529694134
v10000,https://www.douyin.com/video/7646384276792295622
v10001,https://www.douyin.com/video/7628072311291153704
v10002,https://www.douyin.com/video/7644194032517166035
v10003,https://www.douyin.com/video/7638899814084886130
v10004,https://www.douyin.com/video/7627288876528209179
v10005,https://www.douyin.com/note/7646424755276941395
v10006,https://www.douyin.com/video/7646061778523037130
v10007,https://www.douyin.com/video/7645305828447274853
v10008,https://www.douyin.com/video/7646356104939772900
v10009,https://www.douyin.com/video/7646049279324742223
v10010,https://www.douyin.com/video/7646389013980400930
v10011,https://www.douyin.com/video/7640438766226017435
v10012,https://www.douyin.com/video/7646350380746798571
v10013,https://www.douyin.com/video/7617451572540377268
v10014,https://www.douyin.com/video/7639585190339642559
v10015,https://www.douyin.com/video/7615904687116562850
v10016,https://www.douyin.com/video/7638239654937133541
v10017,https://www.douyin.com/video/7645835365920804837
v10018,https://www.douyin.com/video/7642962953860420968
v10019,https://www.douyin.com/video/7646324020007553947
v10020,https://www.douyin.com/video/7635151586289734265
v10021,https://www.douyin.com/video/7646269411658457798
v10022,https://www.douyin.com/video/7646289281262810984
v10023,https://www.douyin.com/video/7638691501455074036
v10024,https://www.douyin.com/video/7645646795070692795
v10025,https://www.douyin.com/video/7646044176853521546
v10026,https://www.douyin.com/video/7617158358180916841
v10027,https://www.douyin.com/video/7644911333867938417
v10028,https://www.douyin.com/video/7640435990255943025
v10029,https://www.douyin.com/note/7639381179742235241
v10030,https://www.douyin.com/video/7638517584350816616
v10031,https://www.douyin.com/video/7638778063710740987
v10032,https://www.douyin.com/video/7645498294236171366
v10033,https://www.douyin.com/video/7645177111918344549
v10034,https://www.douyin.com/video/7646319385241537844
v10035,https://www.douyin.com/video/7646105664511121395
v10036,https://www.douyin.com/video/7646316974133284146
v10037,https://www.douyin.com/video/7635898508156006065
v10038,https://www.douyin.com/video/7645891810006885227
v10039,https://www.douyin.com/video/7645964080045699510
v10040,https://www.douyin.com/video/7643090035278356389
v10041,https://www.douyin.com/video/7638965674496947620
v10042,https://www.douyin.com/video/7623352992976703931
v10043,https://www.douyin.com/video/7645531244532469042
v10044,https://www.douyin.com/video/7642342454397666374
v10045,https://www.douyin.com/video/7645590322101128474
v10046,https://www.douyin.com/video/7646371020613400566
v10047,https://www.douyin.com/video/7646083952423513555
v10048,https://www.douyin.com/video/7646067190336081204
v10049,https://www.douyin.com/video/7640306429823331173
v10050,https://www.douyin.com/video/7625638350011225920
v10051,https://www.douyin.com/video/7625936831619809626
v10052,https://www.douyin.com/video/7633023937455103865
v10053,https://www.douyin.com/video/7645903140282688329
v10054,https://www.douyin.com/video/7646376446285799909
v10055,https://www.douyin.com/video/7646308598376866725
v10056,https://www.douyin.com/video/7640802231608036617
v10057,https://www.douyin.com/video/7646325919925259530
v10058,https://www.douyin.com/video/7646391082518957352
v10059,https://www.douyin.com/video/7636388159865469108
v10060,https://www.douyin.com/video/7645919625499007414
v10061,https://www.douyin.com/video/7615995895120898402
v10062,https://www.douyin.com/video/7642885517507317019
v10063,https://www.douyin.com/video/7640726823202264497
v10064,https://www.douyin.com/video/7643763187636337891
v10065,https://www.douyin.com/video/7646006155587767606
v10066,https://www.douyin.com/video/7646427947980762202
v10067,https://www.douyin.com/video/7646292651331135737
v10068,https://www.douyin.com/video/7621140005343892089
v10069,https://www.douyin.com/video/7646421186510867747
v10070,https://www.douyin.com/video/7629352789051944354
v10071,https://www.douyin.com/video/7644977119840080612
v10072,https://www.douyin.com/video/7626366152066920422
v10073,https://www.douyin.com/video/7646376587008511275
v10074,https://www.douyin.com/video/7639214430630946218
v10075,https://www.douyin.com/video/7644941849794367586
v10076,https://www.douyin.com/video/7643827067545300091
v10077,https://www.douyin.com/video/7646264637289857195
v10078,https://www.douyin.com/video/7634151551649171279
v10079,https://www.douyin.com/video/7645639023910455433
v10080,https://www.douyin.com/video/7646110514972985777
v10081,https://www.douyin.com/video/7646291799019837102
v10082,https://www.douyin.com/video/7646233737054923894
v10083,https://www.douyin.com/video/7643773414079050404
v10084,https://www.douyin.com/video/7642940067271533044
v10085,https://www.douyin.com/video/7631886119885508250
v10086,https://www.douyin.com/video/7646362129461758388
v10087,https://www.douyin.com/video/7645302293667955859
v10088,https://www.douyin.com/video/7630453188500189358
v10089,https://www.douyin.com/video/7646383574955231936
v10090,https://www.douyin.com/video/7623210285038222986
v10091,https://www.douyin.com/video/7646104911788237413
v10092,https://www.douyin.com/video/7635148473776962277
v10093,https://www.douyin.com/video/7616189307522387252
v10094,https://www.douyin.com/video/7645563212939497829
v10095,https://www.douyin.com/video/7640505200054414756
v10096,https://www.douyin.com/video/7636968879847212261
v10097,https://www.douyin.com/video/7638921194616504969
v10098,https://www.douyin.com/video/7646087476167239793
v10099,https://www.douyin.com/video/7646097685728849262
v10100,https://www.douyin.com/video/7646231635286160827
v10101,https://www.douyin.com/video/7646051027900710385
v10102,https://www.douyin.com/video/7644439457667567473
v10103,https://www.douyin.com/video/7641597123418496997
v10104,https://www.douyin.com/video/7635619674315861413
v10105,https://www.douyin.com/video/7645225183691858917
v10106,https://www.douyin.com/video/7646365272919752123
v10107,https://www.douyin.com/video/7645665277695258353
v10108,https://www.douyin.com/video/7618506201605898097
v10109,https://www.douyin.com/video/7646457456915694011
v10110,https://www.douyin.com/video/7644009237185966321
v10111,https://www.douyin.com/video/7646295013978917083
v10112,https://www.douyin.com/video/7632974729623973288
v10113,https://www.douyin.com/video/7619511267954519977
v10114,https://www.douyin.com/video/7645550916062763465
v10115,https://www.douyin.com/video/7646299506296941745
v10116,https://www.douyin.com/video/7638449015360808512
v10117,https://www.douyin.com/video/7643295395540913315
v10118,https://www.douyin.com/video/7646278620180564978
v10119,https://www.douyin.com/video/7646339872030860921
v10120,https://www.douyin.com/video/7641199735521225330
v10121,https://www.douyin.com/video/7646240940143343717
v10122,https://www.douyin.com/video/7646398706077670312
v10123,https://www.douyin.com/video/7646261592930476522
v10124,https://www.douyin.com/video/7646240727102344110
v10125,https://www.douyin.com/video/7645294526752021157
v10126,https://www.douyin.com/video/7635971995876248538
v10127,https://www.douyin.com/video/7638569341776439161
v10128,https://www.douyin.com/video/7635630964174496320
v10129,https://www.douyin.com/video/7636359979087383281
v10130,https://www.douyin.com/video/7645931183943575289
v10131,https://www.douyin.com/video/7616168322687054473
v10132,https://www.douyin.com/video/7642126742060120571
v10133,https://www.douyin.com/video/7613701066814865061
v10134,https://www.douyin.com/video/7645241179009964987
v10135,https://www.douyin.com/video/7628986693332713713
v10136,https://www.douyin.com/video/7645743389321994339
v10137,https://www.douyin.com/video/7643285104010156131
v10138,https://www.douyin.com/video/7643483670539997866
v10139,https://www.douyin.com/video/7646084894854643051
v10140,https://www.douyin.com/video/7645661827921740644
v10141,https://www.douyin.com/video/7646211090124785299
v10142,https://www.douyin.com/video/7644194164930537128
v10143,https://www.douyin.com/video/7616270285834044770
v10144,https://www.douyin.com/video/7643618598207958899
v10145,https://www.douyin.com/video/7646302117205232074
v10146,https://www.douyin.com/video/7646257920266505390
v10147,https://www.douyin.com/video/7645874699792026922
v10148,https://www.douyin.com/video/7640034906965687295
v10149,https://www.douyin.com/video/7646379260668437989
v10150,https://www.douyin.com/video/7638253007092256698
v10151,https://www.douyin.com/video/7646084804371195387
v10152,https://www.douyin.com/video/7641967737850862710
v10153,https://www.douyin.com/video/7646385012531335867
v10154,https://www.douyin.com/video/7638631136284914618
v10155,https://www.douyin.com/video/7646200972536269497
v10156,https://www.douyin.com/video/7644882591455119718
v10157,https://www.douyin.com/video/7641242389072289125
v10158,https://www.douyin.com/video/7624523488338926074
v10159,https://www.douyin.com/video/7644873576815126777
v10160,https://www.douyin.com/video/7614106350679766443
v10161,https://www.douyin.com/video/7646070068367144866
v10162,https://www.douyin.com/video/7646332327103346673
v10163,https://www.douyin.com/video/7646458661778246964
v10164,https://www.douyin.com/video/7638610681055157962
v10165,https://www.douyin.com/video/7641490061469794481
v10166,https://www.douyin.com/note/7646310771954006633
v10167,https://www.douyin.com/video/7646296173254348075
v10168,https://www.douyin.com/video/7646310934605194619
v10169,https://www.douyin.com/video/7646410490670845193
v10170,https://www.douyin.com/video/7623398900171356017
v10171,https://www.douyin.com/video/7646421569682961638
v10172,https://www.douyin.com/video/7637863530511479631
v10173,https://www.douyin.com/video/7645925840685365105
v10174,https://www.douyin.com/video/7615195274332087013
v10175,https://www.douyin.com/video/7645651968807862336
v10176,https://www.douyin.com/video/7645907543738452977
v10177,https://www.douyin.com/video/7646316265895692795
v10178,https://www.douyin.com/video/7644577444543974719
v10179,https://www.douyin.com/video/7645309910808765614
v10180,https://www.douyin.com/video/7645713173035937434
v10181,https://www.douyin.com/video/7632892803320142322
v10182,https://www.douyin.com/video/7646407037794484579
v10183,https://www.douyin.com/video/7645898262361481841
v10184,https://www.douyin.com/video/7646038673902205369
v10185,https://www.douyin.com/video/7640043906331405171
v10186,https://www.douyin.com/video/7639229553378677706
v10187,https://www.douyin.com/video/7646003068005256500
v10188,https://www.douyin.com/video/7646369868887410286
v10189,https://www.douyin.com/video/7643400733114584356
v10190,https://www.douyin.com/video/7644065233372448244
v10191,https://www.douyin.com/video/7646370835343236795
v10192,https://www.douyin.com/video/7645879164520133347
v10193,https://www.douyin.com/video/7635635538012286449
v10194,https://www.douyin.com/video/7643064402354212159
v10195,https://www.douyin.com/video/7642364079931255625
v10196,https://www.douyin.com/video/7645541647173977073
v10197,https://www.douyin.com/video/7646376005208222693
v10198,https://www.douyin.com/video/7628966588775078002
v10199,https://www.douyin.com/video/7645174669520620443
v10200,https://www.douyin.com/video/7646292436532566619
v10201,https://www.douyin.com/video/7644404334579416155
v10202,https://www.douyin.com/video/7646667358760684810
v10203,https://www.douyin.com/video/7589600545493634345
v10204,https://www.douyin.com/video/7646235435388161679
v10205,https://www.douyin.com/video/7646194558425926963
v10206,https://www.douyin.com/video/7646343307799373306
v10207,https://www.douyin.com/video/7646169834372091219
v10208,https://www.douyin.com/video/7646149349240331752
v10209,https://www.douyin.com/note/7646233557258208731
v10210,https://www.douyin.com/video/7646160542121479462
v10211,https://www.douyin.com/video/7646693031055265070
v10212,https://www.douyin.com/note/7646476143307094248
v10213,https://www.douyin.com/note/7646399145905643087
v10214,https://www.douyin.com/video/7646247505163734307
v10215,https://www.douyin.com/video/7646367152379911025
v10216,https://www.douyin.com/video/7646346020695100691
v10217,https://www.douyin.com/video/7646408801293289579
v10218,https://www.douyin.com/note/7641646999923081329
v10219,https://www.douyin.com/video/7642586610056292195
v10220,https://www.douyin.com/video/7646251759489094592
v10221,https://www.douyin.com/video/7645640308303222342
v10222,https://www.douyin.com/video/7646248212814187810
v10223,https://www.douyin.com/video/7592202326312635658
v10224,https://www.douyin.com/video/7394747284560350502
v10225,https://www.douyin.com/video/7399988236442963252
v10226,https://www.douyin.com/video/7579950193228531795
v10227,https://www.douyin.com/video/7491244134615797043
v10228,https://www.douyin.com/video/7574055927424673738
v10229,https://www.douyin.com/video/7516110178975075611
v10230,https://www.douyin.com/video/7646710916330884362
v10231,https://www.douyin.com/video/7643981940823051535
v10232,https://www.douyin.com/video/7646066932382979429
v10233,https://www.douyin.com/video/7644320153186071481
v10234,https://www.douyin.com/video/7644943524194638181
v10235,https://www.douyin.com/video/7645666651741255525
v10236,https://www.douyin.com/video/7643194109927002233
v10237,https://www.douyin.com/video/7646274825082505649
v10238,https://www.douyin.com/video/7646088786731915126
v10239,https://www.douyin.com/video/7645877104550186367
v10240,https://www.douyin.com/video/7646283632771967473
v10241,https://www.douyin.com/video/7645995826108114553
v10242,https://www.douyin.com/video/7646259987836816302
v10243,https://www.douyin.com/video/7646692640041699816
v10244,https://www.douyin.com/video/7646588293127429561
v10245,https://www.douyin.com/note/7640861022546891899
v10246,https://www.douyin.com/video/7646409945923311289
v10247,https://www.douyin.com/video/7643661871749442153
v10248,https://www.douyin.com/video/7644948224641355014
v10249,https://www.douyin.com/video/7646378490351152250
v10250,https://www.douyin.com/video/7644954149591399333
v10251,https://www.douyin.com/video/7646656918085845738
v10252,https://www.douyin.com/video/7646271401729492315
v10253,https://www.douyin.com/video/7646082310975167918
v10254,https://www.douyin.com/video/7630019711060865955
v10255,https://www.douyin.com/note/7646622080633818981
v10256,https://www.douyin.com/video/7646278153912780724
v10257,https://www.douyin.com/video/7646634682070869477
v10258,https://www.douyin.com/video/7646483376446192890
v10259,https://www.douyin.com/video/7646720075048157514
v10260,https://www.douyin.com/video/7646416468074982821
v10261,https://www.douyin.com/video/7645658917007106810
v10262,https://www.douyin.com/video/7638593122057874361
v10263,https://www.douyin.com/video/7646679576438403318
v10264,https://www.douyin.com/video/7634758548110478602
v10265,https://www.douyin.com/video/7645161379117313434
v10266,https://www.douyin.com/video/7619803429354982675
v10267,https://www.douyin.com/video/7644180541021234048
v10268,https://www.douyin.com/video/7644148903852595441
v10269,https://www.douyin.com/video/7643965997229571953
v10270,https://www.douyin.com/video/7645997342298975616
v10271,https://www.douyin.com/video/7644734426584729778
v10272,https://www.douyin.com/video/7646355183736522483
v10273,https://www.douyin.com/video/7646266237651111209
v10274,https://www.douyin.com/video/7645921141131231081
v10275,https://www.douyin.com/video/7642294510588180901
v10276,https://www.douyin.com/video/7646292475343335878
v10277,https://www.douyin.com/video/7646357963111737337
v10278,https://www.douyin.com/video/7641549096507668849
v10279,https://www.douyin.com/video/7636332356333274843
v10280,https://www.douyin.com/video/7646272104819947002
v10281,https://www.douyin.com/video/7621813471118044090
v10282,https://www.douyin.com/video/7645261489985314502
v10283,https://www.douyin.com/video/7643767072901076209
v10284,https://www.douyin.com/video/7644804055076805297
v10285,https://www.douyin.com/video/7644142302034980465
v10286,https://www.douyin.com/video/7646657399303407077
v10287,https://www.douyin.com/video/7644495344046845179
v10288,https://www.douyin.com/video/7646194441853630651
v10289,https://www.douyin.com/video/7646261531059204681
v10290,https://www.douyin.com/video/7646396674692828389
v10291,https://www.douyin.com/video/7636222318934560040
v10292,https://www.douyin.com/video/7646288318456928228
v10293,https://www.douyin.com/video/7646234113121688922
v10294,https://www.douyin.com/video/7628069382438476223
v10295,https://www.douyin.com/note/7646437793661869531
v10296,https://www.douyin.com/video/7642629040349042533
v10297,https://www.douyin.com/video/7646127737514855013
v10298,https://www.douyin.com/video/7646403826328827466
v10299,https://www.douyin.com/video/7644620348449135055
v10300,https://www.douyin.com/note/7642785545277682042
v10301,https://www.douyin.com/video/7625589900544748793
v10302,https://www.douyin.com/video/7635988450869149937
v10303,https://www.douyin.com/video/7645425411446898043
v10304,https://www.douyin.com/video/7646333828768900073
v10305,https://www.douyin.com/video/7636016807287122313
v10306,https://www.douyin.com/video/7635079991634528995
v10307,https://www.douyin.com/video/7624877538376365541
v10308,https://www.douyin.com/video/7617790333040220273
v10309,https://www.douyin.com/video/7644998462739785915
v10310,https://www.douyin.com/video/7646679198019116265
v10311,https://www.douyin.com/video/7646390494457763955
v10312,https://www.douyin.com/video/7646251409595223339
v10313,https://www.douyin.com/video/7646115969769960933
v10314,https://www.douyin.com/video/7646513330320271220
v10315,https://www.douyin.com/video/7645201033857775802
v10316,https://www.douyin.com/video/7621433635656305972
v10317,https://www.douyin.com/note/7642691551348810467
v10318,https://www.douyin.com/video/7646669116539244212
v10319,https://www.douyin.com/video/7646258521713686479
v10320,https://www.douyin.com/video/7645129402296126720
v10321,https://www.douyin.com/video/7646673189754160037
v10322,https://www.douyin.com/video/7645716143772775025
v10323,https://www.douyin.com/video/7646080238065175823
v10324,https://www.douyin.com/video/7646358002211025009
v10325,https://www.douyin.com/video/7646387316819358390
v10326,https://www.douyin.com/note/7646457605552548261
v10327,https://www.douyin.com/video/7636700432220638193
v10328,https://www.douyin.com/note/7628543656895906432
v10329,https://www.douyin.com/video/7646123459378197139
v10330,https://www.douyin.com/video/7645124702448892389
v10331,https://www.douyin.com/video/7638070865779088356
v10332,https://www.douyin.com/video/7646033705726774528
v10333,https://www.douyin.com/video/7646591005571764411
v10334,https://www.douyin.com/video/7613788559489081330
v10335,https://www.douyin.com/note/7646429782474252409
v10336,https://www.douyin.com/video/7646336125750414693
v10337,https://www.douyin.com/video/7646269866722456421
v10338,https://www.douyin.com/video/7645201635875100841
v10339,https://www.douyin.com/video/7646416869477559412
v10340,https://www.douyin.com/video/7640798608892237302
v10341,https://www.douyin.com/video/7639550124590386467
v10342,https://www.douyin.com/video/7646224679707272826
v10343,https://www.douyin.com/video/7645130101613126245
v10344,https://www.douyin.com/video/7646657405673584804
v10345,https://www.douyin.com/video/7646346500918048113
v10346,https://www.douyin.com/video/7646430325828262592
v10347,https://www.douyin.com/video/7645643159208479680
v10348,https://www.douyin.com/video/7646048052059439781
v10349,https://www.douyin.com/video/7638170013676974058
v10350,https://www.douyin.com/video/7646399134346834673
v10351,https://www.douyin.com/video/7646695545842437428
v10352,https://www.douyin.com/video/7646024326059406757
v10353,https://www.douyin.com/video/7646402690398887665
v10354,https://www.douyin.com/video/7645684304730958498
v10355,https://www.douyin.com/video/7646686203102922213
v10356,https://www.douyin.com/video/7630178858017621169
v10357,https://www.douyin.com/video/7646158128183016822
v10358,https://www.douyin.com/note/7646249007462780195
v10359,https://www.douyin.com/video/7646455049611125745
v10360,https://www.douyin.com/video/7645670494099945722
v10361,https://www.douyin.com/video/7646429571223128569
v10362,https://www.douyin.com/video/7643772331358390779
v10363,https://www.douyin.com/video/7639660976870100262
v10364,https://www.douyin.com/note/7646455845945138522
v10365,https://www.douyin.com/video/7646625123541256805
v10366,https://www.douyin.com/video/7645668030625872192
v10367,https://www.douyin.com/video/7645568029069703360
v10368,https://www.douyin.com/video/7640412398767848699
v10369,https://www.douyin.com/video/7646264655996347129
v10370,https://www.douyin.com/video/7645644909378139579
v10371,https://www.douyin.com/video/7646305541572306405
v10372,https://www.douyin.com/video/7646425191010067795
v10373,https://www.douyin.com/video/7646683407019232564
v10374,https://www.douyin.com/video/7646659175187667962
v10375,https://www.douyin.com/video/7646612038731492209
v10376,https://www.douyin.com/video/7645597940006492005
v10377,https://www.douyin.com/video/7646055665107003323
v10378,https://www.douyin.com/video/7646078629256225890
v10379,https://www.douyin.com/note/7646554204542888954
v10380,https://www.douyin.com/video/7621606366960905906
v10381,https://www.douyin.com/video/7646245135537153531
v10382,https://www.douyin.com/video/7646356648990738403
v10383,https://www.douyin.com/video/7636015613609536655
v10384,https://www.douyin.com/video/7646439826472412517
v10385,https://www.douyin.com/video/7626602915231670698
v10386,https://www.douyin.com/video/7634762387404466425
v10387,https://www.douyin.com/note/7646618423249605297
v10388,https://www.douyin.com/video/7646664465186007503
v10389,https://www.douyin.com/video/7643068251158140329
v10390,https://www.douyin.com/video/7645323537816847615
v10391,https://www.douyin.com/video/7645289142176181861
v10392,https://www.douyin.com/video/7646272926244801835
v10393,https://www.douyin.com/video/7646317626717280164
v10394,https://www.douyin.com/video/7645146018850667176
v10395,https://www.douyin.com/video/7640872713850461413
v10396,https://www.douyin.com/video/7645673598463752058
v10397,https://www.douyin.com/video/7646064725377649145
v10398,https://www.douyin.com/video/7635685847195138280
v10399,https://www.douyin.com/note/7646568512954217855
v10400,https://www.douyin.com/video/7645601784286812836
v10401,https://www.douyin.com/video/7644432694558879610
v10402,https://www.douyin.com/video/7646426354502385663
v10403,https://www.douyin.com/video/7637917537414782793
v10404,https://www.douyin.com/video/7645954731189640634
v10405,https://www.douyin.com/video/7645266672732159227
v10406,https://www.douyin.com/video/7646612634578841778
v10407,https://www.douyin.com/video/7646088169130283866
v10408,https://www.douyin.com/video/7646061187796696296
v10409,https://www.douyin.com/video/7646616042815438995
v10410,https://www.douyin.com/video/7646287955947379377
v10411,https://www.douyin.com/video/7639706496541045873
v10412,https://www.douyin.com/video/7645570478715758065
v10413,https://www.douyin.com/video/7645931633883145161
v10414,https://www.douyin.com/video/7645625013613496290
v10415,https://www.douyin.com/video/7646391462183417786
v10416,https://www.douyin.com/video/7646683136797019430
v10417,https://www.douyin.com/video/7646582576198602019
v10418,https://www.douyin.com/video/7643476560309645477
v10419,https://www.douyin.com/video/7646593299646314822
v10420,https://www.douyin.com/video/7626829788007270565
v10421,https://www.douyin.com/video/7646046441638952613
v10422,https://www.douyin.com/note/7646706297542797440
v10423,https://www.douyin.com/video/7646390555874295138
v10424,https://www.douyin.com/video/7645102356535243697
v10425,https://www.douyin.com/video/7646491671785458984
v10426,https://www.douyin.com/video/7646264040469121458
v10427,https://www.douyin.com/video/7646102565595779539
v10428,https://www.douyin.com/video/7646345875942604473
v10429,https://www.douyin.com/video/7646354862271712936
v10430,https://www.douyin.com/video/7646642961203121448
v10431,https://www.douyin.com/video/7646653877193936128
v10432,https://www.douyin.com/video/7640395441591598201
v10433,https://www.douyin.com/video/7616313692028831333
v10434,https://www.douyin.com/video/7645187717110246483
v10435,https://www.douyin.com/video/7646419402078889381
v10436,https://www.douyin.com/video/7646707765432509092
v10437,https://www.douyin.com/video/7646654828915842021
v10438,https://www.douyin.com/video/7646065378119961862
v10439,https://www.douyin.com/video/7646260738970376419
v10440,https://www.douyin.com/video/7645119029594021817
v10441,https://www.douyin.com/video/7645616677601806001
v10442,https://www.douyin.com/video/7644485280779695077
v10443,https://www.douyin.com/video/7644972021215044937
v10444,https://www.douyin.com/video/7639655837888164047
v10445,https://www.douyin.com/video/7644488688642392177
v10446,https://www.douyin.com/video/7646400826907732132
v10447,https://www.douyin.com/video/7643265436003397115
v10448,https://www.douyin.com/video/7646345265645562597
v10449,https://www.douyin.com/video/7643281123958775793
v10450,https://www.douyin.com/video/7646382013192097043
v10451,https://www.douyin.com/video/7644151883922252409
v10452,https://www.douyin.com/video/7646442676766264426
v10453,https://www.douyin.com/video/7640053162031871915
v10454,https://www.douyin.com/video/7628278999776515249
v10455,https://www.douyin.com/video/7643357967026827983
v10456,https://www.douyin.com/video/7646336674535957113
v10457,https://www.douyin.com/video/7646466821429095801
v10458,https://www.douyin.com/video/7643314886675619577
v10459,https://www.douyin.com/video/7638587635699932657
v10460,https://www.douyin.com/video/7645250799216818843
v10461,https://www.douyin.com/video/7645992242813643910
v10462,https://www.douyin.com/video/7634929277150055722
v10463,https://www.douyin.com/note/7640465639601563825
v10464,https://www.douyin.com/video/7645089089783948170
v10465,https://www.douyin.com/video/7646568907515585262
v10466,https://www.douyin.com/video/7638448376190717219
v10467,https://www.douyin.com/video/7641567152826844890
v10468,https://www.douyin.com/video/7646689278822519717
v10469,https://www.douyin.com/video/7642608996548889890
v10470,https://www.douyin.com/video/7645173342316727226
v10471,https://www.douyin.com/video/7616145658029953896
v10472,https://www.douyin.com/video/7646371719452204154
v10473,https://www.douyin.com/video/7645537859596482707
v10474,https://www.douyin.com/video/7645840079769342841
v10475,https://www.douyin.com/video/7646668838443994406
v10476,https://www.douyin.com/video/7646465961004638075
v10477,https://www.douyin.com/video/7645883907921994427
v10478,https://www.douyin.com/video/7645291204418197605
v10479,https://www.douyin.com/video/7646570669695035633
v10480,https://www.douyin.com/video/7646713481462418734
v10481,https://www.douyin.com/video/7645517491318709946
v10482,https://www.douyin.com/video/7645677668936217594
v10483,https://www.douyin.com/video/7645143633151503781
v10484,https://www.douyin.com/video/7640294432630527225
v10485,https://www.douyin.com/video/7643988509048966265
v10486,https://www.douyin.com/video/7645965101854812550
v10487,https://www.douyin.com/video/7644882447540276506
v10488,https://www.douyin.com/video/7642305077734245830
v10489,https://www.douyin.com/video/7646668774565241670
v10490,https://www.douyin.com/video/7646433879330467803
v10491,https://www.douyin.com/video/7634076828323351814
v10492,https://www.douyin.com/video/7646059536974111464
v10493,https://www.douyin.com/video/7646435392510969338
v10494,https://www.douyin.com/video/7646366211454560110
v10495,https://www.douyin.com/video/7645567343124450602
v10496,https://www.douyin.com/video/7646680786048994610
v10497,https://www.douyin.com/video/7641155047942026186
v10498,https://www.douyin.com/video/7646600715242147108
v10499,https://www.douyin.com/video/7621163531501029049
v10500,https://www.douyin.com/video/7639606335139103673
v10501,https://www.douyin.com/video/7646629150194748723
v10502,https://www.douyin.com/video/7640435857341820785
v10503,https://www.douyin.com/video/7645812497178246120
v10504,https://www.douyin.com/video/7646450510585206010
v10505,https://www.douyin.com/video/7643257091398435499
v10506,https://www.douyin.com/video/7646476066667785066
v10507,https://www.douyin.com/video/7646414623855532200
v10508,https://www.douyin.com/video/7646325270156283190
v10509,https://www.douyin.com/note/7646656998533427584
v10510,https://www.douyin.com/note/7644506461841961713
v10511,https://www.douyin.com/note/7646784652221655653
v10512,https://www.douyin.com/video/7647142461969648947
v10513,https://www.douyin.com/video/7646775922695138036
v10514,https://www.douyin.com/video/7645205935804008547
v10515,https://www.douyin.com/note/7647063305270719443
v10516,https://www.douyin.com/video/7644872875391978761
v10517,https://www.douyin.com/video/7647122397167175674
v10518,https://www.douyin.com/video/7641590373193764102
v10519,https://www.douyin.com/video/7643279345532843505
v10520,https://www.douyin.com/video/7629999422725836047
v10521,https://www.douyin.com/video/7620439503269809418
v10522,https://www.douyin.com/video/7647173091223971313
v10523,https://www.douyin.com/video/7630744791307978725
v10524,https://www.douyin.com/video/7646720935303722986
v10525,https://www.douyin.com/note/7646699459985008122
v10526,https://www.douyin.com/video/7526109283797552423
v10527,https://www.douyin.com/note/7647025306607494783
v10528,https://www.douyin.com/video/7644879649717177600
v10529,https://www.douyin.com/video/7636407926199066219
v10530,https://www.douyin.com/video/7246237019586710845
v10531,https://www.douyin.com/note/7647149781793915722
v10532,https://www.douyin.com/video/7642153676617878794
v10533,https://www.douyin.com/video/7647047153709337891
v10534,https://www.douyin.com/note/7646065271040222129
v10535,https://www.douyin.com/video/7645224468175965478
v10536,https://www.douyin.com/note/7647097239420322233
v10537,https://www.douyin.com/video/7646384809648464229
v10538,https://www.douyin.com/video/7645663119855493882
v10539,https://www.douyin.com/video/7645309287962899930
v10540,https://www.douyin.com/note/7636966423856681634
v10541,https://www.douyin.com/video/7636803759720466289
v10542,https://www.douyin.com/video/7644938116956910538
v10543,https://www.douyin.com/note/7646795996811137017
v10544,https://www.douyin.com/video/7641064517036744057
v10545,https://www.douyin.com/note/7646733518780877455
v10546,https://www.douyin.com/video/7565031255898443066
v10547,https://www.douyin.com/video/7607900773858671034
v10548,https://www.douyin.com/note/7646794653870686821
v10549,https://www.douyin.com/video/7631474934212005126
v10550,https://www.douyin.com/note/7647024013428713457
v10551,https://www.douyin.com/note/7646790147963882345
v10552,https://www.douyin.com/note/7647114937164440219
v10553,https://www.douyin.com/video/7647100354153325222
v10554,https://www.douyin.com/video/7643270081820101930
v10555,https://www.douyin.com/note/7647130441531374011
v10556,https://www.douyin.com/video/7646494883024496549
v10557,https://www.douyin.com/video/7636016409008524563
v10558,https://www.douyin.com/video/7646537216113642761
v10559,https://www.douyin.com/video/7647048053010604194
v10560,https://www.douyin.com/video/7646372919299620474
v10561,https://www.douyin.com/note/7643789308612345210
v10562,https://www.douyin.com/video/7647090483734633690
v10563,https://www.douyin.com/video/7613975058695884073
v10564,https://www.douyin.com/video/7255599336434732351
v10565,https://www.douyin.com/video/7252112197269081403
v10566,https://www.douyin.com/video/7583611680128011569
v10567,https://www.douyin.com/video/7293559318115372297
v10568,https://www.douyin.com/video/7396863999020633363
v10569,https://www.douyin.com/video/7031835177756282150
v10570,https://www.douyin.com/note/7646952478147600207
v10571,https://www.douyin.com/note/7647096608904410278
v10572,https://www.douyin.com/video/7644011726807646121
v10573,https://www.douyin.com/note/7640003441558126053
v10574,https://www.douyin.com/video/7645602117847252401
v10575,https://www.douyin.com/video/7647092498784121003
v10576,https://www.douyin.com/note/7645988911579279738
v10577,https://www.douyin.com/note/7647098084564482554
v10578,https://www.douyin.com/video/7627754256699422641
v10579,https://www.douyin.com/note/7645336901830490688
v10580,https://www.douyin.com/video/7636681868108172594
v10581,https://www.douyin.com/note/7638505428934794609
v10582,https://www.douyin.com/video/7646412316409482523
v10583,https://www.douyin.com/note/7647066295955980123
v10584,https://www.douyin.com/video/7627464848205262450
v10585,https://www.douyin.com/video/7646312290228112694
v10586,https://www.douyin.com/note/7646845006971738779
v10587,https://www.douyin.com/note/7646453498524439970
v10588,https://www.douyin.com/video/7644324818292149546
v10589,https://www.douyin.com/video/7647057084371156864
v10590,https://www.douyin.com/video/7645655303635134370
v10591,https://www.douyin.com/video/7631927150795214440
v10592,https://www.douyin.com/video/7645980147971995898
v10593,https://www.douyin.com/note/7646951929003720441
v10594,https://www.douyin.com/video/7636647045005335802
v10595,https://www.douyin.com/video/7624571672440084977
v10596,https://www.douyin.com/note/7645636968269169018
v10597,https://www.douyin.com/video/7603192975362936110
v10598,https://www.douyin.com/note/7647108126722328931
v10599,https://www.douyin.com/video/7642326708791703483
v10600,https://www.douyin.com/video/7637110480141735350
v10601,https://www.douyin.com/video/7646416862553207653
v10602,https://www.douyin.com/video/7639211582928588082
v10603,https://www.douyin.com/video/7597803484913732905
v10604,https://www.douyin.com/video/7642005579016349605
v10605,https://www.douyin.com/video/7645875825557230783
v10606,https://www.douyin.com/video/7647025722251213753
v10607,https://www.douyin.com/note/7644461092353944969
v10608,https://www.douyin.com/video/7641306736922095526
v10609,https://www.douyin.com/video/7646845885943166463
v10610,https://www.douyin.com/note/7646303612491211441
v10611,https://www.douyin.com/video/7629672526280396086
v10612,https://www.douyin.com/video/7643622136238163633
v10613,https://www.douyin.com/video/7643317397470012261
v10614,https://www.douyin.com/video/7644127337788869924
v10615,https://www.douyin.com/video/7646381657977179200
v10616,https://www.douyin.com/note/7645949217462160690
v10617,https://www.douyin.com/video/7644140592276493243
v10618,https://www.douyin.com/video/7646960381037995690
v10619,https://www.douyin.com/video/7645775888956624155
v10620,https://www.douyin.com/note/7646608224443713947
v10621,https://www.douyin.com/video/7640104831349323237
v10622,https://www.douyin.com/video/7640839785666322161
v10623,https://www.douyin.com/note/7645574770478660267
v10624,https://www.douyin.com/video/7574165909305134363
v10625,https://www.douyin.com/video/7632730233912724209
v10626,https://www.douyin.com/video/7644884729552994533
v10627,https://www.douyin.com/note/7646761816672312463
v10628,https://www.douyin.com/video/7637524821379692901
v10629,https://www.douyin.com/video/7645492592624346739
v10630,https://www.douyin.com/video/7609639853969444123
v10631,https://www.douyin.com/video/7644180017211022452
v10632,https://www.douyin.com/video/7646351516416232713
v10633,https://www.douyin.com/note/7646829391582649321
v10634,https://www.douyin.com/video/7646357019914298043
v10635,https://www.douyin.com/note/7646091095008844411
v10636,https://www.douyin.com/video/7642711419277141115
v10637,https://www.douyin.com/note/7645869493286539944
v10638,https://www.douyin.com/video/7643821177811419301
v10639,https://www.douyin.com/video/7638242585135287606
v10640,https://www.douyin.com/video/7646006956872324745
v10641,https://www.douyin.com/note/7646827061509081521
v10642,https://www.douyin.com/video/7638450365490318598
v10643,https://www.douyin.com/note/7647073742447747684
v10644,https://www.douyin.com/note/7647024083993586569
v10645,https://www.douyin.com/video/7644489585979903266
v10646,https://www.douyin.com/video/7646712446555878117
v10647,https://www.douyin.com/note/7646468730280653723
v10648,https://www.douyin.com/video/7644879457514097082
v10649,https://www.douyin.com/note/7647013209925369838
v10650,https://www.douyin.com/video/7645564078789803963
v10651,https://www.douyin.com/video/7645382010852085046
v10652,https://www.douyin.com/note/7647091042744327013
v10653,https://www.douyin.com/video/7645537475167714661
v10654,https://www.douyin.com/note/7646825487893676517
v10655,https://www.douyin.com/note/7647079882719249289
v10656,https://www.douyin.com/video/7636672577695403291
v10657,https://www.douyin.com/video/7646665585775208582
v10658,https://www.douyin.com/note/7646655730494129999
v10659,https://www.douyin.com/note/7647010554188334821
v10660,https://www.douyin.com/note/7642348496309444537
v10661,https://www.douyin.com/note/7646724906784247046
v10662,https://www.douyin.com/note/7647009432203216867
v10663,https://www.douyin.com/video/7628126856348175659
v10664,https://www.douyin.com/video/7633038976019143551
v10665,https://www.douyin.com/video/7643082404273682033
v10666,https://www.douyin.com/video/7645307737966536313
v10667,https://www.douyin.com/note/7646967960507201635
v10668,https://www.douyin.com/video/7637109083543227698
v10669,https://www.douyin.com/video/7646722998167462760
v10670,https://www.douyin.com/video/7646609168102657343
v10671,https://www.douyin.com/video/7646366537872605041
v10672,https://www.douyin.com/video/7638900367158545259
v10673,https://www.douyin.com/video/7576202505546157353
v10674,https://www.douyin.com/video/7617269390451981989
v10675,https://www.douyin.com/note/7646463996212425290
v10676,https://www.douyin.com/video/7641813304129686830
v10677,https://www.douyin.com/note/7647088964025212773
v10678,https://www.douyin.com/note/7646983649875598666
v10679,https://www.douyin.com/video/7646061089234723914
v10680,https://www.douyin.com/video/7632219979198270747
v10681,https://www.douyin.com/note/7645872667568416121
v10682,https://www.douyin.com/video/7645200387418796773
v10683,https://www.douyin.com/video/7642218848518671679
v10684,https://www.douyin.com/note/7638139167168072805
v10685,https://www.douyin.com/video/7646795212169380966
v10686,https://www.douyin.com/note/7646659337633297898
v10687,https://www.douyin.com/video/7644077616672726107
v10688,https://www.douyin.com/video/7643041243711392113
v10689,https://www.douyin.com/video/7642184699686800681
v10690,https://www.douyin.com/video/7644825039266729254
v10691,https://www.douyin.com/note/7646902418994754486
v10692,https://www.douyin.com/video/7646437414018434481
v10693,https://www.douyin.com/note/7646770729556508923
v10694,https://www.douyin.com/video/7643463085193170228
v10695,https://www.douyin.com/note/7646659570568497637
v10696,https://www.douyin.com/video/7645666706791396347
v10697,https://www.douyin.com/note/7647087958725965307
v10698,https://www.douyin.com/video/7627141375913364763
v10699,https://www.douyin.com/note/7646686016099525806
v10700,https://www.douyin.com/video/7646744217703980462
v10701,https://www.douyin.com/video/7635126209575243051
v10702,https://www.douyin.com/note/7646399408208250107
v10703,https://www.douyin.com/video/7641209577903889829
v10704,https://www.douyin.com/video/7646852064929363429
v10705,https://www.douyin.com/note/7647082071354207909
v10706,https://www.douyin.com/video/7640380457233796415
v10707,https://www.douyin.com/note/7645727267595907515
v10708,https://www.douyin.com/video/7122774872215784717
v10709,https://www.douyin.com/video/7551837792192564519
v10710,https://www.douyin.com/video/7645079342192583289
v10711,https://www.douyin.com/note/7647088260133917364
v10712,https://www.douyin.com/video/7642175640694689060
v10713,https://www.douyin.com/video/7641665472564645544
v10714,https://www.douyin.com/note/7646422406429153253
v10715,https://www.douyin.com/note/7646788918692225641
v10716,https://www.douyin.com/video/7643162902479899944
v10717,https://www.douyin.com/video/7646319092156222735
v10718,https://www.douyin.com/video/7636750924907613475
v10719,https://www.douyin.com/video/7646528267986102372
v10720,https://www.douyin.com/video/7646778544906947882
v10721,https://www.douyin.com/video/7504608194031930651
v10722,https://www.douyin.com/video/7646981311923604742
v10723,https://www.douyin.com/video/7646366847075355931
v10724,https://www.douyin.com/video/7593611811794980122
v10725,https://www.douyin.com/video/7640451942523860618
v10726,https://www.douyin.com/video/7565842677938277675
v10727,https://www.douyin.com/video/7645645559390483449
v10728,https://www.douyin.com/video/7606614124939775238
v10729,https://www.douyin.com/video/7646430068495115124
v10730,https://www.douyin.com/video/7642644506986302730
v10731,https://www.douyin.com/video/7638519183852031278
v10732,https://www.douyin.com/video/7585884453545839913
v10733,https://www.douyin.com/video/7645624217710932153
v10734,https://www.douyin.com/note/7647102990075395426
v10735,https://www.douyin.com/video/7643725902132980857
v10736,https://www.douyin.com/video/7645157487322904059
v10737,https://www.douyin.com/note/7647066734792570233
v10738,https://www.douyin.com/video/7599639271280020755
v10739,https://www.douyin.com/video/7640910320080391474
v10740,https://www.douyin.com/video/7645333048264128889
v10741,https://www.douyin.com/video/7636297572029582577
v10742,https://www.douyin.com/note/7638815228951748212
v10743,https://www.douyin.com/video/7628509830106529955
v10744,https://www.douyin.com/video/7635255149358812457
v10745,https://www.douyin.com/video/7643386420387777830
v10746,https://www.douyin.com/video/7633549092123184390
v10747,https://www.douyin.com/video/7644541863868763434
v10748,https://www.douyin.com/video/7645904195166026600
v10749,https://www.douyin.com/video/7608808151936257334
v10750,https://www.douyin.com/note/7646973175943700657
v10751,https://www.douyin.com/note/7646973861665986255
v10752,https://www.douyin.com/video/7645304185646370067
v10753,https://www.douyin.com/video/7639639743983012337
v10754,https://www.douyin.com/video/7645650705265846513
v10755,https://www.douyin.com/note/7638022398036362993
v10756,https://www.douyin.com/note/7575856994319423474
v10757,https://www.douyin.com/video/7646943344518853812
v10758,https://www.douyin.com/video/7606432286745152809
v10759,https://www.douyin.com/note/7645365780813473481
v10760,https://www.douyin.com/video/7646249649548742897
v10761,https://www.douyin.com/video/7637102099817418027
v10762,https://www.douyin.com/note/7647087523424004209
v10763,https://www.douyin.com/note/7646806015892049142
v10764,https://www.douyin.com/video/7600639845643341098
v10765,https://www.douyin.com/note/7646973513992288933
v10766,https://www.douyin.com/video/7634057344661376283
v10767,https://www.douyin.com/note/7642285246377672626
v10768,https://www.douyin.com/video/7477900213244529958
v10769,https://www.douyin.com/video/7636293746225881838
v10770,https://www.douyin.com/video/7624494952856210738
v10771,https://www.douyin.com/video/7587468387660418330
v10772,https://www.douyin.com/video/7645546693034855714
v10773,https://www.douyin.com/note/7646958258498601893
v10774,https://www.douyin.com/video/7646348420176809267
v10775,https://www.douyin.com/video/7646947194063174117
v10776,https://www.douyin.com/note/7645443238132955754
v10777,https://www.douyin.com/video/7646793505129583802
v10778,https://www.douyin.com/video/7647079872590323880
v10779,https://www.douyin.com/video/7646687618117550912
v10780,https://www.douyin.com/video/7646732070706063970
v10781,https://www.douyin.com/video/7646735947442539240
v10782,https://www.douyin.com/note/7646748115622789794
v10783,https://www.douyin.com/video/7647013614533108642
v10784,https://www.douyin.com/video/7639960527044676907
v10785,https://www.douyin.com/note/7645662501610519153
v10786,https://www.douyin.com/video/7645014184169590059
v10787,https://www.douyin.com/video/7629225840426087921
v10788,https://www.douyin.com/video/7647013619456085288
v10789,https://www.douyin.com/video/7642290285992496399
v10790,https://www.douyin.com/video/7636682921730662080
v10791,https://www.douyin.com/video/7645410206679174442
v10792,https://www.douyin.com/video/7645187611874594067
v10793,https://www.douyin.com/video/7646828231379702715
v10794,https://www.douyin.com/video/7647013607817581434
v10795,https://www.douyin.com/video/7642396593206955270
v10796,https://www.douyin.com/note/7647036180500764386
v10797,https://www.douyin.com/video/7645327987562646513
v10798,https://www.douyin.com/video/7645636727776590961
v10799,https://www.douyin.com/video/7646183504171394417
v10800,https://www.douyin.com/video/7640050375340428596
v10801,https://www.douyin.com/note/7647013785416490418
v10802,https://www.douyin.com/video/7645690424519406026
v10803,https://www.douyin.com/video/7646823679725415609
v10804,https://www.douyin.com/note/7625237123088803313
v10805,https://www.douyin.com/video/7641093470924410131
v10806,https://www.douyin.com/video/7643477727731064154
v10807,https://www.douyin.com/video/7645323421118845563
v10808,https://www.douyin.com/video/7455137328672132352
v10809,https://www.douyin.com/video/7646989839543389475
v10810,https://www.douyin.com/note/7646816533335380904
v10811,https://www.douyin.com/video/7646860856404553211
v10812,https://www.douyin.com/video/7646720589465390372
v10813,https://www.douyin.com/video/7631916997563107955
v10814,https://www.douyin.com/video/7638330231996140854
v10815,https://www.douyin.com/video/7646830976656057765
v10816,https://www.douyin.com/video/7647068100348693806
v10817,https://www.douyin.com/video/7646974667299363058
v10818,https://www.douyin.com/video/7646815390828016229
v10819,https://www.douyin.com/video/7646785750566063396
v10820,https://www.douyin.com/video/7647020425716813065
v10821,https://www.douyin.com/video/7647032791074426138
v10822,https://www.douyin.com/video/7615611581456643003
v10823,https://www.douyin.com/note/7646006649635574628
v10824,https://www.douyin.com/video/7647066160151973224
v10825,https://www.douyin.com/video/7646742040033949410
v10826,https://www.douyin.com/video/7581727126512995647
v10827,https://www.douyin.com/video/7645836908720233201
v10828,https://www.douyin.com/video/7619591250219486506
v10829,https://www.douyin.com/video/7642707085499452347
v10830,https://www.douyin.com/video/7645130616857464070
v10831,https://www.douyin.com/video/7646879745149308203
v10832,https://www.douyin.com/note/7647003086545218554
v10833,https://www.douyin.com/video/7646322768317734318
v10834,https://www.douyin.com/video/7629714922499244788
v10835,https://www.douyin.com/video/7646789993477815674
v10836,https://www.douyin.com/video/7628180951621762213
v10837,https://www.douyin.com/video/7646877102072380786
v10838,https://www.douyin.com/video/7642203764715195686
v10839,https://www.douyin.com/video/7646102630648969408
v10840,https://www.douyin.com/video/7646377722109766501
v10841,https://www.douyin.com/video/7645610778046114277
v10842,https://www.douyin.com/video/7645845697821045194
v10843,https://www.douyin.com/video/7638602813485292005
v10844,https://www.douyin.com/video/7646972771787885824
v10845,https://www.douyin.com/video/7644762499954592975
v10846,https://www.douyin.com/video/7626779050500951346
v10847,https://www.douyin.com/video/7644228083695852529
v10848,https://www.douyin.com/video/7646526820187163947
v10849,https://www.douyin.com/note/7647068165462071498
v10850,https://www.douyin.com/note/7645892343841283494
v10851,https://www.douyin.com/video/7647144145304078208
v10852,https://www.douyin.com/note/7647114347706537147
v10853,https://www.douyin.com/note/7647095516660868601
v10854,https://www.douyin.com/video/7632268565156039990
v10855,https://www.douyin.com/video/7646370192712900986
v10856,https://www.douyin.com/video/7646850700513410225
v10857,https://www.douyin.com/video/7537519344599715118
v10858,https://www.douyin.com/video/7641061605329187702
v10859,https://www.douyin.com/video/7637884754319485093
v10860,https://www.douyin.com/video/7597514408352304422
v10861,https://www.douyin.com/video/7645622497216208377
v10862,https://www.douyin.com/video/7543537716110167350
v10863,https://www.douyin.com/video/7643487961887079921
v10864,https://www.douyin.com/note/7643348644971775846
v10865,https://www.douyin.com/note/7640708373764607985
v10866,https://www.douyin.com/video/7641968874250031333
v10867,https://www.douyin.com/video/7636733330527924297
v10868,https://www.douyin.com/video/7627175252220579110
v10869,https://www.douyin.com/video/7638894205041625957
v10870,https://www.douyin.com/video/7647339985809011899
v10871,https://www.douyin.com/video/7645300583636815158
v10872,https://www.douyin.com/video/7644397735734750564
v10873,https://www.douyin.com/video/7641540058596553641
v10874,https://www.douyin.com/video/7646373335576480177
v10875,https://www.douyin.com/video/7643768114773085455
v10876,https://www.douyin.com/video/7637183565352603087
v10877,https://www.douyin.com/video/7645289234807093861
v10878,https://www.douyin.com/video/7506211872039832871
v10879,https://www.douyin.com/video/7636994802060364731
v10880,https://www.douyin.com/video/7645653428614004800
v10881,https://www.douyin.com/note/7643056030918463929
v10882,https://www.douyin.com/video/7535375530942549302
v10883,https://www.douyin.com/video/7645524121019291578
v10884,https://www.douyin.com/video/7527533601622183219
v10885,https://www.douyin.com/note/7587869362364730624
v10886,https://www.douyin.com/video/7523838162343693568
v10887,https://www.douyin.com/note/7633685975353267429
v10888,https://www.douyin.com/video/7645000644981509385
v10889,https://www.douyin.com/note/7646144914912817147
v10890,https://www.douyin.com/note/7646053536586314344
v10891,https://www.douyin.com/video/7646714023244860714
v10892,https://www.douyin.com/video/7644965470810847138
v10893,https://www.douyin.com/video/7647173435651153914
v10894,https://www.douyin.com/video/7646334047219731758
v10895,https://www.douyin.com/video/7647344187466424996
v10896,https://www.douyin.com/video/7647329169655424603
v10897,https://www.douyin.com/video/7647022515810249337
v10898,https://www.douyin.com/note/7647017573582210725
v10899,https://www.douyin.com/video/7595517585823780102
v10900,https://www.douyin.com/note/7647159057556898761
v10901,https://www.douyin.com/video/7615854349805210931
v10902,https://www.douyin.com/note/7647380742951204042
v10903,https://www.douyin.com/video/7595398064597110052
v10904,https://www.douyin.com/video/7402237304242326836
v10905,https://www.douyin.com/video/7402272073000766732
v10906,https://www.douyin.com/video/7585212231508315446
v10907,https://www.douyin.com/video/7159750302684417293
v10908,https://www.douyin.com/video/7567762377815379243
v10909,https://www.douyin.com/video/7551331486520970532
v10910,https://www.douyin.com/note/7647099927751786986
v10911,https://www.douyin.com/video/7595172428527979817
v10912,https://www.douyin.com/note/7646756516405789809
v10913,https://www.douyin.com/video/7647011948186432488
v10914,https://www.douyin.com/note/7647120585419525417
v10915,https://www.douyin.com/note/7639579647659769835
v10916,https://www.douyin.com/note/7644595137415456178
v10917,https://www.douyin.com/video/7638152703356612017
v10918,https://www.douyin.com/note/7647124539545037238
v10919,https://www.douyin.com/video/7537519595066756378
v10920,https://www.douyin.com/note/7646767351697898099
v10921,https://www.douyin.com/note/7643469465530794213
v10922,https://www.douyin.com/video/7600450012559985956
v10923,https://www.douyin.com/note/7647334854179166437
v10924,https://www.douyin.com/note/7645461796619606693
v10925,https://www.douyin.com/note/7550296805506960699
v10926,https://www.douyin.com/note/7561469984569265466
v10927,https://www.douyin.com/video/7595433933112115569
v10928,https://www.douyin.com/note/7597286082435147763
v10929,https://www.douyin.com/video/7602903179629877833
v10930,https://www.douyin.com/video/7619630649318803657
v10931,https://www.douyin.com/video/7618540614707838810
v10932,https://www.douyin.com/note/7625247871512237178
v10933,https://www.douyin.com/video/7626684304487170673
v10934,https://www.douyin.com/note/7631199926437272678
v10935,https://www.douyin.com/video/7631619375149482353
v10936,https://www.douyin.com/video/7632263340312899834
v10937,https://www.douyin.com/note/7633007306398206342
v10938,https://www.douyin.com/note/7635314449183933873
v10939,https://www.douyin.com/video/7640136335365825961
v10940,https://www.douyin.com/video/7644155267881745354
v10941,https://www.douyin.com/note/7620489513496725422
v10942,https://www.douyin.com/note/7543676812582227242
v10943,https://www.douyin.com/video/7470919040643517705
v10944,https://www.douyin.com/video/7644925088638301914
v10945,https://www.douyin.com/note/7646823777410114790
v10946,https://www.douyin.com/note/7646058883756270490
v10947,https://www.douyin.com/note/7647339243173416232
v10948,https://www.douyin.com/video/7646769608313321865
v10949,https://www.douyin.com/note/7647118943714315685
v10950,https://www.douyin.com/video/7645256242806809715
v10951,https://www.douyin.com/video/7645228489989164294
v10952,https://www.douyin.com/video/7646983552927649024
v10953,https://www.douyin.com/video/7641256209739378789
v10954,https://www.douyin.com/note/7645569799573001189
v10955,https://www.douyin.com/video/7555473593010834729
v10956,https://www.douyin.com/note/7647037793817890075
v10957,https://www.douyin.com/video/7645350403038645556
v10958,https://www.douyin.com/video/7647170615035628863
v10959,https://www.douyin.com/video/7619201884569521449
v10960,https://www.douyin.com/note/7646751825131095269
v10961,https://www.douyin.com/video/7647297964272781690
v10962,https://www.douyin.com/video/7580077748446563647
v10963,https://www.douyin.com/note/7647335608940239355
v10964,https://www.douyin.com/note/7647354288267655622
v10965,https://www.douyin.com/note/7647342932932985329
v10966,https://www.douyin.com/video/7647338151161600357
v10967,https://www.douyin.com/video/7646136207076987771
v10968,https://www.douyin.com/video/7624390300349287734
v10969,https://www.douyin.com/video/7647325171409374490
v10970,https://www.douyin.com/video/7646306158748454265
v10971,https://www.douyin.com/video/7647159469420513189
v10972,https://www.douyin.com/video/7646286209068698889
v10973,https://www.douyin.com/video/7647254117013858981
v10974,https://www.douyin.com/video/7617898018259340550
v10975,https://www.douyin.com/video/7616474341546413355
v10976,https://www.douyin.com/note/7647251252649703537
v10977,https://www.douyin.com/video/7645536992323911907
v10978,https://www.douyin.com/video/7640794377064926527
v10979,https://www.douyin.com/video/7646345852440909681
v10980,https://www.douyin.com/video/7643822269236545393
v10981,https://www.douyin.com/video/7644478602378519921
v10982,https://www.douyin.com/note/7644981286968585649
v10983,https://www.douyin.com/video/7644879618188912841
v10984,https://www.douyin.com/video/7643765021277658778
v10985,https://www.douyin.com/video/7646674100001230090
v10986,https://www.douyin.com/video/7640888280015238778
v10987,https://www.douyin.com/video/7640016657050693834
v10988,https://www.douyin.com/video/7646890491392380186
v10989,https://www.douyin.com/video/7637426080852774587
v10990,https://www.douyin.com/video/7625133877312490803
v10991,https://www.douyin.com/video/7646779253632386033
v10992,https://www.douyin.com/video/7640436652904615202
v10993,https://www.douyin.com/video/7574068173416130021
v10994,https://www.douyin.com/video/7640097644123571941
v10995,https://www.douyin.com/video/7644159852575099892
v10996,https://www.douyin.com/video/7646673200465693993
v10997,https://www.douyin.com/note/7645528621310646121
v10998,https://www.douyin.com/video/7646392591595949366
v10999,https://www.douyin.com/video/7646467161627626795
v11000,https://www.douyin.com/video/7646754906564562230
v11001,https://www.douyin.com/video/7647127205209771307
v11002,https://www.douyin.com/video/7647129298536615209
v11003,https://www.douyin.com/video/7647131266281786667
v11004,https://www.douyin.com/video/7646003186553787761
v11005,https://www.douyin.com/video/7618156699924401442
v11006,https://www.douyin.com/video/7529875643342884154
v11007,https://www.douyin.com/video/7603304564695232763
v11008,https://www.douyin.com/video/7565436473123015973
v11009,https://www.douyin.com/video/7601484851720380913
v11010,https://www.douyin.com/video/7574748560332295460
v11011,https://www.douyin.com/video/7644145936280669440
v11012,https://www.douyin.com/video/7640053399778201064
v11013,https://www.douyin.com/video/7624377871830183156
v11014,https://www.douyin.com/video/7624469363973973475
v11015,https://www.douyin.com/video/7625475918169395072
v11016,https://www.douyin.com/video/7624750504991864448
v11017,https://www.douyin.com/video/7627718780664657320
v11018,https://www.douyin.com/video/7627442221772548514
v11019,https://www.douyin.com/video/7627708903597981903
v11020,https://www.douyin.com/video/7634025983373688692
v11021,https://www.douyin.com/video/7634085226213777576
v11022,https://www.douyin.com/video/7629943476290093812
v11023,https://www.douyin.com/video/7635518880711245440
v11024,https://www.douyin.com/video/7635582495824127104
v11025,https://www.douyin.com/video/7636252797566216291
v11026,https://www.douyin.com/video/7636335841506634176
v11027,https://www.douyin.com/video/7636709412321181876
v11028,https://www.douyin.com/video/7636665848194819648
v11029,https://www.douyin.com/video/7637027690750954152
v11030,https://www.douyin.com/video/7637458895603263055
v11031,https://www.douyin.com/video/7637401155434543296
v11032,https://www.douyin.com/video/7637060717125058408
v11033,https://www.douyin.com/video/7639220585151104847
v11034,https://www.douyin.com/video/7638524316216641396
v11035,https://www.douyin.com/video/7638905973461997795
v11036,https://www.douyin.com/video/7638478146446506624
v11037,https://www.douyin.com/video/7638251261952006370
v11038,https://www.douyin.com/video/7638473790045808227
v11039,https://www.douyin.com/video/7639594353971155048
v11040,https://www.douyin.com/video/7639679458623364840
v11041,https://www.douyin.com/video/7639685405181417067
v11042,https://www.douyin.com/video/7645249555990674082
v11043,https://www.douyin.com/video/7645622551020994467
v11044,https://www.douyin.com/video/7507233634983759119
v11045,https://www.douyin.com/video/7647104422161855720
v11046,https://www.douyin.com/video/7647122142559039589
v11047,https://www.douyin.com/video/7647034215649508718
v11048,https://www.douyin.com/video/7635510176032805952
v11049,https://www.douyin.com/video/7646758178386474213
v11050,https://www.douyin.com/video/7642560270372203235
v11051,https://www.douyin.com/video/7643121077375241526
v11052,https://www.douyin.com/note/7647147664589832049
v11053,https://www.douyin.com/video/7605516455807639985
v11054,https://www.douyin.com/video/7642302527329787334
v11055,https://www.douyin.com/video/7644500750952828210
v11056,https://www.douyin.com/video/7647179093314274929
v11057,https://www.douyin.com/video/7642756503007583653
v11058,https://www.douyin.com/video/7646586733455767396
v11059,https://www.douyin.com/note/7647333660051563919
v11060,https://www.douyin.com/video/7646091804495957302
v11061,https://www.douyin.com/video/7594794788415856027
v11062,https://www.douyin.com/note/7646983521487364212
v11063,https://www.douyin.com/video/7604444524835835178
v11064,https://www.douyin.com/video/7549483551907122468
v11065,https://www.douyin.com/video/7551272221244755241
v11066,https://www.douyin.com/video/7639242907056164147
v11067,https://www.douyin.com/video/7637780790947940217
v11068,https://www.douyin.com/video/7551998968788421940
v11069,https://www.douyin.com/video/7549770340634922299
v11070,https://www.douyin.com/video/7643005978984599803
v11071,https://www.douyin.com/video/7647327029763808233
v11072,https://www.douyin.com/video/7643741864314690789
v11073,https://www.douyin.com/video/7647159689029535077
v11074,https://www.douyin.com/video/7643422323882225329
v11075,https://www.douyin.com/video/7644989970101631906
v11076,https://www.douyin.com/note/7624899937452660712
v11077,https://www.douyin.com/video/7646112549502487850
v11078,https://www.douyin.com/video/7646379732238538363
v11079,https://www.douyin.com/video/7644965660196239595
v11080,https://www.douyin.com/video/7645169804965860026
v11081,https://www.douyin.com/video/7645255190605694697
v11082,https://www.douyin.com/video/7633082613040844209
v11083,https://www.douyin.com/video/7095662779478084902
v11084,https://www.douyin.com/note/7475463281793191226
v11085,https://www.douyin.com/video/7646469336828621745
v11086,https://www.douyin.com/note/7269331293127642383
v11087,https://www.douyin.com/video/7646690495528331110
v11088,https://www.douyin.com/note/7364732503904554294
v11089,https://www.douyin.com/note/7618014915437473606
v11090,https://www.douyin.com/note/7271802800047131940
v11091,https://www.douyin.com/note/7069747917753552142
v11092,https://www.douyin.com/video/7301879416458693922
v11093,https://www.douyin.com/video/7647132164975600859
v11094,https://www.douyin.com/video/7646690098809234675
v11095,https://www.douyin.com/video/7640314660613536633
v11096,https://www.douyin.com/video/7646196205476110521
v11097,https://www.douyin.com/video/7638445837781044490
v11098,https://www.douyin.com/video/7647176589042259018
v11099,https://www.douyin.com/video/7634007140776070434
v11100,https://www.douyin.com/note/7646785610208968154
v11101,https://www.douyin.com/video/7646386330037192363
v11102,https://www.douyin.com/note/7646380114860053093
v11103,https://www.douyin.com/note/7647188623645181922
v11104,https://www.douyin.com/video/7645571378771289259
v11105,https://www.douyin.com/video/7646670421445725476
v11106,https://www.douyin.com/video/7645521591297120378
v11107,https://www.douyin.com/video/7646008543200167781
v11108,https://www.douyin.com/video/7637362774288436534
v11109,https://www.douyin.com/video/7646446864820178218
v11110,https://www.douyin.com/note/7647183909680063973
v11111,https://www.douyin.com/note/7646461210929986789
v11112,https://www.douyin.com/video/7647191101262861489
v11113,https://www.douyin.com/video/7646616954366627113
v11114,https://www.douyin.com/video/7637459815983341745
v11115,https://www.douyin.com/video/7528718416090303786
v11116,https://www.douyin.com/video/7646686278667344538
v11117,https://www.douyin.com/note/7642559912438706617
v11118,https://www.douyin.com/video/7507920972045946175
v11119,https://www.douyin.com/video/7625559962475652450
v11120,https://www.douyin.com/note/7646808869808838053
v11121,https://www.douyin.com/video/7645499808051912420
v11122,https://www.douyin.com/video/7646396005121936649
v11123,https://www.douyin.com/video/7647307297501397723
v11124,https://www.douyin.com/video/7645627954915003654
v11125,https://www.douyin.com/video/7647193758982753572
v11126,https://www.douyin.com/video/7646010307190322681
v11127,https://www.douyin.com/note/7640801181056402853
v11128,https://www.douyin.com/note/7640425535792980729
v11129,https://www.douyin.com/video/7601748161031408915
v11130,https://www.douyin.com/video/7643395131312016305
v11131,https://www.douyin.com/note/7638203061151782629
v11132,https://www.douyin.com/note/7641861862242823921
v11133,https://www.douyin.com/video/7646736500310452837
v11134,https://www.douyin.com/video/7645997166926657275
v11135,https://www.douyin.com/video/7645251185464972645
v11136,https://www.douyin.com/video/7643078354333220977
v11137,https://www.douyin.com/video/7641372722593241811
v11138,https://www.douyin.com/video/7638992252618423269
v11139,https://www.douyin.com/video/7637077995534348005
v11140,https://www.douyin.com/video/7641803622704075722
v11141,https://www.douyin.com/video/7644209283806006591
v11142,https://www.douyin.com/video/7508316987450592566
v11143,https://www.douyin.com/video/7645315386837167717
v11144,https://www.douyin.com/video/7638650199765811914
v11145,https://www.douyin.com/video/7624378653874830778
v11146,https://www.douyin.com/video/7555839806908861696
v11147,https://www.douyin.com/video/7646429225133657407
v11148,https://www.douyin.com/video/7356941844833438991
v11149,https://www.douyin.com/video/7215146400852512060
v11150,https://www.douyin.com/video/6504847392636931341
v11151,https://www.douyin.com/video/7643626700491771151
v11152,https://www.douyin.com/note/7567306658733821224
v11153,https://www.douyin.com/video/7639410223773972426
v11154,https://www.douyin.com/video/7645293407593581864
v11155,https://www.douyin.com/video/7641593104269753326
v11156,https://www.douyin.com/video/7617323959700976377
v11157,https://www.douyin.com/video/7629577495729800563
v11158,https://www.douyin.com/video/7631177372968753339
v11159,https://www.douyin.com/video/7643272112867179441
v11160,https://www.douyin.com/video/7647185066477964793
v11161,https://www.douyin.com/video/7645307289243831154
v11162,https://www.douyin.com/video/7626640973849726250
v11163,https://www.douyin.com/video/7645003728026276197
v11164,https://www.douyin.com/video/7636715889043364809
v11165,https://www.douyin.com/note/7647328573535116666
v11166,https://www.douyin.com/video/7634867430568873252
v11167,https://www.douyin.com/video/7645642947275152613
v11168,https://www.douyin.com/video/7637143240545783078
v11169,https://www.douyin.com/video/7647048828566619377
v11170,https://www.douyin.com/video/7646232907098741082
v11171,https://www.douyin.com/video/7646720265942043946
v11172,https://www.douyin.com/video/7594881337589288230
v11173,https://www.douyin.com/video/7647077507041369061
v11174,https://www.douyin.com/note/7647175674016468465
v11175,https://www.douyin.com/video/7647229548869864746
v11176,https://www.douyin.com/video/7615250063644631673
v11177,https://www.douyin.com/video/7647149043201889019
v11178,https://www.douyin.com/video/7646656327925972974
v11179,https://www.douyin.com/video/7592131622019829042
v11180,https://www.douyin.com/note/7645691267154121061
v11181,https://www.douyin.com/note/7647327570359180155
v11182,https://www.douyin.com/video/7646638504218348850
v11183,https://www.douyin.com/note/7646201551103036298
v11184,https://www.douyin.com/note/7647136856496416756
v11185,https://www.douyin.com/video/7647157665307682811
v11186,https://www.douyin.com/video/7647160815263847598
v11187,https://www.douyin.com/note/7647332878644483442
v11188,https://www.douyin.com/video/7647146023663471924
v11189,https://www.douyin.com/video/7647157372544230208
v11190,https://www.douyin.com/video/7647148998600777705
v11191,https://www.douyin.com/video/7647180715121069364
v11192,https://www.douyin.com/video/7647149355786406763
v11193,https://www.douyin.com/video/7647171150212223654
v11194,https://www.douyin.com/video/7647201261016442218
v11195,https://www.douyin.com/video/7647146591798861274
v11196,https://www.douyin.com/note/7647176296368272817
v11197,https://www.douyin.com/note/7647174473958891362
v11198,https://www.douyin.com/video/7647157205338570112
v11199,https://www.douyin.com/video/7624715198267428137
v11200,https://www.douyin.com/video/7643914208346153344
v11201,https://www.douyin.com/video/7577395494999127546
v11202,https://www.douyin.com/video/7589952806384110907
v11203,https://www.douyin.com/video/7645642634685353222
v11204,https://www.douyin.com/video/7645015202778626789
v11205,https://www.douyin.com/video/7644629431844494949
v11206,https://www.douyin.com/video/7643171310755102885
v11207,https://www.douyin.com/video/7641691210419706789
v11208,https://www.douyin.com/video/7639189802163648933
v11209,https://www.douyin.com/video/7638272295542316938
v11210,https://www.douyin.com/video/7646237375002354102
v11211,https://www.douyin.com/video/7642345519175568675
v11212,https://www.douyin.com/video/7646724403702598947
v11213,https://www.douyin.com/video/7647075150399049003
v11214,https://www.douyin.com/video/7637032638447996210
v11215,https://www.douyin.com/video/7638577611614183078
v11216,https://www.douyin.com/video/7645694433099200753
v11217,https://www.douyin.com/video/7637484888777706790
v11218,https://www.douyin.com/video/7646630092538833777
v11219,https://www.douyin.com/video/7646932194711801573
v11220,https://www.douyin.com/note/7647192659295768768
v11221,https://www.douyin.com/video/7642857889905239231
v11222,https://www.douyin.com/video/7647212306108573647
v11223,https://www.douyin.com/video/7645885544505398171
v11224,https://www.douyin.com/video/7629021924487597358
v11225,https://www.douyin.com/video/7640395651616442865
v11226,https://www.douyin.com/video/7621802536470629673
v11227,https://www.douyin.com/video/7647214839991402853
v11228,https://www.douyin.com/video/7633346083536519626
v11229,https://www.douyin.com/note/7631461369876248923
v11230,https://www.douyin.com/video/7637077115150957466
v11231,https://www.douyin.com/video/7634447108129787291
v11232,https://www.douyin.com/video/7631233564016692506
v11233,https://www.douyin.com/video/7645568072677428486
v11234,https://www.douyin.com/note/7647179061155923825
v11235,https://www.douyin.com/video/7527513173402946870
v11236,https://www.douyin.com/video/7646177471319402341
v11237,https://www.douyin.com/video/7646741321884929398
v11238,https://www.douyin.com/video/7640243770457427226
v11239,https://www.douyin.com/video/7645340223446450286
v11240,https://www.douyin.com/video/7537969174568652042
v11241,https://www.douyin.com/video/7616329073841670985
v11242,https://www.douyin.com/note/7645921921577691328
v11243,https://www.douyin.com/video/7640853107735636475
v11244,https://www.douyin.com/video/7643332066096074034
v11245,https://www.douyin.com/note/7647084729187208298
v11246,https://www.douyin.com/video/7647191099257163071
v11247,https://www.douyin.com/video/7638521370859327345
v11248,https://www.douyin.com/video/7646372293317670523
v11249,https://www.douyin.com/video/7647186458667233785
v11250,https://www.douyin.com/video/7646267815950873714
v11251,https://www.douyin.com/video/7647154816632091825
v11252,https://www.douyin.com/video/7647178190155480739
v11253,https://www.douyin.com/video/7647171235792588084
v11254,https://www.douyin.com/video/7647191490830078643
v11255,https://www.douyin.com/video/7647193883893353977
v11256,https://www.douyin.com/video/7606998809336882618
v11257,https://www.douyin.com/video/7600254885862427955
v11258,https://www.douyin.com/video/7643271233879320486
v11259,https://www.douyin.com/video/7640488514891548858
v11260,https://www.douyin.com/video/7646770558918610203
v11261,https://www.douyin.com/video/7647109314763021492
v11262,https://www.douyin.com/video/7635878528567288569
v11263,https://www.douyin.com/video/7647173992902413306
v11264,https://www.douyin.com/video/7646737617261871601
v11265,https://www.douyin.com/note/7647207575058025152
v11266,https://www.douyin.com/note/7647209078020637937
v11267,https://www.douyin.com/note/7647200130350137414
v11268,https://www.douyin.com/video/7631670650251267371
v11269,https://www.douyin.com/note/7647070615900570726
v11270,https://www.douyin.com/video/7644911033324195123
v11271,https://www.douyin.com/note/7647215018552114899
v11272,https://www.douyin.com/video/7647154213553753359
v11273,https://www.douyin.com/video/7603846835869879590
v11274,https://www.douyin.com/video/7563992800119885106
v11275,https://www.douyin.com/note/7647100572965479601
v11276,https://www.douyin.com/video/7646623204345171241
v11277,https://www.douyin.com/note/7647122413729702534
v11278,https://www.douyin.com/video/7614347147471573739
v11279,https://www.douyin.com/video/7646751327120361946
v11280,https://www.douyin.com/video/7646736959024499968
v11281,https://www.douyin.com/video/7642996377203507062
v11282,https://www.douyin.com/video/7614645344114682522
v11283,https://www.douyin.com/video/7629531699621713270
v11284,https://www.douyin.com/video/7639668228176116145
v11285,https://www.douyin.com/video/7622932328537235707
v11286,https://www.douyin.com/video/7646249192768306021
v11287,https://www.douyin.com/video/7642570040717745573
v11288,https://www.douyin.com/video/7640280416615763241
v11289,https://www.douyin.com/video/7645604221283302099
v11290,https://www.douyin.com/video/7646788342231400420
v11291,https://www.douyin.com/video/7646721628655547570
v11292,https://www.douyin.com/video/7647092781076204851
v11293,https://www.douyin.com/video/7637420456430319721
v11294,https://www.douyin.com/video/7639548459046299322
v11295,https://www.douyin.com/video/7619250451440203365
v11296,https://www.douyin.com/video/7642297785965874442
v11297,https://www.douyin.com/video/7639199896508029626
v11298,https://www.douyin.com/video/7624458973262225891
v11299,https://www.douyin.com/video/7636033576643024298
v11300,https://www.douyin.com/video/7630822746939107234
v11301,https://www.douyin.com/video/7625271500971682475
v11302,https://www.douyin.com/video/7615075333482684646
v11303,https://www.douyin.com/video/7647156930577970661
v11304,https://www.douyin.com/video/7647195894920101349
v11305,https://www.douyin.com/video/7647091317297794347
v11306,https://www.douyin.com/video/7647433522671553855
v11307,https://www.douyin.com/video/7647069695276118376
v11308,https://www.douyin.com/video/7646049392155564137
v11309,https://www.douyin.com/video/7646077190274141467
v11310,https://www.douyin.com/video/7646421319025914495
v11311,https://www.douyin.com/note/7647459313342688241
v11312,https://www.douyin.com/note/7647428234451495163
v11313,https://www.douyin.com/video/7647427482697600308
v11314,https://www.douyin.com/video/7647441882092946939
v11315,https://www.douyin.com/video/7647438592063067298
v11316,https://www.douyin.com/video/7647447162478259685
v11317,https://www.douyin.com/note/7647541579624233211
v11318,https://www.douyin.com/note/7647438858867315812
v11319,https://www.douyin.com/note/7647507229813988827
v11320,https://www.douyin.com/video/7647459456057380131
v11321,https://www.douyin.com/video/7647470453447581353
v11322,https://www.douyin.com/video/7647481625048043237
v11323,https://www.douyin.com/video/7647098361966824730
v11324,https://www.douyin.com/note/7647556980220363130
v11325,https://www.douyin.com/video/7647486018127736744
v11326,https://www.douyin.com/video/7611918371629714729
v11327,https://www.douyin.com/video/7640061974940112805
v11328,https://www.douyin.com/video/7637038612923698468
v11329,https://www.douyin.com/video/7646318535732507641
v11330,https://www.douyin.com/video/7638627628614270362
v11331,https://www.douyin.com/video/7645191278782706341
v11332,https://www.douyin.com/video/7646328067699446650
v11333,https://www.douyin.com/video/7636965803811786030
v11334,https://www.douyin.com/video/7641200477991931145
v11335,https://www.douyin.com/video/7642666365605793066
v11336,https://www.douyin.com/video/7537218153517616436
v11337,https://www.douyin.com/video/7647494772021611822
v11338,https://www.douyin.com/video/7646724977509704694
v11339,https://www.douyin.com/video/7642690480291335909
v11340,https://www.douyin.com/note/7647387825713939898
v11341,https://www.douyin.com/video/7629705179861148901
v11342,https://www.douyin.com/video/7640176752074262602
v11343,https://www.douyin.com/video/7646034101317397874
v11344,https://www.douyin.com/video/7639295162695851227
v11345,https://www.douyin.com/video/7645672385936762225
v11346,https://www.douyin.com/video/7615935768145743158
v11347,https://www.douyin.com/video/7576724536209509682
v11348,https://www.douyin.com/video/7647452435253906734
v11349,https://www.douyin.com/video/7636730494852148160
v11350,https://www.douyin.com/video/7618904493325636066
v11351,https://www.douyin.com/video/7644137995063164776
v11352,https://www.douyin.com/note/7647490830852658606
v11353,https://www.douyin.com/video/7628557841989643995
v11354,https://www.douyin.com/video/7348057461443644712
v11355,https://www.douyin.com/video/7345096801034210575
v11356,https://www.douyin.com/video/7472253914235014419
v11357,https://www.douyin.com/video/7281839974402608418
v11358,https://www.douyin.com/video/7392379844648062242
v11359,https://www.douyin.com/video/7262280822043004199
v11360,https://www.douyin.com/note/7645674979045089381
v11361,https://www.douyin.com/note/7645297210997309617
v11362,https://www.douyin.com/video/7645144606992757669
v11363,https://www.douyin.com/video/7629647127605886708
v11364,https://www.douyin.com/note/7647231961580934330
v11365,https://www.douyin.com/note/7647495490611568009
v11366,https://www.douyin.com/video/7646650623143845476
v11367,https://www.douyin.com/note/7644139762215095571
v11368,https://www.douyin.com/video/7591392983002533183
v11369,https://www.douyin.com/note/7647482314783509779
v11370,https://www.douyin.com/video/7645629794515841466
v11371,https://www.douyin.com/video/7629259300464086324
v11372,https://www.douyin.com/video/7645910988864236667
v11373,https://www.douyin.com/video/7646733007621186929
v11374,https://www.douyin.com/video/7637516545296099697
v11375,https://www.douyin.com/video/7643129737615482596
v11376,https://www.douyin.com/video/7483809560369646884
v11377,https://www.douyin.com/note/7628923677224492608
v11378,https://www.douyin.com/video/7613508051106123014
v11379,https://www.douyin.com/video/7646766698149776666
v11380,https://www.douyin.com/video/7646427245489163563
v11381,https://www.douyin.com/note/7647357668924103653
v11382,https://www.douyin.com/video/7585600279777758515
v11383,https://www.douyin.com/video/7646975275498820175
v11384,https://www.douyin.com/video/7641944783967030547
v11385,https://www.douyin.com/video/7647101358314655026
v11386,https://www.douyin.com/note/7647334644437776241
v11387,https://www.douyin.com/video/7505725405450620186
v11388,https://www.douyin.com/video/7647346447046240890
v11389,https://www.douyin.com/note/7646955496042325115
v11390,https://www.douyin.com/video/7647201518353470633
v11391,https://www.douyin.com/note/7647416336243574437
v11392,https://www.douyin.com/video/7638185662662872371
v11393,https://www.douyin.com/note/7645680197916476559
v11394,https://www.douyin.com/video/7645743855475649865
v11395,https://www.douyin.com/video/7643841938445427802
v11396,https://www.douyin.com/note/7645942551233769649
v11397,https://www.douyin.com/video/7633735384647678833
v11398,https://www.douyin.com/note/7647378828017521743
v11399,https://www.douyin.com/video/7646355912513441956
v11400,https://www.douyin.com/video/7620755635001640443
v11401,https://www.douyin.com/note/7647338716667441061
v11402,https://www.douyin.com/video/7645214699369319732
v11403,https://www.douyin.com/video/7646161320362877946
v11404,https://www.douyin.com/video/7647138668155408378
v11405,https://www.douyin.com/video/7645992583001478373
v11406,https://www.douyin.com/note/7647150488089010131
v11407,https://www.douyin.com/note/7645957893242030053
v11408,https://www.douyin.com/video/7213282542080822585
v11409,https://www.douyin.com/note/7362204390461017407
v11410,https://www.douyin.com/note/7646997650264297459
v11411,https://www.douyin.com/video/7642172537979600329
v11412,https://www.douyin.com/note/7645715025323956934
v11413,https://www.douyin.com/note/7647344536091625189
v11414,https://www.douyin.com/note/7641979573747687119
v11415,https://www.douyin.com/note/7647429872492015525
v11416,https://www.douyin.com/video/7632349469782101254
v11417,https://www.douyin.com/video/7647087794459872548
v11418,https://www.douyin.com/video/7647106481800725163
v11419,https://www.douyin.com/video/7641884011954048294
v11420,https://www.douyin.com/video/7647156850831623915
v11421,https://www.douyin.com/video/7647199920658582838
v11422,https://www.douyin.com/video/7644753041626828058
v11423,https://www.douyin.com/video/7647098152813595955
v11424,https://www.douyin.com/video/7642479036623110833
v11425,https://www.douyin.com/video/7646760919653010723
v11426,https://www.douyin.com/video/7642640542605561151
v11427,https://www.douyin.com/note/7642944246971006449
v11428,https://www.douyin.com/note/7646014573997621395
v11429,https://www.douyin.com/video/7641213723515882792
v11430,https://www.douyin.com/note/7647444557466741218
v11431,https://www.douyin.com/video/7640313252399877385
v11432,https://www.douyin.com/video/7647299689206128357
v11433,https://www.douyin.com/video/7642636953602558331
v11434,https://www.douyin.com/video/7647383337943066533
v11435,https://www.douyin.com/video/7630493747814854117
v11436,https://www.douyin.com/video/7639214599015834489
v11437,https://www.douyin.com/video/7646063432265156590
v11438,https://www.douyin.com/video/7647079637776667091
v11439,https://www.douyin.com/video/7628421524919274798
v11440,https://www.douyin.com/video/7636710517562163707
v11441,https://www.douyin.com/video/7647148414266603705
v11442,https://www.douyin.com/video/7632173878910946575
v11443,https://www.douyin.com/video/7647442455873527241
v11444,https://www.douyin.com/video/7647316662111373416
v11445,https://www.douyin.com/note/7647466296616145142
v11446,https://www.douyin.com/note/7647189593955388603
v11447,https://www.douyin.com/video/7646623319331982643
v11448,https://www.douyin.com/note/7647441904820726187
v11449,https://www.douyin.com/video/7640895703565498213
v11450,https://www.douyin.com/video/7646114384913141033
v11451,https://www.douyin.com/video/7640314136978754282
v11452,https://www.douyin.com/video/7644141429379807473
v11453,https://www.douyin.com/video/7561753974747958554
v11454,https://www.douyin.com/note/7647046988181216979
v11455,https://www.douyin.com/video/7647239757642870117
v11456,https://www.douyin.com/note/7640125721301796529
v11457,https://www.douyin.com/note/7647386256683136426
v11458,https://www.douyin.com/video/7647361345981735848
v11459,https://www.douyin.com/video/7643690578794314149
v11460,https://www.douyin.com/video/7647165670455767665
v11461,https://www.douyin.com/note/7644640235280192229
v11462,https://www.douyin.com/video/7643780063687338353
v11463,https://www.douyin.com/note/7647425137718085297
v11464,https://www.douyin.com/video/7644555424532339441
v11465,https://www.douyin.com/video/7647420895270685990
v11466,https://www.douyin.com/video/7642211093897591786
v11467,https://www.douyin.com/video/7573355374791757092
v11468,https://www.douyin.com/video/7642300123128891067
v11469,https://www.douyin.com/video/7647419020794252571
v11470,https://www.douyin.com/video/7639802321693707529
v11471,https://www.douyin.com/note/7643281629339177979
v11472,https://www.douyin.com/video/7638848945267830705
v11473,https://www.douyin.com/video/7600445835008019738
v11474,https://www.douyin.com/video/7646800284659755849
v11475,https://www.douyin.com/video/7640056120237339833
v11476,https://www.douyin.com/video/7647101675279009403
v11477,https://www.douyin.com/video/7647464067267844281
v11478,https://www.douyin.com/video/7639963080000048425
v11479,https://www.douyin.com/note/7647061944369959588
v11480,https://www.douyin.com/note/7647164742893903219
v11481,https://www.douyin.com/video/7647428790213283112
v11482,https://www.douyin.com/video/7637391241990180147
v11483,https://www.douyin.com/note/7636293552024389625
v11484,https://www.douyin.com/video/7645990729604517160
v11485,https://www.douyin.com/note/7644544663085887153
v11486,https://www.douyin.com/video/7624101521281605075
v11487,https://www.douyin.com/video/7643451563197656171
v11488,https://www.douyin.com/video/7604398123326635866
v11489,https://www.douyin.com/video/7647139339738025266
v11490,https://www.douyin.com/note/7646609336747503515
v11491,https://www.douyin.com/note/7647135171787850345
v11492,https://www.douyin.com/video/7646705409817873710
v11493,https://www.douyin.com/video/7647231689432911104
v11494,https://www.douyin.com/video/7597478503264619782
v11495,https://www.douyin.com/video/7646618817094896948
v11496,https://www.douyin.com/video/7635912376122360507
v11497,https://www.douyin.com/note/7646815502241305000
v11498,https://www.douyin.com/video/7645581333730090483
v11499,https://www.douyin.com/video/7564277774828014905
v11500,https://www.douyin.com/video/7560151439700462891
v11501,https://www.douyin.com/video/7327642681536957723
v11502,https://www.douyin.com/video/7557977057793445120
v11503,https://www.douyin.com/video/7561634682283314441
v11504,https://www.douyin.com/video/7560600676540239155
v11505,https://www.douyin.com/video/7641522712174710026
v11506,https://www.douyin.com/note/7383669125521870134
v11507,https://www.douyin.com/note/7562337297971563834
v11508,https://www.douyin.com/video/7645726914506023423
v11509,https://www.douyin.com/video/7638311224215637254
v11510,https://www.douyin.com/note/7647400480545315173
v11511,https://www.douyin.com/video/7646753291234626289
v11512,https://www.douyin.com/video/7646753762140412658
v11513,https://www.douyin.com/video/7640676947776900403
v11514,https://www.douyin.com/note/7646662560549282233
v11515,https://www.douyin.com/video/7625935717902778490
v11516,https://www.douyin.com/video/7647380692963302779
v11517,https://www.douyin.com/video/7643885610972810538
v11518,https://www.douyin.com/note/7647373161025480168
v11519,https://www.douyin.com/video/7639051080860503315
v11520,https://www.douyin.com/video/7645919148262613446
v11521,https://www.douyin.com/video/7647131575204760851
v11522,https://www.douyin.com/note/7647297104938846394
v11523,https://www.douyin.com/video/7645350367508696339
v11524,https://www.douyin.com/video/7646023714064190760
v11525,https://www.douyin.com/note/7647142518958699594
v11526,https://www.douyin.com/video/7619695018013809130
v11527,https://www.douyin.com/video/7647059760868900325
v11528,https://www.douyin.com/video/7561329468875345203
v11529,https://www.douyin.com/video/7637710422178532623
v11530,https://www.douyin.com/video/7646740436333186367
v11531,https://www.douyin.com/video/7647417768258873290
v11532,https://www.douyin.com/video/7646981502514217654
v11533,https://www.douyin.com/video/7647422778651521259
v11534,https://www.douyin.com/video/7647193225107727781
v11535,https://www.douyin.com/video/7647157381616389410
v11536,https://www.douyin.com/video/7647288961970644325
v11537,https://www.douyin.com/video/7647364648844528936
v11538,https://www.douyin.com/video/7647132410773300435
v11539,https://www.douyin.com/video/7647169896124193448
v11540,https://www.douyin.com/video/7646376430204761466
v11541,https://www.douyin.com/video/7647439255887757171
v11542,https://www.douyin.com/video/7324693911371353380
v11543,https://www.douyin.com/video/7641882205416965540
v11544,https://www.douyin.com/note/7646386706464072346
v11545,https://www.douyin.com/video/7638844887106285546
v11546,https://www.douyin.com/note/7646808135302460395
v11547,https://www.douyin.com/video/7638983581410364681
v11548,https://www.douyin.com/note/7647183805158046323
v11549,https://www.douyin.com/video/7646781429388561715
v11550,https://www.douyin.com/video/7631160054993601012
v11551,https://www.douyin.com/video/7602493310183296302
v11552,https://www.douyin.com/note/7638616989002611173
v11553,https://www.douyin.com/note/7647115127943177585
v11554,https://www.douyin.com/video/7645748098605583662
v11555,https://www.douyin.com/video/7638142650202448881
v11556,https://www.douyin.com/video/7647166507461620386
v11557,https://www.douyin.com/note/7642399845954139002
v11558,https://www.douyin.com/video/7600655040948210990
v11559,https://www.douyin.com/video/7647192169765830821
v11560,https://www.douyin.com/video/7646635710649480037
v11561,https://www.douyin.com/video/7640932249348717035
v11562,https://www.douyin.com/video/7647082527441702198
v11563,https://www.douyin.com/video/7645658695657250661
v11564,https://www.douyin.com/video/7639765360502438607
v11565,https://www.douyin.com/video/7568980840764542262
v11566,https://www.douyin.com/video/7647141436311300337
v11567,https://www.douyin.com/video/7641494621700295986
v11568,https://www.douyin.com/video/7614364206754635118
v11569,https://www.douyin.com/video/7645494065143844139
v11570,https://www.douyin.com/note/7644965733257332403
v11571,https://www.douyin.com/video/7645632812419634609
v11572,https://www.douyin.com/video/7647073438331345851
v11573,https://www.douyin.com/video/7646741362470192741
v11574,https://www.douyin.com/video/7636639573951462638
v11575,https://www.douyin.com/video/7644933639481920804
v11576,https://www.douyin.com/video/7647108569976813412
v11577,https://www.douyin.com/video/7638926111804163931
v11578,https://www.douyin.com/video/7645901074641374912
v11579,https://www.douyin.com/video/7640679297192337765
v11580,https://www.douyin.com/video/7635233185240422777
v11581,https://www.douyin.com/video/7646716893894454193
v11582,https://www.douyin.com/note/7646734136941719168
v11583,https://www.douyin.com/video/7647129993382347007
v11584,https://www.douyin.com/video/7641880403070682353
v11585,https://www.douyin.com/video/7644614419015683382
v11586,https://www.douyin.com/video/7647653725926927963
v11587,https://www.douyin.com/video/7638913553071607055
v11588,https://www.douyin.com/video/7621907921915497791
v11589,https://www.douyin.com/video/7647494065478503721
v11590,https://www.douyin.com/video/7643377873965076809
v11591,https://www.douyin.com/note/7645448915912157861
v11592,https://www.douyin.com/video/7647337121199539962
v11593,https://www.douyin.com/video/7647026243749330803
v11594,https://www.douyin.com/video/7637830121398750514
v11595,https://www.douyin.com/video/7630904670899345585
v11596,https://www.douyin.com/video/7645301927437225243
v11597,https://www.douyin.com/note/7645295057998779899
v11598,https://www.douyin.com/video/7646394222841157742
v11599,https://www.douyin.com/video/7641012444429317967
v11600,https://www.douyin.com/video/7643105719046686181
v11601,https://www.douyin.com/video/7636004262401707941
v11602,https://www.douyin.com/video/7647300554821029154
v11603,https://www.douyin.com/video/7641446836930904714
v11604,https://www.douyin.com/video/7624074627782795897
v11605,https://www.douyin.com/video/7640055724832269931
v11606,https://www.douyin.com/video/7636210219286889818
v11607,https://www.douyin.com/video/7624158385436429574
v11608,https://www.douyin.com/video/7637503298044603042
v11609,https://www.douyin.com/video/7643422472985108954
v11610,https://www.douyin.com/video/7636749785919223718
v11611,https://www.douyin.com/video/7643423356938685702
v11612,https://www.douyin.com/video/7637886748144064955
v11613,https://www.douyin.com/video/7639762322566745380
v11614,https://www.douyin.com/video/7647396135754303395
v11615,https://www.douyin.com/video/7643526853584396902
v11616,https://www.douyin.com/note/7647159629260033332
v11617,https://www.douyin.com/video/7640433505844140947
v11618,https://www.douyin.com/video/7645982685583641908
v11619,https://www.douyin.com/video/7647141783129880698
v11620,https://www.douyin.com/video/7616649110221446323
v11621,https://www.douyin.com/video/7643773444503248814
v11622,https://www.douyin.com/video/7647502993566886629
v11623,https://www.douyin.com/video/7646455587329156214
v11624,https://www.douyin.com/video/7645308872315379328
v11625,https://www.douyin.com/video/7615602730426619365
v11626,https://www.douyin.com/video/7644391860572935284
v11627,https://www.douyin.com/video/7647604661704248639
v11628,https://www.douyin.com/video/7647310273241551738
v11629,https://www.douyin.com/video/7646953159801228607
v11630,https://www.douyin.com/video/7647397378651844581
v11631,https://www.douyin.com/video/7647490466317600403
v11632,https://www.douyin.com/video/7635142687306113646
v11633,https://www.douyin.com/video/7647398381791269238
v11634,https://www.douyin.com/video/7647493955961479653
v11635,https://www.douyin.com/video/7647482104444562405
v11636,https://www.douyin.com/video/7646708984447012139
v11637,https://www.douyin.com/note/7647337179840708059
v11638,https://www.douyin.com/video/7616935215688191241
v11639,https://www.douyin.com/video/7418549977451941171
v11640,https://www.douyin.com/video/7415106777806572834
v11641,https://www.douyin.com/video/7586113623895870757
v11642,https://www.douyin.com/video/7109784311485730061
v11643,https://www.douyin.com/video/6979138341878975752
v11644,https://www.douyin.com/video/7468935553082313996
v11645,https://www.douyin.com/video/7647533129342799110
v11646,https://www.douyin.com/video/7647535448416013275
v11647,https://www.douyin.com/video/7647603018241805611
v11648,https://www.douyin.com/note/7646726767885681510
v11649,https://www.douyin.com/video/7646335431981877193
v11650,https://www.douyin.com/video/7647492833640729898
v11651,https://www.douyin.com/video/7647416649570181248
v11652,https://www.douyin.com/video/7637148697679138086
v11653,https://www.douyin.com/video/7647109098634267919
v11654,https://www.douyin.com/video/7640333515871014195
v11655,https://www.douyin.com/video/7621372331383341513
v11656,https://www.douyin.com/note/7627119193502951028
v11657,https://www.douyin.com/video/7633047140982694501
v11658,https://www.douyin.com/note/7620734455778534287
v11659,https://www.douyin.com/video/7635721523877957834
v11660,https://www.douyin.com/note/7638089856091150245
v11661,https://www.douyin.com/video/7646417285632308979
v11662,https://www.douyin.com/video/7647022560039697658
v11663,https://www.douyin.com/video/7625218119069557626
v11664,https://www.douyin.com/video/7647544791534801627
v11665,https://www.douyin.com/video/7647392463811874088
v11666,https://www.douyin.com/video/7647472163356758138
v11667,https://www.douyin.com/video/7643810355408267690
v11668,https://www.douyin.com/video/7647481361255101670
v11669,https://www.douyin.com/video/7642613920036932905
v11670,https://www.douyin.com/video/7647319799291344232
v11671,https://www.douyin.com/video/7641925528282254592
v11672,https://www.douyin.com/video/7647494664351008083
v11673,https://www.douyin.com/video/7647238040700165563
v11674,https://www.douyin.com/video/7646025553179594344
v11675,https://www.douyin.com/video/7647511093493443953
v11676,https://www.douyin.com/video/7647382868712361256
v11677,https://www.douyin.com/video/7637331701529595151
v11678,https://www.douyin.com/video/7647359355986688241
v11679,https://www.douyin.com/video/7638568370594492401
v11680,https://www.douyin.com/video/7642204757936205029
v11681,https://www.douyin.com/video/7646255520181613888
v11682,https://www.douyin.com/video/7647388348516585957
v11683,https://www.douyin.com/video/7647517705319250361
v11684,https://www.douyin.com/video/7637775693211921658
v11685,https://www.douyin.com/video/7620343733020635249
v11686,https://www.douyin.com/video/7647497144224407915
v11687,https://www.douyin.com/video/7638477753457728691
v11688,https://www.douyin.com/video/7642245498074152369
v11689,https://www.douyin.com/video/7646507138307286457
v11690,https://www.douyin.com/video/7646422237507112238
v11691,https://www.douyin.com/video/7647052214761983232
v11692,https://www.douyin.com/video/7625366494751269797
v11693,https://www.douyin.com/video/7621013037897518372
v11694,https://www.douyin.com/video/7624477314738343187
v11695,https://www.douyin.com/video/7647141551547108251
v11696,https://www.douyin.com/video/7627147334312332553
v11697,https://www.douyin.com/video/7615450190077644070
v11698,https://www.douyin.com/video/7645188666469420297
v11699,https://www.douyin.com/video/7647156256674680105
v11700,https://www.douyin.com/video/7646983925713501055
v11701,https://www.douyin.com/video/7647449825956551537
v11702,https://www.douyin.com/video/7642329952290088419
v11703,https://www.douyin.com/video/7624850902650985204
v11704,https://www.douyin.com/video/7636289024051909542
v11705,https://www.douyin.com/video/7642138008661192105
v11706,https://www.douyin.com/video/7647281756937305707
v11707,https://www.douyin.com/video/7646529285305500155
v11708,https://www.douyin.com/video/7646706404153770724
v11709,https://www.douyin.com/video/7643668320478036730
v11710,https://www.douyin.com/video/7615872010799042880
v11711,https://www.douyin.com/video/7646738585484676795
v11712,https://www.douyin.com/video/7647462243436674176
v11713,https://www.douyin.com/video/7647382228079226853
v11714,https://www.douyin.com/video/7646949950823206180
v11715,https://www.douyin.com/video/7647367978141311153
v11716,https://www.douyin.com/video/7641105687859302757
v11717,https://www.douyin.com/video/7647420401835855114
v11718,https://www.douyin.com/video/7645755861767327002
v11719,https://www.douyin.com/video/7647441116245967606
v11720,https://www.douyin.com/note/7639723698514023610
v11721,https://www.douyin.com/video/7646042460082210725
v11722,https://www.douyin.com/video/7622981367781447835
v11723,https://www.douyin.com/video/7647273345188138266
v11724,https://www.douyin.com/video/7642472153397334513
v11725,https://www.douyin.com/video/7641045940023739249
v11726,https://www.douyin.com/video/7646060009733906085
v11727,https://www.douyin.com/video/7646665973897973043
v11728,https://www.douyin.com/video/7643486428211327138
v11729,https://www.douyin.com/video/7617202211273655034
v11730,https://www.douyin.com/video/7647315396253801414
v11731,https://www.douyin.com/video/7626938792129928421
v11732,https://www.douyin.com/video/7647201115742911867
v11733,https://www.douyin.com/video/7647110584777496155
v11734,https://www.douyin.com/video/7644966096085278641
v11735,https://www.douyin.com/note/7646719777402946534
v11736,https://www.douyin.com/note/7634923033883627078
v11737,https://www.douyin.com/video/7647419351159695089
v11738,https://www.douyin.com/video/7645953448747355433
v11739,https://www.douyin.com/video/7637970474165958067
v11740,https://www.douyin.com/video/7644511923875259584
v11741,https://www.douyin.com/video/7647408368144413297
v11742,https://www.douyin.com/video/7639358492934965221
v11743,https://www.douyin.com/video/7647433637184474383
v11744,https://www.douyin.com/video/7637164749995136443
v11745,https://www.douyin.com/video/7644594525893053734
v11746,https://www.douyin.com/video/7645682727060785652
v11747,https://www.douyin.com/video/7637454758302715172
v11748,https://www.douyin.com/video/7647509811647663337
v11749,https://www.douyin.com/note/7647448522350785939
v11750,https://www.douyin.com/video/7645644559196714874
v11751,https://www.douyin.com/video/7620314601645749476
v11752,https://www.douyin.com/video/7647417080400104704
v11753,https://www.douyin.com/video/7646626899422203174
v11754,https://www.douyin.com/video/7647569355105897764
v11755,https://www.douyin.com/video/7627655766393224355
v11756,https://www.douyin.com/video/7639583921792945443
v11757,https://www.douyin.com/video/7642670741419713728
v11758,https://www.douyin.com/video/7647364543487675657
v11759,https://www.douyin.com/note/7645627389372645489
v11760,https://www.douyin.com/video/7638204545785732197
v11761,https://www.douyin.com/video/7638979585891113811
v11762,https://www.douyin.com/video/7638990259157486911
v11763,https://www.douyin.com/video/7626377703003835674
v11764,https://www.douyin.com/video/7646456439191457078
v11765,https://www.douyin.com/video/7647627828678818926
v11766,https://www.douyin.com/video/7646269305201402560
v11767,https://www.douyin.com/video/7644125466567118126
v11768,https://www.douyin.com/video/7647528214714314853
v11769,https://www.douyin.com/video/7647571188127318117
v11770,https://www.douyin.com/video/7647216717329036532
v11771,https://www.douyin.com/video/7647174429479265713
v11772,https://www.douyin.com/video/7644925979966783202
v11773,https://www.douyin.com/video/7645006856814148219
v11774,https://www.douyin.com/video/7638098659855556762
v11775,https://www.douyin.com/video/7642889359506591027
v11776,https://www.douyin.com/video/7647489908273057043
v11777,https://www.douyin.com/video/7641204515920528485
v11778,https://www.douyin.com/video/7647524567494671714
v11779,https://www.douyin.com/video/7647249275056031397
v11780,https://www.douyin.com/video/7647486708451413289
v11781,https://www.douyin.com/video/7647375787000136922
v11782,https://www.douyin.com/video/7647447919326530851
v11783,https://www.douyin.com/video/7646367383738157236
v11784,https://www.douyin.com/video/7647096182652998095
v11785,https://www.douyin.com/video/7647481763921966254
v11786,https://www.douyin.com/video/7644957412659172457
v11787,https://www.douyin.com/video/7625094381825062592
v11788,https://www.douyin.com/video/7631109263070367011
v11789,https://www.douyin.com/video/7647418948715905151
v11790,https://www.douyin.com/video/7630706422859607268
v11791,https://www.douyin.com/video/7641924212160089289
v11792,https://www.douyin.com/note/7647487393050750309
v11793,https://www.douyin.com/video/7635205635193195816
v11794,https://www.douyin.com/video/7617697653647758958
v11795,https://www.douyin.com/video/7647488016722637282
v11796,https://www.douyin.com/video/7633750338059078129
v11797,https://www.douyin.com/video/7640078601769895353
v11798,https://www.douyin.com/video/7647577313643733065
v11799,https://www.douyin.com/video/7647345210410603176
v11800,https://www.douyin.com/video/7647039060233928699
v11801,https://www.douyin.com/video/7647474602919084671
v11802,https://www.douyin.com/video/7616585377021852287
v11803,https://www.douyin.com/video/7647533707972766406
v11804,https://www.douyin.com/video/7647420540218576162
v11805,https://www.douyin.com/video/7645143750423275199
v11806,https://www.douyin.com/video/7618782234959205361
v11807,https://www.douyin.com/video/7647328929166856808
v11808,https://www.douyin.com/video/7635638853941258426
v11809,https://www.douyin.com/video/7647159535543674697
v11810,https://www.douyin.com/video/7647040381855812841
v11811,https://www.douyin.com/video/7647583953922819430
v11812,https://www.douyin.com/video/7647462205075590451
v11813,https://www.douyin.com/video/7647433329126920881
v11814,https://www.douyin.com/video/7626572153945537242
v11815,https://www.douyin.com/video/7647452979922029834
v11816,https://www.douyin.com/video/7647359145867267328
v11817,https://www.douyin.com/video/7647567375956743144
v11818,https://www.douyin.com/video/7645959968655821425
v11819,https://www.douyin.com/video/7647130199225584948
v11820,https://www.douyin.com/video/7646704474085666121
v11821,https://www.douyin.com/video/7647509757976967400
v11822,https://www.douyin.com/video/7647174509926403432
v11823,https://www.douyin.com/video/7647527251437905097
v11824,https://www.douyin.com/video/7647382280931166457
v11825,https://www.douyin.com/video/7647456649221630857
v11826,https://www.douyin.com/video/7646722949621304614
v11827,https://www.douyin.com/note/7646727610126604529
v11828,https://www.douyin.com/note/7636392385576403279
v11829,https://www.douyin.com/video/7647536297851290790
v11830,https://www.douyin.com/video/7647317080987622267
v11831,https://www.douyin.com/video/7645787819146890515
v11832,https://www.douyin.com/video/7641049704985414962
v11833,https://www.douyin.com/video/7647502858976196771
v11834,https://www.douyin.com/video/7625599746698235170
v11835,https://www.douyin.com/video/7641226810486815626
v11836,https://www.douyin.com/video/7647385839597946539
v11837,https://www.douyin.com/video/7647554658135025571
v11838,https://www.douyin.com/video/7644125059002587753
v11839,https://www.douyin.com/note/7644711049903779766
v11840,https://www.douyin.com/video/7643647828862569571
v11841,https://www.douyin.com/video/7647086453970232291
v11842,https://www.douyin.com/video/7646701975044890280
v11843,https://www.douyin.com/video/7645247405134511854
v11844,https://www.douyin.com/note/7637789795284515195
v11845,https://www.douyin.com/video/7626818169823100617
v11846,https://www.douyin.com/video/7643018166511209734
v11847,https://www.douyin.com/video/7645720919012314374
v11848,https://www.douyin.com/video/7643462597618060596
v11849,https://www.douyin.com/note/7647485157365110126
v11850,https://www.douyin.com/video/7647375633073362122
v11851,https://www.douyin.com/video/7637326858577599473
v11852,https://www.douyin.com/video/7623653985097993507
v11853,https://www.douyin.com/video/7647360630790373769
v11854,https://www.douyin.com/video/7643099922188261221
v11855,https://www.douyin.com/note/7646739169687065457
v11856,https://www.douyin.com/video/7646640389440474411
v11857,https://www.douyin.com/video/7646784023759749858
v11858,https://www.douyin.com/video/7627823592864348914
v11859,https://www.douyin.com/video/7647342256496399460
v11860,https://www.douyin.com/video/7631376727382586225
v11861,https://www.douyin.com/video/7643643778054820773
v11862,https://www.douyin.com/video/7647163879524701385
v11863,https://www.douyin.com/video/7647481969303938914
v11864,https://www.douyin.com/video/7641517533603024497
v11865,https://www.douyin.com/video/7647390066906196209
v11866,https://www.douyin.com/video/7646936694608280191
v11867,https://www.douyin.com/video/7647500920833950129
v11868,https://www.douyin.com/video/7642323349531561216
v11869,https://www.douyin.com/video/7647380109259844006
v11870,https://www.douyin.com/video/7646960391130083018
v11871,https://www.douyin.com/video/7646795492004807360
v11872,https://www.douyin.com/video/7623338061116971243
v11873,https://www.douyin.com/video/7644483286588521338
v11874,https://www.douyin.com/video/7637406235943259444
v11875,https://www.douyin.com/video/7647531337657703770
v11876,https://www.douyin.com/video/7647529597596806501
v11877,https://www.douyin.com/video/7647153057486097698
v11878,https://www.douyin.com/video/7642159397888986614
v11879,https://www.douyin.com/video/7647560317181943130
v11880,https://www.douyin.com/video/7647496687636334459
v11881,https://www.douyin.com/video/7647117576862253029
v11882,https://www.douyin.com/video/7640335714409073906
v11883,https://www.douyin.com/video/7641166951909313833
v11884,https://www.douyin.com/video/7614396199785889458
v11885,https://www.douyin.com/video/7647232203932828133
v11886,https://www.douyin.com/video/7647051299456573672
v11887,https://www.douyin.com/video/7636940209745840874
v11888,https://www.douyin.com/video/7638437913277041972
v11889,https://www.douyin.com/video/7644185257491370345
v11890,https://www.douyin.com/video/7646216577310809704
v11891,https://www.douyin.com/video/7647545866060683115
v11892,https://www.douyin.com/video/7647086784790682186
v11893,https://www.douyin.com/video/7621502055597479589
v11894,https://www.douyin.com/video/7640038429031451942
v11895,https://www.douyin.com/video/7643435877612724091
v11896,https://www.douyin.com/video/7647393383727760107
v11897,https://www.douyin.com/video/7617493134116996795
v11898,https://www.douyin.com/video/7645954929982890612
v11899,https://www.douyin.com/video/7647088285458914662
v11900,https://www.douyin.com/video/7646936196714857434
v11901,https://www.douyin.com/video/7647137935427117285
v11902,https://www.douyin.com/video/7638093285210848330
v11903,https://www.douyin.com/video/7647432977640106994
v11904,https://www.douyin.com/video/7647400479642766638
v11905,https://www.douyin.com/video/7635473076985106789
v11906,https://www.douyin.com/note/7646933884345456795
v11907,https://www.douyin.com/video/7624748987698782898
v11908,https://www.douyin.com/video/7621189348772567269
v11909,https://www.douyin.com/video/7644572505541346778
v11910,https://www.douyin.com/video/7646074295319399706
v11911,https://www.douyin.com/video/7618962209967965617
v11912,https://www.douyin.com/video/7632908206037011775
v11913,https://www.douyin.com/video/7641547184684551450
v11914,https://www.douyin.com/video/7647529535285644550
v11915,https://www.douyin.com/video/7647475829416570875
v11916,https://www.douyin.com/video/7640266578315822949
v11917,https://www.douyin.com/video/7641178054139579684
v11918,https://www.douyin.com/video/7647141381685505787
v11919,https://www.douyin.com/note/7646954127935869681
v11920,https://www.douyin.com/video/7647411304281444175
v11921,https://www.douyin.com/video/7646798781329091941
v11922,https://www.douyin.com/video/7647472710377583475
v11923,https://www.douyin.com/video/7628579397234874618
v11924,https://www.douyin.com/video/7635689997395459764
v11925,https://www.douyin.com/video/7646817796495971444
v11926,https://www.douyin.com/video/7647106407779895971
v11927,https://www.douyin.com/video/7647546376243710715
v11928,https://www.douyin.com/video/7636259989828439338
v11929,https://www.douyin.com/video/7647140444673542473
v11930,https://www.douyin.com/video/7647215709559154278
v11931,https://www.douyin.com/video/7645175646863281471
v11932,https://www.douyin.com/note/7618372948939952059
v11933,https://www.douyin.com/video/7647200367537194354
v11934,https://www.douyin.com/video/7647531309753027875
v11935,https://www.douyin.com/video/7643776083473095656
v11936,https://www.douyin.com/video/7641538185001064122
v11937,https://www.douyin.com/video/7646290894678078138
v11938,https://www.douyin.com/video/7647502915275748539
v11939,https://www.douyin.com/video/7647542742877263528
v11940,https://www.douyin.com/video/7646354537024642417
v11941,https://www.douyin.com/video/7636189136932991040
v11942,https://www.douyin.com/video/7647498004866170865
v11943,https://www.douyin.com/video/7647001786822557158
v11944,https://www.douyin.com/video/7645996791049621861
v11945,https://www.douyin.com/video/7647543269450139894
v11946,https://www.douyin.com/video/7647377045438073190
v11947,https://www.douyin.com/video/7647456712303750118
v11948,https://www.douyin.com/video/7626600949117475057
v11949,https://www.douyin.com/note/7646847889512231098
v11950,https://www.douyin.com/video/7642624199290688497
v11951,https://www.douyin.com/video/7635302698463644978
v11952,https://www.douyin.com/video/7647466170651805041
v11953,https://www.douyin.com/video/7641644315303679333
v11954,https://www.douyin.com/video/7647073597480041188
v11955,https://www.douyin.com/video/7647165914286663033
v11956,https://www.douyin.com/video/7644941848444382435
v11957,https://www.douyin.com/video/7647323339031515776
v11958,https://www.douyin.com/video/7647178234097864305
v11959,https://www.douyin.com/video/7630279238381556210
v11960,https://www.douyin.com/video/7646025686318359141
v11961,https://www.douyin.com/note/7645436121267118202
v11962,https://www.douyin.com/video/7647439545752218555
v11963,https://www.douyin.com/video/7645971385667318441
v11964,https://www.douyin.com/video/7647481449969518245
v11965,https://www.douyin.com/video/7638613877316282505
v11966,https://www.douyin.com/note/7647360123903832186
v11967,https://www.douyin.com/video/7647200189791870562
v11968,https://www.douyin.com/video/7647120665040642533
v11969,https://www.douyin.com/video/7636054685476678042
v11970,https://www.douyin.com/video/7645467492391964005
v11971,https://www.douyin.com/video/7634471508638780699
v11972,https://www.douyin.com/video/7647476888508066122
v11973,https://www.douyin.com/video/7625955642470619206
v11974,https://www.douyin.com/note/7619341584400445691
v11975,https://www.douyin.com/video/7646682688535195471
v11976,https://www.douyin.com/video/7646589416081172977
v11977,https://www.douyin.com/video/7647112377174927545
v11978,https://www.douyin.com/video/7646406745963554405
v11979,https://www.douyin.com/video/7644170021651877155
v11980,https://www.douyin.com/video/7647499727462084027
v11981,https://www.douyin.com/video/7647582667923295498
v11982,https://www.douyin.com/video/7645894996961270922
v11983,https://www.douyin.com/video/7647504165980452337
v11984,https://www.douyin.com/video/7639279357496687345
v11985,https://www.douyin.com/video/7647496132800618929
v11986,https://www.douyin.com/video/7647434216574268899
v11987,https://www.douyin.com/video/7646410580722747825
v11988,https://www.douyin.com/video/7647508972535585657
v11989,https://www.douyin.com/video/7647457372037713188
v11990,https://www.douyin.com/video/7647459734299102483
v11991,https://www.douyin.com/video/7647166048508761841
v11992,https://www.douyin.com/video/7646802259971453915
v11993,https://www.douyin.com/video/7643333337361017785
v11994,https://www.douyin.com/video/7647827250930257167
v11995,https://www.douyin.com/video/7647872543294098728
v11996,https://www.douyin.com/video/7647823299489074432
v11997,https://www.douyin.com/video/7647654761587674418
v11998,https://www.douyin.com/video/7647561108017958179
v11999,https://www.douyin.com/video/7647909317152440741
v12000,https://www.douyin.com/video/7618377635499887918
v12001,https://www.douyin.com/video/7647772647954156809
v12002,https://www.douyin.com/video/7647911552233803044
v12003,https://www.douyin.com/video/7643792376934239524
v12004,https://www.douyin.com/note/7647699808610419430
v12005,https://www.douyin.com/video/7645221529169009529
v12006,https://www.douyin.com/video/7641952634735201582
v12007,https://www.douyin.com/video/7645217503242088831
v12008,https://www.douyin.com/video/7647797136876162304
v12009,https://www.douyin.com/video/7645469015338536230
v12010,https://www.douyin.com/note/7647763860413392046
v12011,https://www.douyin.com/video/7647715005323808050
v12012,https://www.douyin.com/video/7647948327414150982
v12013,https://www.douyin.com/video/7602232576161352986
v12014,https://www.douyin.com/video/7647936945070394659
v12015,https://www.douyin.com/video/7646756622081084672
v12016,https://www.douyin.com/video/7641825282122353960
v12017,https://www.douyin.com/video/7640415487717774073
v12018,https://www.douyin.com/video/7644830662255594762
v12019,https://www.douyin.com/video/7642280952195506761
v12020,https://www.douyin.com/video/7639731810858994998
v12021,https://www.douyin.com/video/7646613416577113050
v12022,https://www.douyin.com/video/7620236065950261608
v12023,https://www.douyin.com/video/7647831108004596964
v12024,https://www.douyin.com/note/7647916208927070650
v12025,https://www.douyin.com/video/7647532391683508084
v12026,https://www.douyin.com/note/7644382565465330105
v12027,https://www.douyin.com/video/7647527800341546929
v12028,https://www.douyin.com/video/7647702945673317733
v12029,https://www.douyin.com/video/7637469376010848369
v12030,https://www.douyin.com/video/7647874181925775290
v12031,https://www.douyin.com/note/7639531987658102970
v12032,https://www.douyin.com/video/7642511293840098426
v12033,https://www.douyin.com/video/7647354143702949369
v12034,https://www.douyin.com/video/7647823208373049979
v12035,https://www.douyin.com/video/7647792157889187072
v12036,https://www.douyin.com/video/7637523858735708090
v12037,https://www.douyin.com/video/7647346995468305379
v12038,https://www.douyin.com/video/7645225517699960100
v12039,https://www.douyin.com/video/7639307996129201578
v12040,https://www.douyin.com/note/7647894547146305905
v12041,https://www.douyin.com/video/7639778630234975738
v12042,https://www.douyin.com/video/7641026131173830834
v12043,https://www.douyin.com/video/7647853644738201957
v12044,https://www.douyin.com/video/7642337127137520561
v12045,https://www.douyin.com/video/7643898519535661989
v12046,https://www.douyin.com/video/7640172225161455291
v12047,https://www.douyin.com/video/7646351878167086440
v12048,https://www.douyin.com/video/7632588371776505738
v12049,https://www.douyin.com/video/7639693560904924834
v12050,https://www.douyin.com/video/7647857998191219947
v12051,https://www.douyin.com/video/7574704820372802851
v12052,https://www.douyin.com/video/7324233368474782987
v12053,https://www.douyin.com/video/7158643538597563659
v12054,https://www.douyin.com/video/7581627188359204136
v12055,https://www.douyin.com/video/7525491336725171498
v12056,https://www.douyin.com/video/7089685697585614088
v12057,https://www.douyin.com/video/7273696757324778786
v12058,https://www.douyin.com/video/7644693227450197659
v12059,https://www.douyin.com/video/7620877923662253331
v12060,https://www.douyin.com/video/7647010025185620347
v12061,https://www.douyin.com/video/7627109503401704433
v12062,https://www.douyin.com/video/7638931390897467493
v12063,https://www.douyin.com/note/7647277049153843840
v12064,https://www.douyin.com/video/7628906732999434875
v12065,https://www.douyin.com/video/7647481901796203385
v12066,https://www.douyin.com/video/7641909801258345896
v12067,https://www.douyin.com/note/7647569417685431673
v12068,https://www.douyin.com/video/7640866879641783025
v12069,https://www.douyin.com/video/7643862284238382938
v12070,https://www.douyin.com/video/7639232903885453759
v12071,https://www.douyin.com/video/7640131198060178363
v12072,https://www.douyin.com/video/7625729274284100906
v12073,https://www.douyin.com/video/7607847466708468346
v12074,https://www.douyin.com/video/7647741985147546801
v12075,https://www.douyin.com/video/7641494595696460667
v12076,https://www.douyin.com/note/7647515787297746661
v12077,https://www.douyin.com/video/7647707209606006011
v12078,https://www.douyin.com/video/7621106741467467059
v12079,https://www.douyin.com/video/7641620115544955647
v12080,https://www.douyin.com/video/7634307913360071359
v12081,https://www.douyin.com/note/7645699316594944938
v12082,https://www.douyin.com/video/7645665309329245435
v12083,https://www.douyin.com/video/7647920501792230662
v12084,https://www.douyin.com/note/7647805888513791970
v12085,https://www.douyin.com/video/7643804316997939897
v12086,https://www.douyin.com/video/7624901066594077371
v12087,https://www.douyin.com/video/7646755123930139946
v12088,https://www.douyin.com/video/7645491305150254218
v12089,https://www.douyin.com/note/7647856238449213178
v12090,https://www.douyin.com/video/7646777205938277695
v12091,https://www.douyin.com/video/7609717076957170995
v12092,https://www.douyin.com/video/7623356275976341736
v12093,https://www.douyin.com/video/7640843079980764435
v12094,https://www.douyin.com/video/7644832482969324846
v12095,https://www.douyin.com/video/7628109705340028544
v12096,https://www.douyin.com/note/7646771102236595173
v12097,https://www.douyin.com/video/7647545292808193012
v12098,https://www.douyin.com/video/7647867123791934193
v12099,https://www.douyin.com/video/7638214027017263717
v12100,https://www.douyin.com/video/7646053233936936686
v12101,https://www.douyin.com/video/7647853739232398307
v12102,https://www.douyin.com/video/7639376798438281939
v12103,https://www.douyin.com/video/7494511952400944443
v12104,https://www.douyin.com/video/7618946202797852267
v12105,https://www.douyin.com/video/7647921855206616959
v12106,https://www.douyin.com/video/7647594064825353977
v12107,https://www.douyin.com/video/7627704954635029811
v12108,https://www.douyin.com/note/7645566212994468273
v12109,https://www.douyin.com/note/7644868785379982565
v12110,https://www.douyin.com/video/7640823176180082085
v12111,https://www.douyin.com/note/7647108225117471315
v12112,https://www.douyin.com/video/7647255126750580011
v12113,https://www.douyin.com/video/7619004018425154822
v12114,https://www.douyin.com/note/7645629612189944947
v12115,https://www.douyin.com/video/7647471139187711217
v12116,https://www.douyin.com/video/7647435910887361811
v12117,https://www.douyin.com/video/7624750148829464755
v12118,https://www.douyin.com/video/7621511579360766707
v12119,https://www.douyin.com/video/7643339456082185518
v12120,https://www.douyin.com/video/7639288599607342059
v12121,https://www.douyin.com/note/7647913345131175094
v12122,https://www.douyin.com/video/7643126777405050147
v12123,https://www.douyin.com/video/7644828001309715648
v12124,https://www.douyin.com/video/7647876441686230513
v12125,https://www.douyin.com/video/7645871500431494454
v12126,https://www.douyin.com/video/7647916307329544293
v12127,https://www.douyin.com/video/7638200235651207355
v12128,https://www.douyin.com/video/7641271600578317594
v12129,https://www.douyin.com/note/7647406130951499249
v12130,https://www.douyin.com/video/7645745741956198858
v12131,https://www.douyin.com/video/7637850772299138240
v12132,https://www.douyin.com/video/7564246537762606382
v12133,https://www.douyin.com/note/7646172404590688143
v12134,https://www.douyin.com/video/7647940033765672293
v12135,https://www.douyin.com/video/7644035550550950117
v12136,https://www.douyin.com/video/7381017334921678106
v12137,https://www.douyin.com/video/7647834711281251974
v12138,https://www.douyin.com/video/7647865412441099940
v12139,https://www.douyin.com/video/7623388151519955313
v12140,https://www.douyin.com/video/7645519046910309090
v12141,https://www.douyin.com/note/7647856474387569242
v12142,https://www.douyin.com/video/7637856319499750702
v12143,https://www.douyin.com/note/7647807479867520923
v12144,https://www.douyin.com/note/7645647055592382891
v12145,https://www.douyin.com/video/7647747512724712122
v12146,https://www.douyin.com/video/7634682762284693690
v12147,https://www.douyin.com/video/7645750013347237161
v12148,https://www.douyin.com/video/7639018313238067706
v12149,https://www.douyin.com/video/7563982862911835430
v12150,https://www.douyin.com/video/7647755606413860987
v12151,https://www.douyin.com/video/7642163617479184889
v12152,https://www.douyin.com/video/7634006028354991046
v12153,https://www.douyin.com/note/7643706846389494761
v12154,https://www.douyin.com/video/7647169769442970899
v12155,https://www.douyin.com/video/7646368887298158009
v12156,https://www.douyin.com/video/7646992883715130606
v12157,https://www.douyin.com/video/7646408239113882930
v12158,https://www.douyin.com/video/7647706922532033701
v12159,https://www.douyin.com/video/7639008226814740706
v12160,https://www.douyin.com/note/7647486119164570545
v12161,https://www.douyin.com/note/7647714595448760945
v12162,https://www.douyin.com/video/7640814874889730431
v12163,https://www.douyin.com/video/7646665792569855286
v12164,https://www.douyin.com/video/7647207804289459321
v12165,https://www.douyin.com/video/7629599060559347880
v12166,https://www.douyin.com/video/7646273298094918938
v12167,https://www.douyin.com/video/7642701840757124325
v12168,https://www.douyin.com/video/7641189292639659363
v12169,https://www.douyin.com/video/7647909592839772017
v12170,https://www.douyin.com/video/7646771452356606927
v12171,https://www.douyin.com/video/7647891954868538643
v12172,https://www.douyin.com/video/7646008985929422756
v12173,https://www.douyin.com/video/7623654710562809001
v12174,https://www.douyin.com/video/7640322647460627791
v12175,https://www.douyin.com/video/7640141442925878715
v12176,https://www.douyin.com/video/7637789111932679345
v12177,https://www.douyin.com/video/7647890989321453925
v12178,https://www.douyin.com/video/7639929121291717903
v12179,https://www.douyin.com/video/7627762294337039346
v12180,https://www.douyin.com/video/7646447146190916927
v12181,https://www.douyin.com/video/7645302812814178226
v12182,https://www.douyin.com/video/7637183569537830180
v12183,https://www.douyin.com/video/7641945468268139515
v12184,https://www.douyin.com/video/7642560489867775268
v12185,https://www.douyin.com/video/7644945330563356270
v12186,https://www.douyin.com/note/7647770318131564243
v12187,https://www.douyin.com/video/7643658315059751586
v12188,https://www.douyin.com/note/7642977740397060475
v12189,https://www.douyin.com/note/7634097139232148799
v12190,https://www.douyin.com/video/7647512071407471887
v12191,https://www.douyin.com/video/7628851928780772544
v12192,https://www.douyin.com/video/7644415900116540904
v12193,https://www.douyin.com/video/7643673656568950114
v12194,https://www.douyin.com/video/7644044935557137570
v12195,https://www.douyin.com/video/7644788658364640611
v12196,https://www.douyin.com/video/7645158875443996520
v12197,https://www.douyin.com/video/7645916322307639988
v12198,https://www.douyin.com/video/7637363887830866112
v12199,https://www.douyin.com/video/7633960541321086193
v12200,https://www.douyin.com/video/7629930840525268707
v12201,https://www.douyin.com/note/7644144489624806313
v12202,https://www.douyin.com/video/7501535660474502451
v12203,https://www.douyin.com/note/7646681344790067301
v12204,https://www.douyin.com/video/7641228331635998362
v12205,https://www.douyin.com/video/7640125092139224362
v12206,https://www.douyin.com/note/7640452122475554981
v12207,https://www.douyin.com/video/7637895470312258673
v12208,https://www.douyin.com/video/7632126756303938255
v12209,https://www.douyin.com/note/7639441032321757062
v12210,https://www.douyin.com/note/7639378425162202342
v12211,https://www.douyin.com/note/7647701236867346030
v12212,https://www.douyin.com/video/7647837432393674737
v12213,https://www.douyin.com/video/7647159307956258993
v12214,https://www.douyin.com/video/7641240537631480229
v12215,https://www.douyin.com/video/7625271306178579750
v12216,https://www.douyin.com/note/7643023170023771566
v12217,https://www.douyin.com/video/7647035065637145898
v12218,https://www.douyin.com/note/7639949070484277931
v12219,https://www.douyin.com/video/7647042850534072497
v12220,https://www.douyin.com/video/7640651173808131334
v12221,https://www.douyin.com/note/7647399570804475520
v12222,https://www.douyin.com/note/7638939765391663865
v12223,https://www.douyin.com/video/7615194943686036755
v12224,https://www.douyin.com/video/7622649553220697075
v12225,https://www.douyin.com/video/7644764215693089905
v12226,https://www.douyin.com/video/7617440163132221413
v12227,https://www.douyin.com/video/7647540283789546617
v12228,https://www.douyin.com/video/7647839149805899043
v12229,https://www.douyin.com/note/7637329952019702500
v12230,https://www.douyin.com/video/7647566564845694330
v12231,https://www.douyin.com/video/7626691755291222345
v12232,https://www.douyin.com/video/7630528614945394801
v12233,https://www.douyin.com/video/7642301623108144411
v12234,https://www.douyin.com/note/7633317701519286201
v12235,https://www.douyin.com/video/7630845681482440689
v12236,https://www.douyin.com/note/7635724065244171194
v12237,https://www.douyin.com/video/7634991291486793445
v12238,https://www.douyin.com/note/7634845772253171327
v12239,https://www.douyin.com/video/7638265025169943409
v12240,https://www.douyin.com/video/7640426288088128101
v12241,https://www.douyin.com/note/7640078206498516870
v12242,https://www.douyin.com/note/7645231949335112361
v12243,https://www.douyin.com/note/7647780790428074353
v12244,https://www.douyin.com/video/7645913352775407857
v12245,https://www.douyin.com/note/7641645368048247167
v12246,https://www.douyin.com/video/7627090413056330225
v12247,https://www.douyin.com/note/7647121014485505088
v12248,https://www.douyin.com/video/7621883864055852027
v12249,https://www.douyin.com/video/7647761898478418082
v12250,https://www.douyin.com/video/7647857700197644008
v12251,https://www.douyin.com/video/7621894753029852452
v12252,https://www.douyin.com/video/7640053018038265850
v12253,https://www.douyin.com/note/7639690513818898298
v12254,https://www.douyin.com/note/7641530748697164209
v12255,https://www.douyin.com/video/7641161445078347749
v12256,https://www.douyin.com/note/7640445633006554297
v12257,https://www.douyin.com/video/7642649393434512805
v12258,https://www.douyin.com/video/7643390322290308852
v12259,https://www.douyin.com/note/7644143274169684219
v12260,https://www.douyin.com/video/7643768068557355429
v12261,https://www.douyin.com/note/7644884688280362341
v12262,https://www.douyin.com/video/7645264782422478266
v12263,https://www.douyin.com/video/7644512289736351483
v12264,https://www.douyin.com/video/7647101923035853797
v12265,https://www.douyin.com/note/7646377742230400741
v12266,https://www.douyin.com/note/7645644444683537915
v12267,https://www.douyin.com/video/7640411207808391290
v12268,https://www.douyin.com/note/7647850072881645477
v12269,https://www.douyin.com/note/7644589495463538822
v12270,https://www.douyin.com/note/7645504476316804166
v12271,https://www.douyin.com/video/7636983173910165242
v12272,https://www.douyin.com/video/7647804420964568326
v12273,https://www.douyin.com/video/7637343473784726912
v12274,https://www.douyin.com/note/7647552926290594225
v12275,https://www.douyin.com/video/7637430732004019494
v12276,https://www.douyin.com/video/7643303561002581241
v12277,https://www.douyin.com/video/7560622281836285224
v12278,https://www.douyin.com/video/7646678138138742057
v12279,https://www.douyin.com/video/7646065255089465728
v12280,https://www.douyin.com/video/7605559850944236846
v12281,https://www.douyin.com/note/7619320694589095931
v12282,https://www.douyin.com/note/7624171603434562555
v12283,https://www.douyin.com/note/7627381935221287034
v12284,https://www.douyin.com/note/7629342228900999034
v12285,https://www.douyin.com/note/7634543020020815353
v12286,https://www.douyin.com/note/7637862315850120954
v12287,https://www.douyin.com/note/7642697515821032571
v12288,https://www.douyin.com/note/7645292282737300219
v12289,https://www.douyin.com/video/7638843614809967898
v12290,https://www.douyin.com/video/7644862430912285995
v12291,https://www.douyin.com/video/7643432063546946121
v12292,https://www.douyin.com/video/7633133972951682313
v12293,https://www.douyin.com/video/7648020892841527523
v12294,https://www.douyin.com/video/7642740171884638848
v12295,https://www.douyin.com/video/7630551633223656177
v12296,https://www.douyin.com/video/7647917417943097073
v12297,https://www.douyin.com/video/7617667496040200522
v12298,https://www.douyin.com/video/7647535491297996667
v12299,https://www.douyin.com/video/7640727223443410230
v12300,https://www.douyin.com/video/7645506657942374067
v12301,https://www.douyin.com/note/7647924665311472814
v12302,https://www.douyin.com/note/7647708529407673179
v12303,https://www.douyin.com/video/7644117152108048569
v12304,https://www.douyin.com/video/7644327350311041526
v12305,https://www.douyin.com/video/7647466228495256851
v12306,https://www.douyin.com/note/7643124047824830324
v12307,https://www.douyin.com/note/7646229291185874683
v12308,https://www.douyin.com/note/7647861403656020401
v12309,https://www.douyin.com/video/7646357453990367921
v12310,https://www.douyin.com/note/7646794301858571151
v12311,https://www.douyin.com/video/7646717173894172264
v12312,https://www.douyin.com/video/7647890811108319722
v12313,https://www.douyin.com/note/7646054810278463929
v12314,https://www.douyin.com/video/7645233300370303942
v12315,https://www.douyin.com/note/7647896977150096049
v12316,https://www.douyin.com/video/7643722336142724371
v12317,https://www.douyin.com/video/7647894942022442703
v12318,https://www.douyin.com/note/7647914067747870949
v12319,https://www.douyin.com/video/7646873911158365888
v12320,https://www.douyin.com/video/7624526957086450554
v12321,https://www.douyin.com/note/7647372010528526714
v12322,https://www.douyin.com/note/7626750395133525937
v12323,https://www.douyin.com/video/7647817226497902693
v12324,https://www.douyin.com/video/7637086802301978035
v12325,https://www.douyin.com/note/7648082045852512625
v12326,https://www.douyin.com/note/7647497575633937846
v12327,https://www.douyin.com/video/7616712106025216083
v12328,https://www.douyin.com/video/7644521033449910970
v12329,https://www.douyin.com/video/7647150339376776825
v12330,https://www.douyin.com/video/7619635066642188651
v12331,https://www.douyin.com/video/7583063931720125747
v12332,https://www.douyin.com/video/7647727127992153819
v12333,https://www.douyin.com/video/7647741232601253818
v12334,https://www.douyin.com/video/7626639198288705125
v12335,https://www.douyin.com/video/7646298542725763953
v12336,https://www.douyin.com/note/7647853291364091557
v12337,https://www.douyin.com/note/7647392004384875209
v12338,https://www.douyin.com/note/7647874300372425370
v12339,https://www.douyin.com/video/7641944837337537009
v12340,https://www.douyin.com/note/7638217901459763643
v12341,https://www.douyin.com/video/7621902090281161957
v12342,https://www.douyin.com/note/7626935685899461563
v12343,https://www.douyin.com/video/7606617435239632163
v12344,https://www.douyin.com/note/7603285011231477027
v12345,https://www.douyin.com/note/7606706569195162915
v12346,https://www.douyin.com/note/7614453807397864826
v12347,https://www.douyin.com/video/7626672707853208847
v12348,https://www.douyin.com/note/7628931759165410560
v12349,https://www.douyin.com/note/7629209877910473999
v12350,https://www.douyin.com/video/7629655746703084836
v12351,https://www.douyin.com/note/7631189150598843689
v12352,https://www.douyin.com/video/7641185295404174601
v12353,https://www.douyin.com/video/7647897001610656113
v12354,https://www.douyin.com/video/7646012181007437090
v12355,https://www.douyin.com/video/7644495959782608147
v12356,https://www.douyin.com/note/7626582790075537314
v12357,https://www.douyin.com/note/7647947114718947557
v12358,https://www.douyin.com/video/7641559746608123146
v12359,https://www.douyin.com/video/7647822853907861861
v12360,https://www.douyin.com/video/7616957118373932721
v12361,https://www.douyin.com/note/7379609907408014643
v12362,https://www.douyin.com/video/7647354571257784128
v12363,https://www.douyin.com/video/7647561566388227370
v12364,https://www.douyin.com/note/7647844699176852645
v12365,https://www.douyin.com/note/7647516535011841984
v12366,https://www.douyin.com/video/7632250188010540782
v12367,https://www.douyin.com/video/7633737157751917843
v12368,https://www.douyin.com/note/7640480748805708712
v12369,https://www.douyin.com/video/7647920338504890853
v12370,https://www.douyin.com/video/7646690607537421289
v12371,https://www.douyin.com/video/7639675945473360614
v12372,https://www.douyin.com/video/7647908403910911482
v12373,https://www.douyin.com/video/7647866518834791525
v12374,https://www.douyin.com/video/7647767591096376814
v12375,https://www.douyin.com/video/7641214764194042993
v12376,https://www.douyin.com/video/7642631847180170618
v12377,https://www.douyin.com/video/7641878888528919163
v12378,https://www.douyin.com/video/7642971477247541361
v12379,https://www.douyin.com/note/7645961023324857723
v12380,https://www.douyin.com/video/7643749321565881786
v12381,https://www.douyin.com/video/7646809702965338106
v12382,https://www.douyin.com/video/7647945661731923450
v12383,https://www.douyin.com/note/7630082689840172901
v12384,https://www.douyin.com/video/7646736531788629413
v12385,https://www.douyin.com/note/7648000877442657994
v12386,https://www.douyin.com/video/7647382016001936675
v12387,https://www.douyin.com/video/7628945275215008185
v12388,https://www.douyin.com/video/7647721692270330539
v12389,https://www.douyin.com/video/7550603242204384551
v12390,https://www.douyin.com/note/7647930763091181800
v12391,https://www.douyin.com/video/7623331392688049448
v12392,https://www.douyin.com/video/7648030630387042402
v12393,https://www.douyin.com/note/7635906461235728357
v12394,https://www.douyin.com/note/7647230663325711951
v12395,https://www.douyin.com/note/7377667503117438242
v12396,https://www.douyin.com/note/7534673879308160315
v12397,https://www.douyin.com/note/7379638815700405504
v12398,https://www.douyin.com/video/7626704090949693861
v12399,https://www.douyin.com/note/7638543437947675621
v12400,https://www.douyin.com/note/7625649765732235877
v12401,https://www.douyin.com/note/7623310696914218426
v12402,https://www.douyin.com/note/7620102359545247461
v12403,https://www.douyin.com/note/7612299593649751973
v12404,https://www.douyin.com/note/7533487898826820923
v12405,https://www.douyin.com/note/7514937028606872890
v12406,https://www.douyin.com/note/7498298760812989756
v12407,https://www.douyin.com/note/7422269685778992444
v12408,https://www.douyin.com/note/7440644047875738938
v12409,https://www.douyin.com/video/7131717389854461197
v12410,https://www.douyin.com/video/7092579422951263518
v12411,https://www.douyin.com/video/6988046482209262878
v12412,https://www.douyin.com/video/7647848466581179647
v12413,https://www.douyin.com/video/7646003283895883121
v12414,https://www.douyin.com/video/7623747749373420529
v12415,https://www.douyin.com/video/7647848687062340966
v12416,https://www.douyin.com/video/7647156931085339910
v12417,https://www.douyin.com/video/7647939002854542602
v12418,https://www.douyin.com/video/7647755581582822682
v12419,https://www.douyin.com/video/7646548291522661541
v12420,https://www.douyin.com/video/7644880944700073450
v12421,https://www.douyin.com/video/7646785534426586801
v12422,https://www.douyin.com/video/7246507846345461029
v12423,https://www.douyin.com/note/7477414957554994467
v12424,https://www.douyin.com/note/7560334298781650211
v12425,https://www.douyin.com/note/7523687580899675432
v12426,https://www.douyin.com/note/7558790021303897396
v12427,https://www.douyin.com/note/7587318669182160163
v12428,https://www.douyin.com/video/7586917765694836003
v12429,https://www.douyin.com/note/7570325737812971490
v12430,https://www.douyin.com/note/7588502876364920500
v12431,https://www.douyin.com/note/7598927685683467727
v12432,https://www.douyin.com/note/7622522500845715363
v12433,https://www.douyin.com/video/7646345220057746030
v12434,https://www.douyin.com/note/7645582237455715419
v12435,https://www.douyin.com/note/7647897971157107067
v12436,https://www.douyin.com/video/7647934669388697713
v12437,https://www.douyin.com/note/7635525737999871848
v12438,https://www.douyin.com/video/7563606835077467428
v12439,https://www.douyin.com/video/7646809485768679802
v12440,https://www.douyin.com/video/7641927181611110056
v12441,https://www.douyin.com/video/7647898846139686272
v12442,https://www.douyin.com/video/7647897486438578304
v12443,https://www.douyin.com/note/7648069954998941940
v12444,https://www.douyin.com/video/7648073750328391906
v12445,https://www.douyin.com/note/7621971516599077238
v12446,https://www.douyin.com/video/7623463331600814419
v12447,https://www.douyin.com/video/7647874641020685609
v12448,https://www.douyin.com/video/7647869618358457785
v12449,https://www.douyin.com/video/7647159435005323249
v12450,https://www.douyin.com/video/7647273412356298367
v12451,https://www.douyin.com/video/7646421360847195434
v12452,https://www.douyin.com/video/7647956511411054793
v12453,https://www.douyin.com/video/7503915662600850688
v12454,https://www.douyin.com/video/7607740378838746553
v12455,https://www.douyin.com/note/7645979272579029339
v12456,https://www.douyin.com/video/7647895324749382777
v12457,https://www.douyin.com/note/7638320022578306383
v12458,https://www.douyin.com/video/7645694466937851190
v12459,https://www.douyin.com/video/7647223586067380905
v12460,https://www.douyin.com/video/7647194625325412465
v12461,https://www.douyin.com/note/7647737152764448249
v12462,https://www.douyin.com/video/7646433994002713906
v12463,https://www.douyin.com/video/7646997733550640436
v12464,https://www.douyin.com/video/7645030958646869883
v12465,https://www.douyin.com/note/7644485806639616677
v12466,https://www.douyin.com/note/7640453778646910641
v12467,https://www.douyin.com/video/7647611890478352059
v12468,https://www.douyin.com/note/7639944935843679656
v12469,https://www.douyin.com/note/7647950133489657542
v12470,https://www.douyin.com/video/7647916666236921850
v12471,https://www.douyin.com/video/7647897224080656482
v12472,https://www.douyin.com/video/7647809359526776116
v12473,https://www.douyin.com/video/7647597556079693923
v12474,https://www.douyin.com/note/7647976909998450042
v12475,https://www.douyin.com/note/7648155737092794804
v12476,https://www.douyin.com/video/7647841073561079075
v12477,https://www.douyin.com/note/7648082092937029754
v12478,https://www.douyin.com/video/7647459840218007931
v12479,https://www.douyin.com/video/7647825272154120313
v12480,https://www.douyin.com/video/7647933263004339310
v12481,https://www.douyin.com/video/7647931270983470170
v12482,https://www.douyin.com/video/7647069411287784114
v12483,https://www.douyin.com/video/7648109986245070120
v12484,https://www.douyin.com/note/7648226536408098917
v12485,https://www.douyin.com/video/7647908190478273830
v12486,https://www.douyin.com/video/7646696859020430638
v12487,https://www.douyin.com/video/7640411543989355121
v12488,https://www.douyin.com/video/7642031509494304051
v12489,https://www.douyin.com/note/7624105057864140763
v12490,https://www.douyin.com/video/7647868364857029305
v12491,https://www.douyin.com/video/7647425267417304329
v12492,https://www.douyin.com/video/7647941964788272390
v12493,https://www.douyin.com/video/7648096140109425265
v12494,https://www.douyin.com/video/7627163580446242447
v12495,https://www.douyin.com/video/7647728886448540938
v12496,https://www.douyin.com/note/7647912605360967075
v12497,https://www.douyin.com/note/7648231227979393012
v12498,https://www.douyin.com/note/7648067433173086202
v12499,https://www.douyin.com/video/7648169725372992831
v12500,https://www.douyin.com/video/7647878204900308042
v12501,https://www.douyin.com/video/7621843210844193913
v12502,https://www.douyin.com/video/7647500563982280329
v12503,https://www.douyin.com/video/7373913875328077065
v12504,https://www.douyin.com/video/7173752948198100237
v12505,https://www.douyin.com/video/7647840512489448305
v12506,https://www.douyin.com/video/7173788115385994503
v12507,https://www.douyin.com/video/7645242244274292580
v12508,https://www.douyin.com/video/7573652896865078563
v12509,https://www.douyin.com/video/7173952248400203046
v12510,https://www.douyin.com/video/7365615283928583465
v12511,https://www.douyin.com/video/7641205643562519848
v12512,https://www.douyin.com/note/7643116087810283121
v12513,https://www.douyin.com/video/7648183097015982437
v12514,https://www.douyin.com/video/7641463893755202816
v12515,https://www.douyin.com/video/7647802040593170427
v12516,https://www.douyin.com/video/7646408705836619770
v12517,https://www.douyin.com/video/7648114846228431322
v12518,https://www.douyin.com/video/7643705402307136768
v12519,https://www.douyin.com/video/7648162067798576394
v12520,https://www.douyin.com/note/7648152474762692273
v12521,https://www.douyin.com/video/7648133424083362297
v12522,https://www.douyin.com/video/7646988270542329253
v12523,https://www.douyin.com/video/7647831301987530234
v12524,https://www.douyin.com/video/7644554934855159081
v12525,https://www.douyin.com/video/7641887210152807714
v12526,https://www.douyin.com/video/7646510858722587091
v12527,https://www.douyin.com/video/7642898068782073265
v12528,https://www.douyin.com/video/7644118485471104307
v12529,https://www.douyin.com/note/7648075670950716644
v12530,https://www.douyin.com/video/7647805383129566505
v12531,https://www.douyin.com/video/7630433415553348072
v12532,https://www.douyin.com/video/7408864820096716067
v12533,https://www.douyin.com/video/7407365666967162149
v12534,https://www.douyin.com/video/7530656276553469244
v12535,https://www.douyin.com/video/7559582298010586404
v12536,https://www.douyin.com/video/7416173871843396927
v12537,https://www.douyin.com/video/7145756435664604416
v12538,https://www.douyin.com/video/7648082171130924785
v12539,https://www.douyin.com/video/7645698118868527744
v12540,https://www.douyin.com/video/7648150152225542565
v12541,https://www.douyin.com/video/7637456619341308603
v12542,https://www.douyin.com/video/7647774673413947078
v12543,https://www.douyin.com/video/7647833274332548398
v12544,https://www.douyin.com/video/7647034257651061425
v12545,https://www.douyin.com/video/7645662478575160612
v12546,https://www.douyin.com/video/7617109083720657993
v12547,https://www.douyin.com/video/7646791548537827315
v12548,https://www.douyin.com/video/7648199257928764687
v12549,https://www.douyin.com/video/7647948504052260465
v12550,https://www.douyin.com/video/7629270842380258036
v12551,https://www.douyin.com/note/7622574086035623183
v12552,https://www.douyin.com/video/7637294971565100465
v12553,https://www.douyin.com/video/7647565693810558437
v12554,https://www.douyin.com/video/7625110529023020338
v12555,https://www.douyin.com/note/7617759082258206015
v12556,https://www.douyin.com/video/7627056134695832884
v12557,https://www.douyin.com/video/7643435346025596075
v12558,https://www.douyin.com/video/7642894904087104814
v12559,https://www.douyin.com/video/7641793632220512953
v12560,https://www.douyin.com/note/7647901383387309413
v12561,https://www.douyin.com/video/7647155401771905509
v12562,https://www.douyin.com/video/7647882272653855601
v12563,https://www.douyin.com/video/7641626584098013541
v12564,https://www.douyin.com/video/7647821438426080241
v12565,https://www.douyin.com/video/7642671205539432104
v12566,https://www.douyin.com/video/7648196490808608884
v12567,https://www.douyin.com/video/7644319023085276431
v12568,https://www.douyin.com/video/7638663717681739171
v12569,https://www.douyin.com/video/7638392668721342385
v12570,https://www.douyin.com/video/7643708297509341050
v12571,https://www.douyin.com/video/7636819448871963241
v12572,https://www.douyin.com/video/7647904366464109878
v12573,https://www.douyin.com/video/7647817232722595761
v12574,https://www.douyin.com/video/7638373569081049530
v12575,https://www.douyin.com/video/7647006106837272761
v12576,https://www.douyin.com/video/7647823068584412581
v12577,https://www.douyin.com/video/7647166835258883954
v12578,https://www.douyin.com/note/7636314378530568101
v12579,https://www.douyin.com/video/7643761575996055955
v12580,https://www.douyin.com/video/7637462606098674170
v12581,https://www.douyin.com/video/7647104092233403674
v12582,https://www.douyin.com/note/7624078229367770431
v12583,https://www.douyin.com/video/7648199475139202338
v12584,https://www.douyin.com/video/7647818486219081137
v12585,https://www.douyin.com/video/7647850860765525667
v12586,https://www.douyin.com/note/7648131550655139072
v12587,https://www.douyin.com/video/7643675896738745960
v12588,https://www.douyin.com/video/7640428882953208996
v12589,https://www.douyin.com/video/7642654761154801003
v12590,https://www.douyin.com/video/7647759341236558563
v12591,https://www.douyin.com/video/7618237431896116490
v12592,https://www.douyin.com/video/7639270331105987874
v12593,https://www.douyin.com/note/7647756191916903734
v12594,https://www.douyin.com/video/7637326052817820529
v12595,https://www.douyin.com/video/7646742914693337073
v12596,https://www.douyin.com/video/7648167957775879474
v12597,https://www.douyin.com/video/7647723765761894095
v12598,https://www.douyin.com/video/7646403495935332858
v12599,https://www.douyin.com/video/7638235115935596386
v12600,https://www.douyin.com/note/7615541037662080296
v12601,https://www.douyin.com/note/7644779137241130603
v12602,https://www.douyin.com/video/7643804667268399750
v12603,https://www.douyin.com/video/7642261446989974803
v12604,https://www.douyin.com/video/7640489066806586809
v12605,https://www.douyin.com/video/7647879555012726059
v12606,https://www.douyin.com/video/7646257525931550955
v12607,https://www.douyin.com/video/7647751975917198321
v12608,https://www.douyin.com/video/7645931042708184229
v12609,https://www.douyin.com/video/7644416974773445285
v12610,https://www.douyin.com/video/7637248376975614662
v12611,https://www.douyin.com/video/7647848752614526248
v12612,https://www.douyin.com/video/7647017885965911290
v12613,https://www.douyin.com/video/7620399195215744308
v12614,https://www.douyin.com/video/7640715335494028586
v12615,https://www.douyin.com/video/7647780104069201307
v12616,https://www.douyin.com/video/7648108507312508175
v12617,https://www.douyin.com/video/7648102589128641801
v12618,https://www.douyin.com/note/7644642516206455220
v12619,https://www.douyin.com/video/7642710170460626404
v12620,https://www.douyin.com/video/7647869600956761723
v12621,https://www.douyin.com/video/7645139937158860047
v12622,https://www.douyin.com/video/7642271415999944106
v12623,https://www.douyin.com/video/7647850372203640177
v12624,https://www.douyin.com/video/7645721140565227941
v12625,https://www.douyin.com/video/7648196896041675643
v12626,https://www.douyin.com/video/7615957423559281920
v12627,https://www.douyin.com/note/7627403617070320902
v12628,https://www.douyin.com/video/7642293806822784731
v12629,https://www.douyin.com/video/7647158263478317952
v12630,https://www.douyin.com/video/7647748426196733194
v12631,https://www.douyin.com/video/7624036481153256745
v12632,https://www.douyin.com/video/7628152794221989155
v12633,https://www.douyin.com/note/7621147940576431394
v12634,https://www.douyin.com/video/7647839049189051124
v12635,https://www.douyin.com/video/7647878109089303871
v12636,https://www.douyin.com/video/7644849215625104655
v12637,https://www.douyin.com/video/7640084487976801899
v12638,https://www.douyin.com/video/7647906905659168741
v12639,https://www.douyin.com/video/7647540214440692731
v12640,https://www.douyin.com/video/7641218501528742114
v12641,https://www.douyin.com/note/7617036336184298761
v12642,https://www.douyin.com/video/7631602350356955903
v12643,https://www.douyin.com/video/7648173590809988387
v12644,https://www.douyin.com/video/7638693087358782754
v12645,https://www.douyin.com/video/7624832461721062671
v12646,https://www.douyin.com/note/7618495221826866451
v12647,https://www.douyin.com/note/7646045969436253282
v12648,https://www.douyin.com/video/7648173651283447080
v12649,https://www.douyin.com/video/7647856749329193061
v12650,https://www.douyin.com/video/7647845640692665636
v12651,https://www.douyin.com/video/7647754700439196323
v12652,https://www.douyin.com/video/7647963361456915371
v12653,https://www.douyin.com/video/7647883542248445105
v12654,https://www.douyin.com/video/7639953046617468778
v12655,https://www.douyin.com/video/7647824339814927656
v12656,https://www.douyin.com/video/7647087863829700209
v12657,https://www.douyin.com/video/7648147576927612394
v12658,https://www.douyin.com/video/7647914769357294848
v12659,https://www.douyin.com/video/7648126599279852209
v12660,https://www.douyin.com/video/7647944008500772202
v12661,https://www.douyin.com/video/7639648487470942905
v12662,https://www.douyin.com/video/7638900228782902564
v12663,https://www.douyin.com/note/7631106503390317875
v12664,https://www.douyin.com/video/7647864090894798106
v12665,https://www.douyin.com/video/7647452573683582373
v12666,https://www.douyin.com/note/7648119211978321329
v12667,https://www.douyin.com/note/7647901586702846086
v12668,https://www.douyin.com/note/7647501472109201514
v12669,https://www.douyin.com/video/7639248289024626546
v12670,https://www.douyin.com/note/7647898322577375730
v12671,https://www.douyin.com/note/7643861397361164954
v12672,https://www.douyin.com/video/7647852103448202536
v12673,https://www.douyin.com/video/7536089734251138331
v12674,https://www.douyin.com/note/7649028011610279642
v12675,https://www.douyin.com/note/7648879307368249530
v12676,https://www.douyin.com/video/7648910096051871049
v12677,https://www.douyin.com/video/7645694156543507131
v12678,https://www.douyin.com/video/7628539405616090222
v12679,https://www.douyin.com/video/7648581314187308411
v12680,https://www.douyin.com/note/7647829300603949742
v12681,https://www.douyin.com/note/7649017412532263098
v12682,https://www.douyin.com/note/7648969050739036523
v12683,https://www.douyin.com/note/7648863422205945701
v12684,https://www.douyin.com/video/7649010221846719099
v12685,https://www.douyin.com/video/7648427248631121651
v12686,https://www.douyin.com/video/7648934447919964155
v12687,https://www.douyin.com/video/7623008770632892338
v12688,https://www.douyin.com/note/7648611376568000945
v12689,https://www.douyin.com/video/7646045678556220715
v12690,https://www.douyin.com/video/7648637199835842533
v12691,https://www.douyin.com/video/7648855079054822666
v12692,https://www.douyin.com/video/7648304838095218021
v12693,https://www.douyin.com/note/7647851415888999282
v12694,https://www.douyin.com/note/7646091812893069416
v12695,https://www.douyin.com/note/7648374962063774885
v12696,https://www.douyin.com/video/7640428727326739762
v12697,https://www.douyin.com/note/7637457908770645617
v12698,https://www.douyin.com/video/7647938512045675129
v12699,https://www.douyin.com/note/7648601190032715482
v12700,https://www.douyin.com/video/7535909528995548474
v12701,https://www.douyin.com/video/7648844196976324443
v12702,https://www.douyin.com/video/7644517018590350655
v12703,https://www.douyin.com/video/7648452274444051811
v12704,https://www.douyin.com/video/7617772464986170853
v12705,https://www.douyin.com/video/7555799401378172201
v12706,https://www.douyin.com/note/7473781250558348607
v12707,https://www.douyin.com/note/7577688665304878370
v12708,https://www.douyin.com/note/7616300168799509873
v12709,https://www.douyin.com/video/7564348868248554811
v12710,https://www.douyin.com/note/7648940910990386831
v12711,https://www.douyin.com/video/7648538834628768357
v12712,https://www.douyin.com/video/7648613792339195109
v12713,https://www.douyin.com/video/7648963661725463217
v12714,https://www.douyin.com/note/7648960089134949859
v12715,https://www.douyin.com/video/7648909729548324139
v12716,https://www.douyin.com/video/7648919961381628517
v12717,https://www.douyin.com/video/7648746686043004651
v12718,https://www.douyin.com/video/7647909683764344314
v12719,https://www.douyin.com/note/7624519049523659633
v12720,https://www.douyin.com/video/7631465226186387866
v12721,https://www.douyin.com/note/7648350342204498042
v12722,https://www.douyin.com/video/7647163346508867441
v12723,https://www.douyin.com/video/7638590979519714550
v12724,https://www.douyin.com/video/7645275917799001386
v12725,https://www.douyin.com/note/7648656928570863025
v12726,https://www.douyin.com/video/7648934596046483942
v12727,https://www.douyin.com/video/7543964495803059496
v12728,https://www.douyin.com/video/7311994956611095820
v12729,https://www.douyin.com/video/7296502257804266761
v12730,https://www.douyin.com/video/7460043655219318055
v12731,https://www.douyin.com/video/7330669499156286760
v12732,https://www.douyin.com/video/7407790890527231258
v12733,https://www.douyin.com/video/7508746423410036026
v12734,https://www.douyin.com/video/7644122039822041253
v12735,https://www.douyin.com/video/7625990063332151217
v12736,https://www.douyin.com/video/7638632727658648234
v12737,https://www.douyin.com/note/7648561302243207609
v12738,https://www.douyin.com/note/7648910676785953984
v12739,https://www.douyin.com/note/7647619666006302321
v12740,https://www.douyin.com/video/7624050591078091131
v12741,https://www.douyin.com/video/7623673946461834531
v12742,https://www.douyin.com/note/7648594135150400625
v12743,https://www.douyin.com/note/7648128977190077873
v12744,https://www.douyin.com/note/7640449143740304091
v12745,https://www.douyin.com/video/7634483651610741110
v12746,https://www.douyin.com/video/7647337351710035227
v12747,https://www.douyin.com/video/7643044785003151059
v12748,https://www.douyin.com/video/7647118340779958379
v12749,https://www.douyin.com/video/7647915010521313279
v12750,https://www.douyin.com/video/7647129251062616744
v12751,https://www.douyin.com/video/7641834277092560128
v12752,https://www.douyin.com/video/7646052179527359673
v12753,https://www.douyin.com/video/7646368939093626139
v12754,https://www.douyin.com/video/7643033799592332594
v12755,https://www.douyin.com/video/7647939027957468416
v12756,https://www.douyin.com/video/7645167391496005222
v12757,https://www.douyin.com/video/7642666070129624467
v12758,https://www.douyin.com/video/7648551411336207729
v12759,https://www.douyin.com/video/7639664159987481792
v12760,https://www.douyin.com/video/7648639683937552731
v12761,https://www.douyin.com/video/7644887993777593782
v12762,https://www.douyin.com/video/7646337621509855973
v12763,https://www.douyin.com/note/7494843125740637450
v12764,https://www.douyin.com/note/7497888739114634531
v12765,https://www.douyin.com/note/7575371554521364410
v12766,https://www.douyin.com/video/7491606555314359562
v12767,https://www.douyin.com/video/7639949819940012635
v12768,https://www.douyin.com/video/7647063178333581050
v12769,https://www.douyin.com/note/7648256518760027257
v12770,https://www.douyin.com/video/7648975729757551003
v12771,https://www.douyin.com/note/7648961908586324645
v12772,https://www.douyin.com/video/7648688164168570022
v12773,https://www.douyin.com/video/7648822347432772027
v12774,https://www.douyin.com/video/7646247078414339391
v12775,https://www.douyin.com/video/7648128134073052910
v12776,https://www.douyin.com/video/7640120768138874146
v12777,https://www.douyin.com/video/7648270203827511482
v12778,https://www.douyin.com/video/7638437304104739301
v12779,https://www.douyin.com/video/7648212803651652898
v12780,https://www.douyin.com/note/7626806407640461194
v12781,https://www.douyin.com/video/7648975131805239281
v12782,https://www.douyin.com/video/7648993323630204345
v12783,https://www.douyin.com/video/7648093383056241530
v12784,https://www.douyin.com/video/7648245616379792646
v12785,https://www.douyin.com/video/7647494758759288073
v12786,https://www.douyin.com/video/7648938087518719295
v12787,https://www.douyin.com/video/7648480341011518886
v12788,https://www.douyin.com/note/7648930811090177274
v12789,https://www.douyin.com/note/7648881710604633064
v12790,https://www.douyin.com/note/7648976612365276155
v12791,https://www.douyin.com/video/7647838148545744178
v12792,https://www.douyin.com/note/7643414281136890597
v12793,https://www.douyin.com/video/7641943968745295119
v12794,https://www.douyin.com/note/7610396754412735717
v12795,https://www.douyin.com/video/7648138074958510257
v12796,https://www.douyin.com/note/7647944240458757105
v12797,https://www.douyin.com/note/7648626477127757925
v12798,https://www.douyin.com/video/7647906366703221416
v12799,https://www.douyin.com/video/7641160697975996281
v12800,https://www.douyin.com/video/7623324182562065704
v12801,https://www.douyin.com/video/7645293506349420794
v12802,https://www.douyin.com/note/7632627153738684581
v12803,https://www.douyin.com/note/7641942561766498815
v12804,https://www.douyin.com/note/7586194365983722762
v12805,https://www.douyin.com/note/7585163941686299955
v12806,https://www.douyin.com/note/7490138716527283519
v12807,https://www.douyin.com/note/7490894999878454539
v12808,https://www.douyin.com/note/7495050829684264203
v12809,https://www.douyin.com/note/7493890444187716918
v12810,https://www.douyin.com/note/7500189065146567999
v12811,https://www.douyin.com/note/7587862022333123849
v12812,https://www.douyin.com/note/7606393947329611226
v12813,https://www.douyin.com/note/7635621497873318257
v12814,https://www.douyin.com/note/7557014871805218108
v12815,https://www.douyin.com/note/7644180989887150675
v12816,https://www.douyin.com/note/7617290156919428723
v12817,https://www.douyin.com/note/7648626185840887921
v12818,https://www.douyin.com/note/7648539596288789172
v12819,https://www.douyin.com/note/7643624525058608960
v12820,https://www.douyin.com/note/7648892776792486073
v12821,https://www.douyin.com/note/7648070605535027891
v12822,https://www.douyin.com/note/7648617116400271315
v12823,https://www.douyin.com/note/7648607994800578926
v12824,https://www.douyin.com/note/7648489714278508517
v12825,https://www.douyin.com/note/7648685927375578981
v12826,https://www.douyin.com/video/7647717265290382635
v12827,https://www.douyin.com/video/7648225636704056714
v12828,https://www.douyin.com/note/7631566031862414810
v12829,https://www.douyin.com/note/7640457575243735990
v12830,https://www.douyin.com/video/7648918206903504180
v12831,https://www.douyin.com/note/7648653996488377777
v12832,https://www.douyin.com/note/7648085176803258597
v12833,https://www.douyin.com/video/7647476707013190363
v12834,https://www.douyin.com/video/7638215338601891274
v12835,https://www.douyin.com/note/7648282391782358891
v12836,https://www.douyin.com/video/7642680799162807238
v12837,https://www.douyin.com/video/7648516681203763529
v12838,https://www.douyin.com/video/7642239494771354758
v12839,https://www.douyin.com/note/7265761016758291746
v12840,https://www.douyin.com/note/7367779662551960866
v12841,https://www.douyin.com/note/7384107082863103272
v12842,https://www.douyin.com/note/7505429681286729018
v12843,https://www.douyin.com/note/7590670753809943013
v12844,https://www.douyin.com/note/7620412306770498043
v12845,https://www.douyin.com/note/7648896718683316729
v12846,https://www.douyin.com/video/7647617638160679345
v12847,https://www.douyin.com/video/7648541329299260531
v12848,https://www.douyin.com/video/7648112791647227162
v12849,https://www.douyin.com/video/7648658859548779882
v12850,https://www.douyin.com/video/7647847213629248198
v12851,https://www.douyin.com/video/7642517245541329908
v12852,https://www.douyin.com/note/7643618184762842036
v12853,https://www.douyin.com/video/7558525439809359162
v12854,https://www.douyin.com/video/7648580166092609265
v12855,https://www.douyin.com/note/7648319537494487473
v12856,https://www.douyin.com/note/7483111875144699175
v12857,https://www.douyin.com/note/7436403441070542091
v12858,https://www.douyin.com/note/7423087532939808011
v12859,https://www.douyin.com/video/7571810216007978363
v12860,https://www.douyin.com/video/7600938584221462696
v12861,https://www.douyin.com/video/7648818865165602058
v12862,https://www.douyin.com/video/7648244112419802411
v12863,https://www.douyin.com/note/7647902418379131306
v12864,https://www.douyin.com/video/7646050821256190562
v12865,https://www.douyin.com/video/7648626822033222223
v12866,https://www.douyin.com/video/7646420987458593125
v12867,https://www.douyin.com/video/7648731463693584633
v12868,https://www.douyin.com/video/7648805180103724315
v12869,https://www.douyin.com/video/7648848120876436771
v12870,https://www.douyin.com/video/7648821166274121012
v12871,https://www.douyin.com/video/7648486515974422949
v12872,https://www.douyin.com/video/7537172538812615979
v12873,https://www.douyin.com/video/7648660448704021110
v12874,https://www.douyin.com/note/7578119625713022050
v12875,https://www.douyin.com/video/7234009320789150991
v12876,https://www.douyin.com/note/7519533162982493475
v12877,https://www.douyin.com/video/7648512566465315237
v12878,https://www.douyin.com/note/7647855457902708325
v12879,https://www.douyin.com/video/7648444904976256302
v12880,https://www.douyin.com/video/7600444747123051819
v12881,https://www.douyin.com/note/7648652620495686884
v12882,https://www.douyin.com/video/7569580079638973738
v12883,https://www.douyin.com/video/7630768742801350051
v12884,https://www.douyin.com/video/7638810259586485544
v12885,https://www.douyin.com/video/7648167086992133739
v12886,https://www.douyin.com/video/7645011216980593958
v12887,https://www.douyin.com/video/7648713717488243599
v12888,https://www.douyin.com/video/7631557634985938217
v12889,https://www.douyin.com/video/7648628396985340410
v12890,https://www.douyin.com/video/7647806875718733097
v12891,https://www.douyin.com/video/7647524407598948273
v12892,https://www.douyin.com/note/7648623982376296372
v12893,https://www.douyin.com/video/7602510040079043886
v12894,https://www.douyin.com/video/7505073020449475903
v12895,https://www.douyin.com/video/7648629669277104710
v12896,https://www.douyin.com/video/7648629698420130213
v12897,https://www.douyin.com/video/7615696203639983379
v12898,https://www.douyin.com/video/7646785501047668142
v12899,https://www.douyin.com/video/7491763047288130873
v12900,https://www.douyin.com/note/7289060171400154402
v12901,https://www.douyin.com/note/7627666458575278513
v12902,https://www.douyin.com/note/7351705686205549878
v12903,https://www.douyin.com/video/7564369891761311022
v12904,https://www.douyin.com/video/7648493748901282810
v12905,https://www.douyin.com/video/7473475633239084340
v12906,https://www.douyin.com/video/7629763607223651791
v12907,https://www.douyin.com/video/7614096167232166630
v12908,https://www.douyin.com/video/7643117485852547577
v12909,https://www.douyin.com/video/7647806995386453267
v12910,https://www.douyin.com/video/7647551358724249713
v12911,https://www.douyin.com/video/7644258355803901234
v12912,https://www.douyin.com/note/7648630908413086452
v12913,https://www.douyin.com/note/7558696763181174059
v12914,https://www.douyin.com/video/7564243817382120746
v12915,https://www.douyin.com/note/7648013198302816177
v12916,https://www.douyin.com/video/7648691431636241716
v12917,https://www.douyin.com/video/7561904846237011239
v12918,https://www.douyin.com/note/7648705873394034155
v12919,https://www.douyin.com/video/7643526905299225883
v12920,https://www.douyin.com/video/7638901768760323514
v12921,https://www.douyin.com/video/7648002947279818003
v12922,https://www.douyin.com/video/7647392502652662121
v12923,https://www.douyin.com/video/7646854156178767241
v12924,https://www.douyin.com/video/7648606615978427566
v12925,https://www.douyin.com/video/7585972702582738214
v12926,https://www.douyin.com/video/7643398386054237001
v12927,https://www.douyin.com/note/7648584566820035434
v12928,https://www.douyin.com/note/7647971660167218554
v12929,https://www.douyin.com/video/7647956662560525622
v12930,https://www.douyin.com/note/7642164104887417834
v12931,https://www.douyin.com/video/7564836999736102187
v12932,https://www.douyin.com/video/7648688564553931961
v12933,https://www.douyin.com/video/7565769868918689078
v12934,https://www.douyin.com/video/7648126159964108026
v12935,https://www.douyin.com/video/7647863360217713946
v12936,https://www.douyin.com/video/7645911894238301459
v12937,https://www.douyin.com/video/7647764204891508010
v12938,https://www.douyin.com/note/7489242022549687612
v12939,https://www.douyin.com/note/7648694806092548979
v12940,https://www.douyin.com/video/7648468071778094970
v12941,https://www.douyin.com/video/7644168388318815854
v12942,https://www.douyin.com/note/7648698603825847226
v12943,https://www.douyin.com/video/7632546403159493915
v12944,https://www.douyin.com/video/7640853535081180243
v12945,https://www.douyin.com/note/7647518334711327395
v12946,https://www.douyin.com/video/7594803573091732763
v12947,https://www.douyin.com/note/7648206352917399750
v12948,https://www.douyin.com/video/7646385502429530350
v12949,https://www.douyin.com/video/7648541306880363782
v12950,https://www.douyin.com/video/7648617566813903354
v12951,https://www.douyin.com/video/7648217075093467618
v12952,https://www.douyin.com/video/7642360285362634147
v12953,https://www.douyin.com/video/7608451586964147497
v12954,https://www.douyin.com/video/7634166211493165962
v12955,https://www.douyin.com/note/7648248752659250107
v12956,https://www.douyin.com/video/7648613743870716086
v12957,https://www.douyin.com/note/7648621257654829413
v12958,https://www.douyin.com/video/7646720275240717587
v12959,https://www.douyin.com/note/7647926886534599601
v12960,https://www.douyin.com/note/7648322146150283392
v12961,https://www.douyin.com/video/7648611270535145798
v12962,https://www.douyin.com/video/7648529518491078821
v12963,https://www.douyin.com/video/7646492205506366739
v12964,https://www.douyin.com/video/7646696334653166504
v12965,https://www.douyin.com/video/7648584812919716517
v12966,https://www.douyin.com/video/7639318383641802867
v12967,https://www.douyin.com/video/7639240780594782821
v12968,https://www.douyin.com/note/7316858185808121088
v12969,https://www.douyin.com/video/7548034505479605543
v12970,https://www.douyin.com/video/7648504068826965410
v12971,https://www.douyin.com/video/7648260643649770233
v12972,https://www.douyin.com/video/7648293572139909553
v12973,https://www.douyin.com/video/7647464932656581915
v12974,https://www.douyin.com/video/7648318252771099557
v12975,https://www.douyin.com/video/7648154271829171654
v12976,https://www.douyin.com/video/7647871941239523578
v12977,https://www.douyin.com/video/7642089468233475931
v12978,https://www.douyin.com/note/7647845024969024613
v12979,https://www.douyin.com/video/7646738159656619264
v12980,https://www.douyin.com/video/7639661548026444980
v12981,https://www.douyin.com/note/7630446497439567114
v12982,https://www.douyin.com/note/7638199794218016229
v12983,https://www.douyin.com/video/7644407964418669226
v12984,https://www.douyin.com/video/7647422717843935994
v12985,https://www.douyin.com/note/7587159785629764898
v12986,https://www.douyin.com/video/7642649433260226533
v12987,https://www.douyin.com/video/7648421259509002746
v12988,https://www.douyin.com/note/7648554666045299578
v12989,https://www.douyin.com/video/7648585205288144182
v12990,https://www.douyin.com/note/7646710870631065957
v12991,https://www.douyin.com/video/7647849707423757297
v12992,https://www.douyin.com/note/7648643288546942563
v12993,https://www.douyin.com/note/7646545800454200229
v12994,https://www.douyin.com/note/7647914034184931577
v12995,https://www.douyin.com/note/7644865788016358991
v12996,https://www.douyin.com/video/7642685289257372850
v12997,https://www.douyin.com/video/7636705773599136889
v12998,https://www.douyin.com/video/7647584966596361546
v12999,https://www.douyin.com/video/7495677410354056506
v13000,https://www.douyin.com/note/7647879914687750641
v13001,https://www.douyin.com/video/7646269097059591155
v13002,https://www.douyin.com/video/7641185728235326772
v13003,https://www.douyin.com/video/7629223775305689314
v13004,https://www.douyin.com/video/7633466784713512699
v13005,https://www.douyin.com/note/7644757918554682875
v13006,https://www.douyin.com/video/7623994753851362601
v13007,https://www.douyin.com/video/7643745242973901922
v13008,https://www.douyin.com/note/7648305738124764529
v13009,https://www.douyin.com/video/7645990704174435619
v13010,https://www.douyin.com/video/7635338039602453686
v13011,https://www.douyin.com/video/7646767671301172197
v13012,https://www.douyin.com/video/7642236564156426086
v13013,https://www.douyin.com/video/7638578671665663251
v13014,https://www.douyin.com/video/7571781905507421446
v13015,https://www.douyin.com/video/7637173699070310479
v13016,https://www.douyin.com/note/7647805921024403923
v13017,https://www.douyin.com/video/7646264655044598641
v13018,https://www.douyin.com/video/7643383381951027835
v13019,https://www.douyin.com/video/7644756562595475065
v13020,https://www.douyin.com/video/7638279429944716678
v13021,https://www.douyin.com/video/7645151004501085440
v13022,https://www.douyin.com/note/7634154016742348282
v13023,https://www.douyin.com/video/7632559439174164324
v13024,https://www.douyin.com/video/7647872784148708691
v13025,https://www.douyin.com/video/7423852427641720101
v13026,https://www.douyin.com/video/7640675032314191231
v13027,https://www.douyin.com/video/7645679259923984378
v13028,https://www.douyin.com/video/7644966129770036474
v13029,https://www.douyin.com/video/7636429402200942449
v13030,https://www.douyin.com/video/7648170599165517545
v13031,https://www.douyin.com/video/7645225064459296867
v13032,https://www.douyin.com/video/7647537872938506853
v13033,https://www.douyin.com/video/7622966849025756457
v13034,https://www.douyin.com/note/7640437058121629770
v13035,https://www.douyin.com/video/7644150685320432826
v13036,https://www.douyin.com/video/7603306878377954623
v13037,https://www.douyin.com/video/7636103803976898725
v13038,https://www.douyin.com/video/7645699184931093236
v13039,https://www.douyin.com/video/7647962016476445881
v13040,https://www.douyin.com/video/7647109246055777786
v13041,https://www.douyin.com/video/7648468436053508474
v13042,https://www.douyin.com/video/7640771264864439615
v13043,https://www.douyin.com/video/7642748809868627254
v13044,https://www.douyin.com/note/7645140358711505323
v13045,https://www.douyin.com/video/7638823732412955109
v13046,https://www.douyin.com/video/7648436134262908258
v13047,https://www.douyin.com/video/7636055020694422905
v13048,https://www.douyin.com/video/7648300984351649210
v13049,https://www.douyin.com/video/7640831654478515519
v13050,https://www.douyin.com/video/7647902298618188520
v13051,https://www.douyin.com/video/7635603108017611890
v13052,https://www.douyin.com/video/7647693811107237160
v13053,https://www.douyin.com/video/7646723555858457521
v13054,https://www.douyin.com/video/7646891561757971558
v13055,https://www.douyin.com/note/7648517355278134611
v13056,https://www.douyin.com/video/7553510346914794810
v13057,https://www.douyin.com/video/7646057856336369599
v13058,https://www.douyin.com/video/7648180599786513649
v13059,https://www.douyin.com/video/7635091019227610619
v13060,https://www.douyin.com/video/7647156872407420849
v13061,https://www.douyin.com/video/7577748142218644645
v13062,https://www.douyin.com/note/7647518779145350565
v13063,https://www.douyin.com/note/7644294594373155066
v13064,https://www.douyin.com/video/7640409185424198031
v13065,https://www.douyin.com/video/7628942866508713226
v13066,https://www.douyin.com/video/7648186238117088552
v13067,https://www.douyin.com/video/7643378407481703269
v13068,https://www.douyin.com/video/7641883281100972965
v13069,https://www.douyin.com/video/7643091006732596721
v13070,https://www.douyin.com/video/7646976934950727656
v13071,https://www.douyin.com/video/7647734217719254323
v13072,https://www.douyin.com/video/7522430145500663067
v13073,https://www.douyin.com/video/7641600038339450466
v13074,https://www.douyin.com/note/7648281434554513371
v13075,https://www.douyin.com/video/7648329849254358885
v13076,https://www.douyin.com/note/7647537344689483456
v13077,https://www.douyin.com/note/7647205072291525097
v13078,https://www.douyin.com/video/7647683872326486907
v13079,https://www.douyin.com/video/7542734284914789671
v13080,https://www.douyin.com/video/7645221156412198186
v13081,https://www.douyin.com/note/7648424419803077477
v13082,https://www.douyin.com/note/7648128963810077091
v13083,https://www.douyin.com/video/7637117353569968241
v13084,https://www.douyin.com/video/7627070143684985064
v13085,https://www.douyin.com/video/7648221056913771786
v13086,https://www.douyin.com/video/7598120008266370340
v13087,https://www.douyin.com/video/7639353907579194667
v13088,https://www.douyin.com/video/7648229989749762929
v13089,https://www.douyin.com/video/7644154200616746725
v13090,https://www.douyin.com/video/7648287842325630260
v13091,https://www.douyin.com/video/7628971824310850745
v13092,https://www.douyin.com/video/7648293454409965755
v13093,https://www.douyin.com/video/7642696354812902299
v13094,https://www.douyin.com/video/7648257337270513226
v13095,https://www.douyin.com/video/7639692548806110582
v13096,https://www.douyin.com/note/7648304582670929067
v13097,https://www.douyin.com/video/7647060573749996362
v13098,https://www.douyin.com/video/7620669489839655665
v13099,https://www.douyin.com/video/7631831161702583987
v13100,https://www.douyin.com/note/7644790924304566438
v13101,https://www.douyin.com/video/7648551983636647657
v13102,https://www.douyin.com/note/7645620043053164450
v13103,https://www.douyin.com/video/7642566954868234665
v13104,https://www.douyin.com/video/7644256250137562374
v13105,https://www.douyin.com/video/7647809281089972921
v13106,https://www.douyin.com/video/7648480902796568507
v13107,https://www.douyin.com/video/7648572406352916198
v13108,https://www.douyin.com/video/7646643191604661540
v13109,https://www.douyin.com/video/7639207940674737265
v13110,https://www.douyin.com/note/7648365411909815162
v13111,https://www.douyin.com/video/7648212385694682033
v13112,https://www.douyin.com/video/7639686402741212854
v13113,https://www.douyin.com/video/7636739259092926065
v13114,https://www.douyin.com/note/7648257915647791849
v13115,https://www.douyin.com/note/7648286084400747850
v13116,https://www.douyin.com/video/7648243571769785791
v13117,https://www.douyin.com/video/7645292860330719909
v13118,https://www.douyin.com/video/7618591704655973642
v13119,https://www.douyin.com/video/7638978318856335798
v13120,https://www.douyin.com/note/7648291654348654757
v13121,https://www.douyin.com/video/7648516308880042937
v13122,https://www.douyin.com/video/7642137751115069809
v13123,https://www.douyin.com/note/7648569484818834923
v13124,https://www.douyin.com/video/7648506359297641738
v13125,https://www.douyin.com/video/7648164003784477958
v13126,https://www.douyin.com/note/7647933375764341860
v13127,https://www.douyin.com/note/7645243845701559291
v13128,https://www.douyin.com/video/7622885594948242422
v13129,https://www.douyin.com/video/7648132808069631251
v13130,https://www.douyin.com/video/7648244059690375610
v13131,https://www.douyin.com/video/7648408195141145531
v13132,https://www.douyin.com/video/7645551921844403106
v13133,https://www.douyin.com/note/7649091392588965091
v13134,https://www.douyin.com/video/7607146474236890378
v13135,https://www.douyin.com/video/7648581077766615481
v13136,https://www.douyin.com/note/7648983669637860288
v13137,https://www.douyin.com/video/7641915231270145343
v13138,https://www.douyin.com/video/7649139523935674363
v13139,https://www.douyin.com/note/7649219455779702692
v13140,https://www.douyin.com/note/7649213623387367414
v13141,https://www.douyin.com/video/7648527940662022747
v13142,https://www.douyin.com/note/7647471754655078991
v13143,https://www.douyin.com/video/7647424103393070372
v13144,https://www.douyin.com/video/7643099247667105039
v13145,https://www.douyin.com/video/7648972553373745786
v13146,https://www.douyin.com/video/7648950054200562661
v13147,https://www.douyin.com/note/7649126829987502065
v13148,https://www.douyin.com/video/7646072749533745579
v13149,https://www.douyin.com/video/7649147355542916361
v13150,https://www.douyin.com/note/7635180702582276328
v13151,https://www.douyin.com/note/7647367610749815930
v13152,https://www.douyin.com/video/7647761397339178405
v13153,https://www.douyin.com/video/7624350338691629199
v13154,https://www.douyin.com/video/7649049956053028134
v13155,https://www.douyin.com/note/7646433543607254257
v13156,https://www.douyin.com/video/7648605508287169908
v13157,https://www.douyin.com/note/7649179336683093361
v13158,https://www.douyin.com/video/7642778769299672363
v13159,https://www.douyin.com/video/7647717181865866122
v13160,https://www.douyin.com/video/7647403177796705257
v13161,https://www.douyin.com/video/7647780349648435828
v13162,https://www.douyin.com/video/7646549161826900465
v13163,https://www.douyin.com/video/7619265561960156470
v13164,https://www.douyin.com/video/7648502675209936639
v13165,https://www.douyin.com/video/7647261728145550154
v13166,https://www.douyin.com/video/7647753004581522728
v13167,https://www.douyin.com/video/7634935874517585215
v13168,https://www.douyin.com/note/7532088694095973692
v13169,https://www.douyin.com/note/7496520793817074994
v13170,https://www.douyin.com/video/7498045340731280700
v13171,https://www.douyin.com/note/7503949494306163977
v13172,https://www.douyin.com/note/7507906318418939145
v13173,https://www.douyin.com/note/7520551991165078835
v13174,https://www.douyin.com/note/7510510320571108659
v13175,https://www.douyin.com/note/7631222347207082185
v13176,https://www.douyin.com/note/7636377248061098331
v13177,https://www.douyin.com/note/7489853077562920249
v13178,https://www.douyin.com/note/7647713192316041819
v13179,https://www.douyin.com/note/7639663453254875135
v13180,https://www.douyin.com/note/7639354850069299803
v13181,https://www.douyin.com/note/7640734300866350243
v13182,https://www.douyin.com/video/7649128518525177140
v13183,https://www.douyin.com/note/7649051703911985777
v13184,https://www.douyin.com/video/7649056401751718523
v13185,https://www.douyin.com/video/7649064588289517035
v13186,https://www.douyin.com/video/7649059051908697353
v13187,https://www.douyin.com/video/7649148263320423908
v13188,https://www.douyin.com/note/7648286721608016046
v13189,https://www.douyin.com/video/7649171652290383167
v13190,https://www.douyin.com/video/7633034106549079743
v13191,https://www.douyin.com/video/7193673322054307110
v13192,https://www.douyin.com/video/7422494987172039986
v13193,https://www.douyin.com/video/7514676478345841935
v13194,https://www.douyin.com/video/7235913364801654053
v13195,https://www.douyin.com/video/7424103329526975755
v13196,https://www.douyin.com/video/7027089032794344743
v13197,https://www.douyin.com/note/7648661863961464127
v13198,https://www.douyin.com/video/7648979406563906195
v13199,https://www.douyin.com/note/7648833523964996273
v13200,https://www.douyin.com/video/7645054296211361043
v13201,https://www.douyin.com/video/7621796771378840233
v13202,https://www.douyin.com/video/7649132238176958095
v13203,https://www.douyin.com/video/7644335029455260955
v13204,https://www.douyin.com/note/7648944639177304689
v13205,https://www.douyin.com/video/7648946775742500148
v13206,https://www.douyin.com/note/7581885438307814708
v13207,https://www.douyin.com/note/7627101635923857738
v13208,https://www.douyin.com/video/7649145211590823178
v13209,https://www.douyin.com/video/7649147844688124153
v13210,https://www.douyin.com/note/7649074209133639342
v13211,https://www.douyin.com/video/7645606327774907657
v13212,https://www.douyin.com/video/7649176356923739402
v13213,https://www.douyin.com/note/7649013603798173627
v13214,https://www.douyin.com/video/7648617226353808619
v13215,https://www.douyin.com/video/7648268958571710195
v13216,https://www.douyin.com/note/7648850835824944739
v13217,https://www.douyin.com/video/7585600895572888873
v13218,https://www.douyin.com/video/7648526416023145764
v13219,https://www.douyin.com/video/7647456815676502778
v13220,https://www.douyin.com/video/7647846479739113059
v13221,https://www.douyin.com/video/7539042709089144106
v13222,https://www.douyin.com/video/7649021023123923386
v13223,https://www.douyin.com/video/7648596448544024059
v13224,https://www.douyin.com/video/7647086939513987697
v13225,https://www.douyin.com/video/7648280497822808165
v13226,https://www.douyin.com/video/7648934397232289275
v13227,https://www.douyin.com/video/7648644664337484657
v13228,https://www.douyin.com/video/7648636547906640763
v13229,https://www.douyin.com/video/7648698009656944817
v13230,https://www.douyin.com/note/7648900245824316518
v13231,https://www.douyin.com/note/7648928476292887546
v13232,https://www.douyin.com/video/7647060534159872945
v13233,https://www.douyin.com/video/7649008897152409253
v13234,https://www.douyin.com/video/7626907367065554226
v13235,https://www.douyin.com/video/7649097250467172601
v13236,https://www.douyin.com/note/7649197668682300068
v13237,https://www.douyin.com/video/7618066786407271686
v13238,https://www.douyin.com/video/7648899640212933915
v13239,https://www.douyin.com/note/7648585083762912697
v13240,https://www.douyin.com/video/7580230661118725430
v13241,https://www.douyin.com/video/7647944819088607578
v13242,https://www.douyin.com/note/7638557765979912612
v13243,https://www.douyin.com/video/7649134672491924762
v13244,https://www.douyin.com/video/7647780776435633471
v13245,https://www.douyin.com/video/7648713839681347739
v13246,https://www.douyin.com/note/7648872183947340721
v13247,https://www.douyin.com/video/7649078678346190309
v13248,https://www.douyin.com/video/7647862901332469627
v13249,https://www.douyin.com/video/7648236226897562922
v13250,https://www.douyin.com/note/7649074190138399673
v13251,https://www.douyin.com/video/7626106770473678961
v13252,https://www.douyin.com/video/7646623329121520942
v13253,https://www.douyin.com/video/7645911906997259561
v13254,https://www.douyin.com/video/7648965447099029477
v13255,https://www.douyin.com/video/7642693569626557738
v13256,https://www.douyin.com/video/7648414327615953570
v13257,https://www.douyin.com/video/7644772938268735354
v13258,https://www.douyin.com/video/7626764554306997542
v13259,https://www.douyin.com/video/7647144964266265882
v13260,https://www.douyin.com/video/7649000121044045056
v13261,https://www.douyin.com/video/7645113726479158578
v13262,https://www.douyin.com/note/7632687318293371377
v13263,https://www.douyin.com/video/7648648324371485285
v13264,https://www.douyin.com/video/7648267232375853797
v13265,https://www.douyin.com/video/7648702480057961734
v13266,https://www.douyin.com/video/7630767940786563722
v13267,https://www.douyin.com/video/7648239333304247494
v13268,https://www.douyin.com/note/7647921947782725467
v13269,https://www.douyin.com/video/7648586864534851176
v13270,https://www.douyin.com/video/7648963228625877759
v13271,https://www.douyin.com/video/7648209762802224436
v13272,https://www.douyin.com/video/7648618653189377957
v13273,https://www.douyin.com/video/7647840754014644211
v13274,https://www.douyin.com/video/7648474494323066545
v13275,https://www.douyin.com/video/7648965923897904425
v13276,https://www.douyin.com/video/7646843524633899249
v13277,https://www.douyin.com/video/7647490441345356977
v13278,https://www.douyin.com/video/7648394741918338304
v13279,https://www.douyin.com/video/7647090765826924608
v13280,https://www.douyin.com/video/7648577821949938971
v13281,https://www.douyin.com/video/7644158234438633317
v13282,https://www.douyin.com/video/7647534941970985286
v13283,https://www.douyin.com/video/7648220785718398258
v13284,https://www.douyin.com/video/7648969202849697033
v13285,https://www.douyin.com/video/7636996232837324479
v13286,https://www.douyin.com/video/7648970857851668709
v13287,https://www.douyin.com/video/7648578794743573108
v13288,https://www.douyin.com/video/7649024086944877824
v13289,https://www.douyin.com/video/7648293366400126242
v13290,https://www.douyin.com/video/7648971869189721396
v13291,https://www.douyin.com/video/7648584057354304610
v13292,https://www.douyin.com/video/7647823929285356721
v13293,https://www.douyin.com/video/7648436691686017765
v13294,https://www.douyin.com/video/7648900402158636340
v13295,https://www.douyin.com/video/7622476960367155450
v13296,https://www.douyin.com/note/7648977993364184550
v13297,https://www.douyin.com/video/7648151765308788020
v13298,https://www.douyin.com/video/7647808022617574710
v13299,https://www.douyin.com/note/7648108540841692442
v13300,https://www.douyin.com/video/7648246728407635048
v13301,https://www.douyin.com/video/7648670765063228735
v13302,https://www.douyin.com/video/7648615259503030415
v13303,https://www.douyin.com/video/7648640369706730826
v13304,https://www.douyin.com/video/7648893774408010331
v13305,https://www.douyin.com/video/7648684363237197541
v13306,https://www.douyin.com/video/7648554742944292217
v13307,https://www.douyin.com/video/7648895505501669227
v13308,https://www.douyin.com/video/7648890158246317355
v13309,https://www.douyin.com/video/7648670063906945009
v13310,https://www.douyin.com/video/7648956624505212223
v13311,https://www.douyin.com/video/7648235702156578100
v13312,https://www.douyin.com/video/7648212280950086821
v13313,https://www.douyin.com/video/7648662888786681722
v13314,https://www.douyin.com/video/7648909154472092901
v13315,https://www.douyin.com/video/7649046179191328009
v13316,https://www.douyin.com/video/7648809953490111796
v13317,https://www.douyin.com/video/7648580102435931827
v13318,https://www.douyin.com/video/7648827658378709321
v13319,https://www.douyin.com/video/7648264186171232357
v13320,https://www.douyin.com/video/7648897118043655439
v13321,https://www.douyin.com/video/7648606425903582568
v13322,https://www.douyin.com/note/7646441139416174196
v13323,https://www.douyin.com/video/7648976224903105842
v13324,https://www.douyin.com/video/7649010258006080177
v13325,https://www.douyin.com/video/7648217026835046821
v13326,https://www.douyin.com/video/7648666788759079402
v13327,https://www.douyin.com/video/7647818834905097128
v13328,https://www.douyin.com/video/7648800231303204134
v13329,https://www.douyin.com/video/7648928966916525322
v13330,https://www.douyin.com/video/7648842536479493426
v13331,https://www.douyin.com/video/7648547434806046890
v13332,https://www.douyin.com/video/7648446453518667903
v13333,https://www.douyin.com/video/7632237198703660303
v13334,https://www.douyin.com/note/7648794320791281585
v13335,https://www.douyin.com/video/7649008996468165888
v13336,https://www.douyin.com/video/7648491319244999936
v13337,https://www.douyin.com/video/7643374468579986723
v13338,https://www.douyin.com/video/7645608434225745192
v13339,https://www.douyin.com/note/7648997166299647601
v13340,https://www.douyin.com/video/7648623493273216612
v13341,https://www.douyin.com/video/7648879436259629658
v13342,https://www.douyin.com/video/7649058602086480564
v13343,https://www.douyin.com/video/7637486005771656841
v13344,https://www.douyin.com/video/7648920810597436698
v13345,https://www.douyin.com/video/7648963369941180264
v13346,https://www.douyin.com/note/7637521042584941733
v13347,https://www.douyin.com/video/7648967392772525354
v13348,https://www.douyin.com/video/7648980453420554234
v13349,https://www.douyin.com/note/7646031962326730661
v13350,https://www.douyin.com/video/7638975920213199291
v13351,https://www.douyin.com/video/7648505575764158394
v13352,https://www.douyin.com/video/7648894734388492915
v13353,https://www.douyin.com/video/7645717845283786035
v13354,https://www.douyin.com/video/7648496864832780474
v13355,https://www.douyin.com/video/7648833263273199194
v13356,https://www.douyin.com/video/7648812260906765608
v13357,https://www.douyin.com/video/7648962728405265061
v13358,https://www.douyin.com/video/7648989999279447289
v13359,https://www.douyin.com/note/7647078894260043658
v13360,https://www.douyin.com/video/7648836790669446314
v13361,https://www.douyin.com/note/7637689188728861690
v13362,https://www.douyin.com/video/7649079184573597032
v13363,https://www.douyin.com/video/7648831512561699493
v13364,https://www.douyin.com/video/7648864925711994147
v13365,https://www.douyin.com/video/7649011978840731752
v13366,https://www.douyin.com/video/7648974370316527807
v13367,https://www.douyin.com/video/7648957413520919814
v13368,https://www.douyin.com/video/7648972014891826930
v13369,https://www.douyin.com/video/7647524877105138138
v13370,https://www.douyin.com/video/7649042816470947675
v13371,https://www.douyin.com/video/7648994789480678143
v13372,https://www.douyin.com/video/7648963600798862619
v13373,https://www.douyin.com/video/7648886549040062629
v13374,https://www.douyin.com/video/7644064342916729954
v13375,https://www.douyin.com/video/7648686968378224521
v13376,https://www.douyin.com/video/7648148494380780840
v13377,https://www.douyin.com/video/7648884252993969231
v13378,https://www.douyin.com/video/7649063862947319049
v13379,https://www.douyin.com/video/7647121809360674374
v13380,https://www.douyin.com/video/7648515242704482161
v13381,https://www.douyin.com/video/7648462623881294587
v13382,https://www.douyin.com/video/7648927882207386853
v13383,https://www.douyin.com/video/7648260751975940467
v13384,https://www.douyin.com/video/7648980824902567561
v13385,https://www.douyin.com/video/7640760234835398095
v13386,https://www.douyin.com/video/7648976952561082362
v13387,https://www.douyin.com/video/7647741817286364416
v13388,https://www.douyin.com/video/7648656144270332773
v13389,https://www.douyin.com/video/7647389246994699131
v13390,https://www.douyin.com/video/7648916943201943802
v13391,https://www.douyin.com/video/7648590645845921713
v13392,https://www.douyin.com/video/7647844778798239205
v13393,https://www.douyin.com/video/7648835874407492175
v13394,https://www.douyin.com/video/7648104279034711302
v13395,https://www.douyin.com/video/7648082660011097443
v13396,https://www.douyin.com/video/7648541591582195648
v13397,https://www.douyin.com/video/7648527972995385700
v13398,https://www.douyin.com/video/7648756458301975985
v13399,https://www.douyin.com/video/7648951234788244970
v13400,https://www.douyin.com/video/7648250860649593529
v13401,https://www.douyin.com/video/7648657996642550899
v13402,https://www.douyin.com/video/7649039267016106932
v13403,https://www.douyin.com/video/7648827578391984305
v13404,https://www.douyin.com/video/7647122070597405992
v13405,https://www.douyin.com/video/7648895387479465370
v13406,https://www.douyin.com/video/7634145457379645946
v13407,https://www.douyin.com/video/7648958679546535781
v13408,https://www.douyin.com/video/7648852923933962150
v13409,https://www.douyin.com/video/7648630680998842566
v13410,https://www.douyin.com/video/7648174166425208936
v13411,https://www.douyin.com/video/7648667125703320954
v13412,https://www.douyin.com/note/7647504496985533027
v13413,https://www.douyin.com/video/7648939823281551290
v13414,https://www.douyin.com/video/7648662130107883697
v13415,https://www.douyin.com/video/7648624001585117809
v13416,https://www.douyin.com/video/7648548459805438070
v13417,https://www.douyin.com/video/7647792922888906725
v13418,https://www.douyin.com/video/7648553347464596774
v13419,https://www.douyin.com/video/7648951000316890383
v13420,https://www.douyin.com/note/7616957815085382769
v13421,https://www.douyin.com/video/7648982083411834274
v13422,https://www.douyin.com/video/7648652272600620459
v13423,https://www.douyin.com/video/7637133830281257658
v13424,https://www.douyin.com/video/7646920880577409019
v13425,https://www.douyin.com/video/7638567445254376758
v13426,https://www.douyin.com/video/7638567703088102378
v13427,https://www.douyin.com/video/7648191692231663345
v13428,https://www.douyin.com/video/7648844322812773568
v13429,https://www.douyin.com/video/7648946668745821475
v13430,https://www.douyin.com/video/7641586920704168420
v13431,https://www.douyin.com/video/7637781543792107889
v13432,https://www.douyin.com/video/7642700416064974246
v13433,https://www.douyin.com/note/7648470840674443107
v13434,https://www.douyin.com/video/7647839431479355279
v13435,https://www.douyin.com/video/7648606507383074921
v13436,https://www.douyin.com/video/7648838788513497999
v13437,https://www.douyin.com/video/7648607898487486632
v13438,https://www.douyin.com/video/7648898681760295770
v13439,https://www.douyin.com/video/7648263834755775962
v13440,https://www.douyin.com/video/7648618425955575144
v13441,https://www.douyin.com/video/7648827827965604273
v13442,https://www.douyin.com/video/7648218257716205477
v13443,https://www.douyin.com/video/7647473504509855914
v13444,https://www.douyin.com/note/7642553573196333285
v13445,https://www.douyin.com/video/7648581562249841971
v13446,https://www.douyin.com/video/7648211125679326821
v13447,https://www.douyin.com/video/7621496838671417329
v13448,https://www.douyin.com/video/7647036396645699066
v13449,https://www.douyin.com/video/7648562463327185893
v13450,https://www.douyin.com/video/7647128153194002097
v13451,https://www.douyin.com/video/7648521364513425844
v13452,https://www.douyin.com/video/7648972680250527019
v13453,https://www.douyin.com/video/7648646443313475825
v13454,https://www.douyin.com/video/7648571397010319331
v13455,https://www.douyin.com/video/7648918090005066624
v13456,https://www.douyin.com/video/7648614815451926874
v13457,https://www.douyin.com/video/7642640439652877425
v13458,https://www.douyin.com/note/7621458067737059398
v13459,https://www.douyin.com/video/7648867361222561024
v13460,https://www.douyin.com/video/7647857533507390762
v13461,https://www.douyin.com/video/7640725252360522747
v13462,https://www.douyin.com/note/7642161957570862257
v13463,https://www.douyin.com/video/7644124455425379626
v13464,https://www.douyin.com/video/7648285312615423993
v13465,https://www.douyin.com/video/7649054943349093861
v13466,https://www.douyin.com/video/7648599916113562853
v13467,https://www.douyin.com/note/7640096092893614458
v13468,https://www.douyin.com/video/7648208794686076081
v13469,https://www.douyin.com/video/7648898315030957347
v13470,https://www.douyin.com/video/7648863038849852603
v13471,https://www.douyin.com/video/7648313831260704019
v13472,https://www.douyin.com/video/7648922942852764352
v13473,https://www.douyin.com/video/7618564193063104582
v13474,https://www.douyin.com/note/7648921895823428276
v13475,https://www.douyin.com/video/7648617423244013306
v13476,https://www.douyin.com/video/7643774381751390074
v13477,https://www.douyin.com/video/7648963937353911606
v13478,https://www.douyin.com/note/7644524274933604529
v13479,https://www.douyin.com/video/7648953800988967333
v13480,https://www.douyin.com/video/7648953923025276195
v13481,https://www.douyin.com/video/7647726443790732570
v13482,https://www.douyin.com/video/7648908669182071921
v13483,https://www.douyin.com/video/7643404682833297593
v13484,https://www.douyin.com/video/7648879217254561265
v13485,https://www.douyin.com/video/7648632678015262824
v13486,https://www.douyin.com/video/7648630700702205275
v13487,https://www.douyin.com/video/7649034782831313774
v13488,https://www.douyin.com/video/7647058268556234003
v13489,https://www.douyin.com/note/7648922388800884004
v13490,https://www.douyin.com/video/7630814447242028977
v13491,https://www.douyin.com/note/7648937489343721894
v13492,https://www.douyin.com/video/7648537074052604736
v13493,https://www.douyin.com/note/7649016425109938609
v13494,https://www.douyin.com/note/7648892064277169830
v13495,https://www.douyin.com/video/7644478022661229867
v13496,https://www.douyin.com/note/7648818468968482170
v13497,https://www.douyin.com/video/7648236021443743030
v13498,https://www.douyin.com/note/7648995266020800207
v13499,https://www.douyin.com/video/7648641691449291898
v13500,https://www.douyin.com/video/7639711860392783976
v13501,https://www.douyin.com/note/7648910103848806385
v13502,https://www.douyin.com/video/7647908359005866085
v13503,https://www.douyin.com/video/7648594436776318184
v13504,https://www.douyin.com/video/7648460994573979903
v13505,https://www.douyin.com/video/7648683743166988785
v13506,https://www.douyin.com/video/7648542329661864954
v13507,https://www.douyin.com/video/7648598582659976498
v13508,https://www.douyin.com/video/7649003422347323237
v13509,https://www.douyin.com/video/7647855156256409317
v13510,https://www.douyin.com/video/7649018015782603641
v13511,https://www.douyin.com/video/7648596797350890666
v13512,https://www.douyin.com/video/7647431577969888527
v13513,https://www.douyin.com/video/7648239223174152310
v13514,https://www.douyin.com/video/7648955648206413480
v13515,https://www.douyin.com/video/7648569993350038001
v13516,https://www.douyin.com/video/7648419959962476431
v13517,https://www.douyin.com/video/7648108055242001700
v13518,https://www.douyin.com/video/7648871733834894626
v13519,https://www.douyin.com/video/7648650916903593198
v13520,https://www.douyin.com/video/7648663156571834489
v13521,https://www.douyin.com/video/7648266631214698678
v13522,https://www.douyin.com/video/7643306619158654117
v13523,https://www.douyin.com/video/7648223142033139705
v13524,https://www.douyin.com/video/7648468001789372352
v13525,https://www.douyin.com/video/7649028080937797626
v13526,https://www.douyin.com/video/7649001615097662690
v13527,https://www.douyin.com/video/7648827338297265408
v13528,https://www.douyin.com/video/7648951407147502900
v13529,https://www.douyin.com/video/7647174964068630510
v13530,https://www.douyin.com/video/7625547285523834280
v13531,https://www.douyin.com/video/7648988641994477678
v13532,https://www.douyin.com/video/7648668878322535715
v13533,https://www.douyin.com/video/7649045084356914417
v13534,https://www.douyin.com/video/7648664570358357681
v13535,https://www.douyin.com/video/7648528829916936630
v13536,https://www.douyin.com/video/7648611561477042633
v13537,https://www.douyin.com/video/7648301574570304633
v13538,https://www.douyin.com/video/7648849318874759040
v13539,https://www.douyin.com/video/7649028361955724550
v13540,https://www.douyin.com/video/7648946901756202267
v13541,https://www.douyin.com/video/7648571888901344527
v13542,https://www.douyin.com/video/7648990804971011904
v13543,https://www.douyin.com/video/7648813598852058377
v13544,https://www.douyin.com/video/7640671669866791347
v13545,https://www.douyin.com/note/7643774072253533678
v13546,https://www.douyin.com/video/7637541952602344738
v13547,https://www.douyin.com/video/7647783101976810195
v13548,https://www.douyin.com/note/7649319473954088113
v13549,https://www.douyin.com/video/7649265851103959787
v13550,https://www.douyin.com/video/7623169766814925029
v13551,https://www.douyin.com/note/7649244905319999929
v13552,https://www.douyin.com/note/7606532473920741611
v13553,https://www.douyin.com/note/7649313749434721521
v13554,https://www.douyin.com/note/7649358094393461738
v13555,https://www.douyin.com/video/7637873623781056434
v13556,https://www.douyin.com/note/7638617952434520485
v13557,https://www.douyin.com/note/7648863509568344308
v13558,https://www.douyin.com/note/7612175874825972708
v13559,https://www.douyin.com/note/7642929217122999913
v13560,https://www.douyin.com/video/7648923225410285034
v13561,https://www.douyin.com/note/7645702027285287359
v13562,https://www.douyin.com/video/7647000263316914112
v13563,https://www.douyin.com/video/7626361341553992314
v13564,https://www.douyin.com/note/7649361023061552378
v13565,https://www.douyin.com/note/7644483281895486833
v13566,https://www.douyin.com/video/7647654402275052450
v13567,https://www.douyin.com/video/7493713723144555802
v13568,https://www.douyin.com/video/7649326069511079278
v13569,https://www.douyin.com/video/7647387947327362441
v13570,https://www.douyin.com/note/7648000971297304037
v13571,https://www.douyin.com/video/7642920855102173019
v13572,https://www.douyin.com/video/7626726662528509339
v13573,https://www.douyin.com/video/7618197370043469110
v13574,https://www.douyin.com/video/7640757651086053267
v13575,https://www.douyin.com/video/7648179871840221425
v13576,https://www.douyin.com/note/7648677683911802723
v13577,https://www.douyin.com/video/7648856920165849664
v13578,https://www.douyin.com/note/7643294036111680997
v13579,https://www.douyin.com/video/7648335787311060075
v13580,https://www.douyin.com/video/7648939979784419953
v13581,https://www.douyin.com/note/7623569421068312667
v13582,https://www.douyin.com/video/7647824351488979569
v13583,https://www.douyin.com/video/7648164981582967717
v13584,https://www.douyin.com/note/7648236360604791269
v13585,https://www.douyin.com/note/7649380155711308735
v13586,https://www.douyin.com/video/7647924274740727092
v13587,https://www.douyin.com/note/7649014365392211611
v13588,https://www.douyin.com/note/7647890806191611850
v13589,https://www.douyin.com/video/7649393631899467492
v13590,https://www.douyin.com/video/7645522424775167238
v13591,https://www.douyin.com/video/7647150343108744057
v13592,https://www.douyin.com/note/7635187813852249017
v13593,https://www.douyin.com/note/7632619644330908278
v13594,https://www.douyin.com/note/7648302428261771194
v13595,https://www.douyin.com/note/7639043873495835313
v13596,https://www.douyin.com/video/7648614123484314105
v13597,https://www.douyin.com/note/7646982533801044459
v13598,https://www.douyin.com/note/7648968127623950769
v13599,https://www.douyin.com/video/7649006802503390201
v13600,https://www.douyin.com/note/7649009371112650987
v13601,https://www.douyin.com/video/7645439377346611557
v13602,https://www.douyin.com/note/7648160179783305317
v13603,https://www.douyin.com/video/7647942757671638969
v13604,https://www.douyin.com/note/7648686463731298531
v13605,https://www.douyin.com/video/7649327310570556723
v13606,https://www.douyin.com/video/7638262872674989794
v13607,https://www.douyin.com/video/7363644562079763747
v13608,https://www.douyin.com/video/7405533752983555391
v13609,https://www.douyin.com/video/7578085752303588593
v13610,https://www.douyin.com/video/7466025756146142501
v13611,https://www.douyin.com/video/7519462816312872226
v13612,https://www.douyin.com/video/7556988055639346475
v13613,https://www.douyin.com/note/7648829770843869170
v13614,https://www.douyin.com/video/7648985698654271074
v13615,https://www.douyin.com/note/7637818722300385514
v13616,https://www.douyin.com/note/7642361112437203146
v13617,https://www.douyin.com/note/7649055189810538345
v13618,https://www.douyin.com/video/7648417831168247739
v13619,https://www.douyin.com/video/7600368751732706570
v13620,https://www.douyin.com/video/7648173006301412602
v13621,https://www.douyin.com/note/7647734187604385530
v13622,https://www.douyin.com/note/7639205015584501945
v13623,https://www.douyin.com/video/7636986480086273286
v13624,https://www.douyin.com/video/7648973658367605119
v13625,https://www.douyin.com/note/7648973576482275017
v13626,https://www.douyin.com/video/7649222588975840488
v13627,https://www.douyin.com/note/7648161481570695653
v13628,https://www.douyin.com/video/7632541034677625423
v13629,https://www.douyin.com/note/7649328526567171748
v13630,https://www.douyin.com/note/7649246763556511653
v13631,https://www.douyin.com/video/7624451392866119342
v13632,https://www.douyin.com/note/7641117530760934867
v13633,https://www.douyin.com/video/7648988372568152986
v13634,https://www.douyin.com/video/7647396941299599075
v13635,https://www.douyin.com/note/7647461586270388854
v13636,https://www.douyin.com/video/7648136362104818953
v13637,https://www.douyin.com/note/7643818377144216933
v13638,https://www.douyin.com/video/7642685453276205561
v13639,https://www.douyin.com/note/7649330666379352434
v13640,https://www.douyin.com/note/7645903423632507897
v13641,https://www.douyin.com/note/7648166315682073674
v13642,https://www.douyin.com/note/7648580797750560511
v13643,https://www.douyin.com/note/7649067247855671269
v13644,https://www.douyin.com/video/7649347323578862867
v13645,https://www.douyin.com/video/7649269192146832682
v13646,https://www.douyin.com/video/7642579046661407601
v13647,https://www.douyin.com/note/7648645145358222949
v13648,https://www.douyin.com/video/7614122506563744753
v13649,https://www.douyin.com/note/7630691042442523313
v13650,https://www.douyin.com/video/7621835433324379519
v13651,https://www.douyin.com/video/7647777208135874723
v13652,https://www.douyin.com/video/7648207085293524465
v13653,https://www.douyin.com/note/7648535009675340709
v13654,https://www.douyin.com/video/7647475580674247601
v13655,https://www.douyin.com/video/7649291819603619578
v13656,https://www.douyin.com/video/7481293652979977483
v13657,https://www.douyin.com/video/7645320691328716722
v13658,https://www.douyin.com/video/7648309377661527542
v13659,https://www.douyin.com/note/7649056522261746164
v13660,https://www.douyin.com/video/7647545040356642048
v13661,https://www.douyin.com/video/7645409336718896113
v13662,https://www.douyin.com/video/7643861887507815616
v13663,https://www.douyin.com/video/7640329449397365221
v13664,https://www.douyin.com/video/7644592369116102122
v13665,https://www.douyin.com/video/7647472422983060778
v13666,https://www.douyin.com/video/7644625662300515834
v13667,https://www.douyin.com/video/7638239457241468186
v13668,https://www.douyin.com/video/7645268961752262065
v13669,https://www.douyin.com/video/7647122387607805850
v13670,https://www.douyin.com/video/7642579216618639206
v13671,https://www.douyin.com/video/7639774612079537147
v13672,https://www.douyin.com/video/7641161388479561946
v13673,https://www.douyin.com/video/7545393319820430601
v13674,https://www.douyin.com/note/7646379786089362138
v13675,https://www.douyin.com/video/7649352675021068642
v13676,https://www.douyin.com/note/7648260718499736293
v13677,https://www.douyin.com/note/7648561584503968355
v13678,https://www.douyin.com/video/7616693976774780273
v13679,https://www.douyin.com/video/7628056356968238345
v13680,https://www.douyin.com/note/7643356369282524351
v13681,https://www.douyin.com/note/7649256850027105738
v13682,https://www.douyin.com/note/7648981640060504229
v13683,https://www.douyin.com/note/7648923533418250417
v13684,https://www.douyin.com/video/7646558834852465963
v13685,https://www.douyin.com/note/7648265436789965055
v13686,https://www.douyin.com/note/7648657057243635438
v13687,https://www.douyin.com/note/7648986295558306530
v13688,https://www.douyin.com/video/7649219107427202545
v13689,https://www.douyin.com/note/7646282044729710912
v13690,https://www.douyin.com/note/7648960112300707173
v13691,https://www.douyin.com/video/7647878553883573347
v13692,https://www.douyin.com/video/7648445461405116537
v13693,https://www.douyin.com/note/7649377427164623218
v13694,https://www.douyin.com/note/7645305122311125681
v13695,https://www.douyin.com/note/7557314093922946330
v13696,https://www.douyin.com/note/7569590592317991078
v13697,https://www.douyin.com/note/7583951700815121674
v13698,https://www.douyin.com/note/7648993188660924590
v13699,https://www.douyin.com/video/7641187757629587082
v13700,https://www.douyin.com/video/7648895845488060779
v13701,https://www.douyin.com/note/7648727001150805243
v13702,https://www.douyin.com/video/7648978613732015330
v13703,https://www.douyin.com/note/7649013779729061817
v13704,https://www.douyin.com/video/7649327863783224305
v13705,https://www.douyin.com/video/7642260252268091072
v13706,https://www.douyin.com/video/7640852435846663909
v13707,https://www.douyin.com/note/7648869286400237018
v13708,https://www.douyin.com/note/7640812388175239345
v13709,https://www.douyin.com/video/7649356990481970170
v13710,https://www.douyin.com/video/7522155060176915753
v13711,https://www.douyin.com/video/7646635858007681009
v13712,https://www.douyin.com/note/7649374327516064936
v13713,https://www.douyin.com/video/7649319306441903401
v13714,https://www.douyin.com/note/7648261594464444145
v13715,https://www.douyin.com/note/7648938135707953765
v13716,https://www.douyin.com/note/7648930315147614629
v13717,https://www.douyin.com/note/7649218643054705913
v13718,https://www.douyin.com/note/7645311385119304113
v13719,https://www.douyin.com/note/7649323980160156288
v13720,https://www.douyin.com/note/7640402182609936730
v13721,https://www.douyin.com/video/7625652411415567225
v13722,https://www.douyin.com/note/7648981602085674569
v13723,https://www.douyin.com/video/7648626389353429759
v13724,https://www.douyin.com/video/7639016171354735781
v13725,https://www.douyin.com/note/7648547279239012538
v13726,https://www.douyin.com/note/7645656956821228209
v13727,https://www.douyin.com/video/7634090847755275366
v13728,https://www.douyin.com/video/7638556790523116005
v13729,https://www.douyin.com/note/7648496454249017970
v13730,https://www.douyin.com/note/7647345793587269883
v13731,https://www.douyin.com/note/7649371240268721585
v13732,https://www.douyin.com/video/7638532530295491698
v13733,https://www.douyin.com/video/7648562400149924709
v13734,https://www.douyin.com/note/7648254931636693411
v13735,https://www.douyin.com/video/7648980348031243914
v13736,https://www.douyin.com/note/7648228741794248933
v13737,https://www.douyin.com/video/7624166927950236969
v13738,https://www.douyin.com/note/7649365218639883648
v13739,https://www.douyin.com/note/7537235603189583164
v13740,https://www.douyin.com/note/7539414347618569529
v13741,https://www.douyin.com/note/7527175989899332922
v13742,https://www.douyin.com/note/7530138155564256569
v13743,https://www.douyin.com/note/7532381708211473723
v13744,https://www.douyin.com/video/7521986002836114745
v13745,https://www.douyin.com/note/7521245435366214972
v13746,https://www.douyin.com/video/7525680937452653884
v13747,https://www.douyin.com/note/7515700805945773371
v13748,https://www.douyin.com/note/7519041065028291899
v13749,https://www.douyin.com/note/7509016662240038201
v13750,https://www.douyin.com/video/7515303901039299898
v13751,https://www.douyin.com/note/7513056546646265148
v13752,https://www.douyin.com/video/7506420970895347001
v13753,https://www.douyin.com/note/7502699214860029203
v13754,https://www.douyin.com/note/7504914376514276666
v13755,https://www.douyin.com/video/7501205324377492787
v13756,https://www.douyin.com/video/7493778354567433526
v13757,https://www.douyin.com/note/7491973647545027894
v13758,https://www.douyin.com/video/7494532355304475940
v13759,https://www.douyin.com/note/7485631664094317863
v13760,https://www.douyin.com/video/7489338748790951187
v13761,https://www.douyin.com/note/7487855868864662795
v13762,https://www.douyin.com/video/7484237765949787455
v13763,https://www.douyin.com/video/7479307249307995455
v13764,https://www.douyin.com/note/7481563254565719359
v13765,https://www.douyin.com/video/7483039636533595431
v13766,https://www.douyin.com/video/7473383661291851062
v13767,https://www.douyin.com/note/7476689211022675236
v13768,https://www.douyin.com/note/7471135704668507411
v13769,https://www.douyin.com/video/7633694675731896249
v13770,https://www.douyin.com/note/7637379724730582970
v13771,https://www.douyin.com/video/7645577910988744113
v13772,https://www.douyin.com/video/7634777598959495345
v13773,https://www.douyin.com/video/7647411142973146555
v13774,https://www.douyin.com/note/7647501541410217707
v13775,https://www.douyin.com/video/7631248973138775347
v13776,https://www.douyin.com/note/7625198757899110513
v13777,https://www.douyin.com/video/7639649370169883642
v13778,https://www.douyin.com/video/7628644656264768930
v13779,https://www.douyin.com/note/7647210279415159679
v13780,https://www.douyin.com/note/7649040744418668480
v13781,https://www.douyin.com/note/7574050491857243249
v13782,https://www.douyin.com/note/7594098342000717425
v13783,https://www.douyin.com/note/7617467878019714937
v13784,https://www.douyin.com/note/7622291552832609393
v13785,https://www.douyin.com/note/7648486409619252660
v13786,https://www.douyin.com/note/7648638856371148017
v13787,https://www.douyin.com/note/7643392984683584134
v13788,https://www.douyin.com/video/7642173846233091366
v13789,https://www.douyin.com/note/7647538118405702523
v13790,https://www.douyin.com/note/7623822903808834534
v13791,https://www.douyin.com/note/7642274728266252731
v13792,https://www.douyin.com/video/7648157281339183786
v13793,https://www.douyin.com/note/7648635911479974309
v13794,https://www.douyin.com/note/7648613238859088241
v13795,https://www.douyin.com/note/7649364560906020282
v13796,https://www.douyin.com/note/7647971666416804266
v13797,https://www.douyin.com/note/7648232304036554213
v13798,https://www.douyin.com/video/7634948653706372603
v13799,https://www.douyin.com/note/7648525765914748901
v13800,https://www.douyin.com/note/7649318929345565290
v13801,https://www.douyin.com/note/7645564052692854117
v13802,https://www.douyin.com/note/7642171702546799995
v13803,https://www.douyin.com/note/7648635242383809979
v13804,https://www.douyin.com/video/7643044764266319130
v13805,https://www.douyin.com/video/7649373389270662894
v13806,https://www.douyin.com/video/7623013925555210745
v13807,https://www.douyin.com/note/7646738190070315366
v13808,https://www.douyin.com/note/7639731570777273780
v13809,https://www.douyin.com/video/7649269311539095417
v13810,https://www.douyin.com/note/7647371596831658595
v13811,https://www.douyin.com/note/7646062178051708401
v13812,https://www.douyin.com/video/7628935600564981011
v13813,https://www.douyin.com/note/7546178993855368507
v13814,https://www.douyin.com/note/7649329106546433515
v13815,https://www.douyin.com/note/7620364068071314810
v13816,https://www.douyin.com/note/7645236927012906481
v13817,https://www.douyin.com/video/7617790575228435370
v13818,https://www.douyin.com/note/7649056211098219963
v13819,https://www.douyin.com/note/7630476263102990986
v13820,https://www.douyin.com/video/7648999288344726790
v13821,https://www.douyin.com/video/7630279934503084529
v13822,https://www.douyin.com/note/7648228704506196219
v13823,https://www.douyin.com/note/7639258683508147057
v13824,https://www.douyin.com/note/7649218817445861114
v13825,https://www.douyin.com/note/7639385867228401076
v13826,https://www.douyin.com/video/7649367088771836777
v13827,https://www.douyin.com/video/7647133629277043054
v13828,https://www.douyin.com/note/7648209507914444635
v13829,https://www.douyin.com/note/7648608542274740200
v13830,https://www.douyin.com/video/7648498932527830449
v13831,https://www.douyin.com/note/7647520133774704869
v13832,https://www.douyin.com/video/7648985853486279397
v13833,https://www.douyin.com/note/7648968409878735013
v13834,https://www.douyin.com/video/7284579746749500684
v13835,https://www.douyin.com/video/7463821338600312076
v13836,https://www.douyin.com/note/7648911993722128485
v13837,https://www.douyin.com/video/7615874455314631999
v13838,https://www.douyin.com/note/7644512044011747923
v13839,https://www.douyin.com/video/7648137433514593579
v13840,https://www.douyin.com/note/7644418445627667366
v13841,https://www.douyin.com/note/7634505920705683535
v13842,https://www.douyin.com/video/7633475895528852742
v13843,https://www.douyin.com/note/7649002165239845882
v13844,https://www.douyin.com/note/7649390570741335153
v13845,https://www.douyin.com/video/7625606204944836233
v13846,https://www.douyin.com/video/7630038085484432691
v13847,https://www.douyin.com/video/7648867563585571235
v13848,https://www.douyin.com/note/7646519829970007291
v13849,https://www.douyin.com/note/7648288758068060132
v13850,https://www.douyin.com/video/7649337938862594682
v13851,https://www.douyin.com/video/7550350102951513354
v13852,https://www.douyin.com/note/7648998176486000570
v13853,https://www.douyin.com/note/7649208339511283811
v13854,https://www.douyin.com/video/7644827060473077669
v13855,https://www.douyin.com/note/7648588216534383589
v13856,https://www.douyin.com/note/7647817442857690469
v13857,https://www.douyin.com/note/7649279341721220763
v13858,https://www.douyin.com/video/7623494735085393871
v13859,https://www.douyin.com/note/7647696047032270214
v13860,https://www.douyin.com/note/7649267516669323130
v13861,https://www.douyin.com/note/7649318129755826161
v13862,https://www.douyin.com/video/7647907001477903089
v13863,https://www.douyin.com/note/7647885044723356859
v13864,https://www.douyin.com/video/7649359106578320655
v13865,https://www.douyin.com/video/7626661623864977059
v13866,https://www.douyin.com/note/7645231006710601915
v13867,https://www.douyin.com/video/7648111665455877305
v13868,https://www.douyin.com/note/7649378631983052008
v13869,https://www.douyin.com/note/7643323900587175656
v13870,https://www.douyin.com/note/7647399128896609125
v13871,https://www.douyin.com/note/7649186274833968090
v13872,https://www.douyin.com/video/7624854774924554102
v13873,https://www.douyin.com/video/7641171796028293992
v13874,https://www.douyin.com/video/7645982102080633529
v13875,https://www.douyin.com/note/7647280832172050914
v13876,https://www.douyin.com/note/7648681700340833715
v13877,https://www.douyin.com/video/7644902112232797862
v13878,https://www.douyin.com/note/7629291018421075121
v13879,https://www.douyin.com/note/7648508277399187859
v13880,https://www.douyin.com/note/7649379287792078522
v13881,https://www.douyin.com/video/7642251058319740206
v13882,https://www.douyin.com/video/7622139098531450868
v13883,https://www.douyin.com/video/7642602568073628840
v13884,https://www.douyin.com/video/7638571174141742370
v13885,https://www.douyin.com/video/7646343232732908840
v13886,https://www.douyin.com/video/7579083154162486543
v13887,https://www.douyin.com/video/7646769550964313382
v13888,https://www.douyin.com/video/7638615177541610617
v13889,https://www.douyin.com/video/7646779312519224554
v13890,https://www.douyin.com/video/7647102343388925235
v13891,https://www.douyin.com/video/7642187861705444644
v13892,https://www.douyin.com/video/7642668369237871013
v13893,https://www.douyin.com/video/7649197700844116425
v13894,https://www.douyin.com/video/7647863377137634610
v13895,https://www.douyin.com/note/7649366758347954650
v13896,https://www.douyin.com/note/7630717114151942321
v13897,https://www.douyin.com/note/7648994395325370099
v13898,https://www.douyin.com/video/7522305961151745321
v13899,https://www.douyin.com/video/7649348841221613748
v13900,https://www.douyin.com/note/7632991807533819249
v13901,https://www.douyin.com/video/7638498928324922630
v13902,https://www.douyin.com/video/7637909323750667968
v13903,https://www.douyin.com/video/7649282452560545393
v13904,https://www.douyin.com/video/7625253641314145893
v13905,https://www.douyin.com/video/7633815469380861873
v13906,https://www.douyin.com/video/7635262844984441083
v13907,https://www.douyin.com/video/7637863493723590373
v13908,https://www.douyin.com/video/7634106405549689849
v13909,https://www.douyin.com/video/7641204389969216955
v13910,https://www.douyin.com/video/7645672135584078769
v13911,https://www.douyin.com/video/7641947515269306745
v13912,https://www.douyin.com/video/7648654620122965166
v13913,https://www.douyin.com/note/7648521027811475321
v13914,https://www.douyin.com/video/7648433577704607019
v13915,https://www.douyin.com/note/7649363513752340075
v13916,https://www.douyin.com/note/7649368262232981992
v13917,https://www.douyin.com/video/7649339285061606378
v13918,https://www.douyin.com/video/7584696856312155433
v13919,https://www.douyin.com/video/7627559654335253796
v13920,https://www.douyin.com/note/7628643022473668773
v13921,https://www.douyin.com/video/7649312912003075366
v13922,https://www.douyin.com/video/7621698342586835392
v13923,https://www.douyin.com/video/7648992785584669553
v13924,https://www.douyin.com/note/7649355546021268386
v13925,https://www.douyin.com/video/7647407599263993103
v13926,https://www.douyin.com/video/7603046820037610758
v13927,https://www.douyin.com/video/7649243672350257849
v13928,https://www.douyin.com/video/7593042891719675172
v13929,https://www.douyin.com/video/7649009350010210030
v13930,https://www.douyin.com/note/7648331789630643193
v13931,https://www.douyin.com/video/7649366478705326528
v13932,https://www.douyin.com/note/7649375394386517993
v13933,https://www.douyin.com/video/7649255470003591039
v13934,https://www.douyin.com/video/7649371144025710691
v13935,https://www.douyin.com/video/7647006353524854067
v13936,https://www.douyin.com/video/7645361552916319538
v13937,https://www.douyin.com/video/7647289559805381929
v13938,https://www.douyin.com/video/7649208915826275235
v13939,https://www.douyin.com/video/7641066960591394213
v13940,https://www.douyin.com/video/7640475907022523699
v13941,https://www.douyin.com/video/7646747637743830266
v13942,https://www.douyin.com/note/7648308947308317962
v13943,https://www.douyin.com/video/7645591255438609691
v13944,https://www.douyin.com/video/7642532322708819210
v13945,https://www.douyin.com/video/7645517343472356617
v13946,https://www.douyin.com/video/7647058689068698907
v13947,https://www.douyin.com/note/7649329108329531826
v13948,https://www.douyin.com/video/7643766674004391871
v13949,https://www.douyin.com/video/7647596113940486073
v13950,https://www.douyin.com/video/7644797915579321641
v13951,https://www.douyin.com/note/7649350144206680948
v13952,https://www.douyin.com/video/7641177268564586088
v13953,https://www.douyin.com/video/7634249755891141931
v13954,https://www.douyin.com/video/7581704785699638579
v13955,https://www.douyin.com/video/7632999903794384179
v13956,https://www.douyin.com/video/7648288167691531494
v13957,https://www.douyin.com/video/7647790487788653865
v13958,https://www.douyin.com/video/7647960197318577414
v13959,https://www.douyin.com/video/7625610632989889203
v13960,https://www.douyin.com/note/7649286385694490234
v13961,https://www.douyin.com/note/7646013876903094769
v13962,https://www.douyin.com/video/7648934599216696639
v13963,https://www.douyin.com/video/7639592257611517224
v13964,https://www.douyin.com/video/7631464072966238970
v13965,https://www.douyin.com/video/7648236358934641586
v13966,https://www.douyin.com/video/7649113774561444069
v13967,https://www.douyin.com/video/7631543033435553893
v13968,https://www.douyin.com/video/7638563613544600569
v13969,https://www.douyin.com/video/7647717264942255396
v13970,https://www.douyin.com/video/7647902304649088299
v13971,https://www.douyin.com/note/7649202973105147227
v13972,https://www.douyin.com/video/7649169691814370670
v13973,https://www.douyin.com/note/7648696732494737329
v13974,https://www.douyin.com/video/7646227313945173490
v13975,https://www.douyin.com/note/7649319685087646897
v13976,https://www.douyin.com/note/7648905198009676218
v13977,https://www.douyin.com/note/7648814631498418339
v13978,https://www.douyin.com/video/7644489209511759154
v13979,https://www.douyin.com/video/7648184647959989550
v13980,https://www.douyin.com/note/7648645699086102171
v13981,https://www.douyin.com/video/7649181774627133691
v13982,https://www.douyin.com/video/7649040098516938852
v13983,https://www.douyin.com/video/7649149473062900325
v13984,https://www.douyin.com/video/7649349676483810533
v13985,https://www.douyin.com/video/7649059894721538170
v13986,https://www.douyin.com/video/7649349861796786405
v13987,https://www.douyin.com/video/7649187523683836618
v13988,https://www.douyin.com/video/7649188439916629300
v13989,https://www.douyin.com/video/7646766218829399178
v13990,https://www.douyin.com/video/7648407547254786536
v13991,https://www.douyin.com/video/7649212212780103394
v13992,https://www.douyin.com/video/7648689572252468841
v13993,https://www.douyin.com/video/7649239637323468095
v13994,https://www.douyin.com/video/7649034388768816817
v13995,https://www.douyin.com/video/7648961956606797803
v13996,https://www.douyin.com/video/7647395526703417595
v13997,https://www.douyin.com/video/7649281479972752655
v13998,https://www.douyin.com/video/7649245789377613071
v13999,https://www.douyin.com/video/7649331286451965199
v14000,https://www.douyin.com/video/7648788512476564790
v14001,https://www.douyin.com/video/7649320704995476084
v14002,https://www.douyin.com/video/7648634115071227738
v14003,https://www.douyin.com/video/7649211130200243891
v14004,https://www.douyin.com/video/7649334605837158001
v14005,https://www.douyin.com/video/7649310603734994227
v14006,https://www.douyin.com/video/7648683132031825798
v14007,https://www.douyin.com/video/7649229283018439924
v14008,https://www.douyin.com/video/7649352909607505188
v14009,https://www.douyin.com/video/7649228663589768494
v14010,https://www.douyin.com/video/7647766253437094116
v14011,https://www.douyin.com/video/7648594653516780517
v14012,https://www.douyin.com/video/7646434434187975546
v14013,https://www.douyin.com/note/7649348540113143473
v14014,https://www.douyin.com/video/7649069688382688575
v14015,https://www.douyin.com/note/7648282466679320498
v14016,https://www.douyin.com/video/7649125228118826661
v14017,https://www.douyin.com/video/7642650083741289778
v14018,https://www.douyin.com/video/7649221445881289087
v14019,https://www.douyin.com/note/7649240530555030824
